Fuel Type Code,Station Name,Street Address,Intersection Directions,City,State,ZIP,Plus4,Station Phone,Status Code,Expected Date,Groups With Access Code,Access Days Time,Cards Accepted,BD Blends,NG Fill Type Code,NG PSI,EV Level1 EVSE Num,EV Level2 EVSE Num,EV DC Fast Count,EV Other Info,EV Network,EV Network Web,Geocode Status,Latitude,Longitude,Date Last Confirmed,ID,Updated At,Owner Type Code,Federal Agency ID,Federal Agency Name,Open Date,Hydrogen Status Link,NG Vehicle Class,LPG Primary,E85 Blender Pump,EV Connector Types,Country,Intersection Directions (French),Access Days Time (French),BD Blends (French),Groups With Access Code (French),Hydrogen Is Retail,Access Code,Access Detail Code,Federal Agency Code,Facility Type,CNG Dispenser Num,CNG On-Site Renewable Source,CNG Total Compression Capacity,CNG Storage Capacity,LNG On-Site Renewable Source,E85 Other Ethanol Blends,EV Pricing,EV Pricing (French),LPG Nozzle Types,Hydrogen Pressures,Hydrogen Standards,CNG Fill Type Code,CNG PSI,CNG Vehicle Class,LNG Vehicle Class,EV On-Site Renewable Source,Restricted Access,RD Blends,RD Blends (French),RD Blended with Biodiesel,RD Maximum Biodiesel Level,NPS Unit Name,CNG Station Sells Renewable Natural Gas,LNG Station Sells Renewable Natural Gas,Maximum Vehicle Class,EV Workplace Charging,Funding Sources
ELEC,Hotel Floyd,120 Wilson St,,Floyd,VA,24091,,540-745-6080,E,,Public,8am-10pm daily; guest use only,,,,,,1,,,Non-Networked,,200-9,36.910575,-80.31736,2024-10-11,39514,2025-02-12 00:16:32 UTC,P,,,2011-06-01,,,,,J1772,US,,,,Public,,public,,,HOTEL,,,,,,,Free for guests; $10 for non-guests,,,,,,,,,,true,,,,,,,,LD,false,
ELEC,Passport Nissan - Alexandria,150 S Pickett St,,Alexandria,VA,22304,,703-823-9000,E,,Public - Call ahead,Dealership business hours,,,,,,3,1,,Non-Networked,,200-8,38.80967,-77.12219,2024-02-12,39763,2025-02-12 00:16:32 UTC,P,,,2011-03-15,,,,,CHADEMO J1772 J1772COMBO,US,,,,Public - Appeler à l'avance,,public,CALL,,CAR_DEALER,,,,,,,Free,,,,,,,,,,false,,,,,,,,LD,false,
ELEC,Priority Nissan - Chantilly,14840 Stonecroft Center Ct,,Chantilly,VA,20151,,703-889-3700,E,,Public - Call ahead,Dealership business hours,,,,,,2,1,,Non-Networked,,GPS,38.899803,-77.460327,2026-01-13,39764,2026-02-02 23:16:24 UTC,P,,,2011-03-15,,,,,CHADEMO J1772,US,,,,Public - Appeler à l'avance,,public,CALL,,CAR_DEALER,,,,,,,Free,,,,,,,,,,false,,,,,,,,LD,false,
ELEC,Brown's Fairfax Nissan,11010 Fairfax Blvd,,Fairfax,VA,22030,,703-591-8009,E,,Public - Call ahead,Dealership business hours,,,,,,1,1,,Non-Networked,,200-8,38.85366,-77.32474,2024-02-12,39766,2025-02-12 00:16:32 UTC,P,,,2011-03-15,,,,,CHADEMO J1772 J1772COMBO,US,,,,Public - Appeler à l'avance,,public,CALL,,CAR_DEALER,,,,,,,Free,,,,,,,,,,false,,,,,,,,LD,false,
ELEC,Shell - YESS! Convenience 4U,328 Rives Rd,I-95 exit 47,Petersburg,VA,23805,,804-733-8848,E,,Public,24 hours daily; Drivers must bring their own J1772 cordset for Level 1 charging,,,,,4,,,,Non-Networked,,200-9,37.175139,-77.352948,2025-11-13,39770,2026-02-02 23:16:24 UTC,P,,,2011-04-15,,,,,NEMA520,US,,,,Public,,public,,,GAS_STATION,,,,,,,Free,,,,,,,,,,false,,,,,,,,LD,false,
ELEC,First Team Nissan,6520 Peters Creek Rd,,Roanoke,VA,24019,,540-362-4800,E,,Public - Call ahead,Dealership business hours,,,,,,1,1,,Non-Networked,,GPS,37.34568,-79.962121,2026-01-13,39772,2026-02-02 23:16:24 UTC,P,,,2011-03-15,,,,,CHADEMO J1772,US,,,,Public - Appeler à l'avance,,public,CALL,,CAR_DEALER,,,,,,,Free,,,,,,,,,,false,,,,,,,,LD,false,
ELEC,Brown's Dulles Nissan,45155 Towlern Pl,,Sterling,VA,20166,,703-948-1100,E,,Public - Call ahead,Dealership business hours,,,,,,1,1,,Non-Networked,,GPS,39.010683,-77.438602,2026-01-13,39773,2026-02-02 23:16:24 UTC,P,,,2011-03-15,,,,,CHADEMO J1772 J1772COMBO,US,,,,Public - Appeler à l'avance,,public,CALL,,CAR_DEALER,,,,,,,Free,,,,,,,,,,false,,,,,,,,LD,false,
ELEC,Tri-State Nissan,1230 Millwood Pike,,Winchester,VA,22602,,,E,,Public - Call ahead,Dealership business hours; contact 540-667-6800 for more information,,,,,,3,1,,Non-Networked,,GPS,39.156528,-78.147362,2026-01-13,39775,2026-02-02 23:16:24 UTC,P,,,2011-03-15,,,,,CHADEMO J1772 J1772COMBO,US,,,,Public - Appeler à l'avance,,public,CALL,,CAR_DEALER,,,,,,,Free,,,,,,,,,,false,,,,,,,,LD,false,
ELEC,James River Air Conditioning,1905 Westmoreland St,At Broad St,Richmond,VA,23230,,804-358-9333,E,,Public,24 hours daily,,,,,,1,,,Non-Networked,,GPS,37.578536,-77.48754,2024-10-11,40255,2025-02-12 00:16:32 UTC,P,,,2011-06-20,,,,,J1772,US,,,,Public,,public,,,OFFICE_BLDG,,,,,,,Free,,,,,,,,,,false,,,,,,,,LD,false,
ELEC,Richmond Ford Lincoln,4600 W Broad St,,Richmond,VA,23230,,804-358-5521,E,,Public - Call ahead,Dealership business hours,,,,,,3,,,Non-Networked,,200-9,37.578775,-77.489409,2025-11-13,40701,2026-02-02 23:16:24 UTC,P,,,2011-08-15,,,,,J1772,US,,,,Public - Appeler à l'avance,,public,CALL,,CAR_DEALER,,,,,,,Free,,,,,,,,,,false,,,,,,,,LD,false,
ELEC,Randolph-Macon College - Andrews Hall,420 Henry St,Near intersection of Smith Street,Ashland,VA,23005,,804-752-7244,E,,Public,24 hours daily,,,,,,1,,,Non-Networked,,200-8,37.764986,-77.476715,2025-11-13,41108,2026-02-02 23:16:24 UTC,P,,,2011-09-15,,,,,J1772,US,,,,Public,,public,,,COLLEGE_CAMPUS,,,,,,,Free,,,,,,,,,,false,,,,,,,,LD,false,
ELEC,Harrisonburg Electric Commission,89 W Bruce St,"Behind the HEC building, off S Liberty St",Harrisonburg,VA,22801,,540-434-5361,E,,Public,24 hours daily,,,,,,3,,,Non-Networked,,GPS,38.447533,-78.870744,2024-10-11,41395,2025-02-12 00:16:32 UTC,T,,,2011-10-03,,,,,J1772,US,,,,Public,,public,,,UTILITY,,,,,,,Free,,,,,,,,,,false,,,,,,,,LD,false,
ELEC,Shirlie Slack Mitsubishi,3475 Jefferson Davis Hwy,,Fredericksburg,VA,22408,,,E,,Public - Call ahead,Dealership business hours,,,,,,1,,,Non-Networked,,200-9,38.271867,-77.493368,2025-11-13,45798,2026-02-02 23:16:24 UTC,P,,,2012-03-15,,,,,J1772,US,,,,Public - Appeler à l'avance,,public,CALL,,CAR_DEALER,,,,,,,,,,,,,,,,,false,,,,,,,,LD,false,
ELEC,Hall Nissan,3417 Western Branch Blvd,,Chesapeake,VA,23321,,757-673-8000,E,,Public - Call ahead,Dealership business hours,,,,,,3,1,,Non-Networked,,200-8,36.86525,-76.41779,2024-02-12,47547,2025-02-12 00:16:32 UTC,P,,,2012-01-31,,,,,CHADEMO J1772 J1772COMBO,US,,,,Public - Appeler à l'avance,,public,CALL,,CAR_DEALER,,,,,,,Free,,,,,,,,,,false,,,,,,,,LD,false,
ELEC,Loyalty Nissan,16301 Priority Way,,Chester,VA,23831,,804-414-1700,E,,Public - Call ahead,Dealership business hours,,,,,,5,1,,Non-Networked,,GPS,37.304917,-77.392372,2024-02-12,47551,2025-02-12 00:16:32 UTC,P,,,2012-01-31,,,,,CHADEMO J1772,US,,,,Public - Appeler à l'avance,,public,CALL,,CAR_DEALER,,,,,,,Free,,,,,,,,,,false,,,,,,,,,false,
ELEC,Lynchburg Nissan,18588 Forest Rd,,Forest,VA,24551,,434-385-7733,E,,Public,Dealership business hours,,,,,,,1,,IN_CHARGE,https://inchargeus.com,GPS,37.386059,-79.243614,2026-01-13,47555,2026-02-02 23:16:24 UTC,P,,,2012-06-05,,,,,CHADEMO J1772COMBO,US,,,,Public,,public,,,CAR_DEALER,,,,,,,Free,,,,,,,,,,true,,,,,,,,LD,false,
ELEC,Hart Nissan,6564 Mechanicsville Pike,,Mechanicsville,VA,23111,,,E,,Public,24 hours daily,,,,,,2,,,Blink Network,https://blinkcharging.com,GPS,37.61328,-77.335851,2026-01-13,47561,2026-02-02 23:16:24 UTC,P,,,2017-02-21,,,,,J1772,US,,,,Public,,public,,,CAR_DEALER,,,,,,,Free,,,,,,,,,,true,,,,,,,,LD,false,
ELEC,Priority Nissan - Newport News,12925 Jefferson Ave,,Newport News,VA,23608,,757-369-6600,E,,Public - Call ahead,Dealership business hours,,,,,,1,,,Non-Networked,,200-9,37.151806,-76.531052,2024-02-12,47563,2025-02-12 00:16:32 UTC,P,,,2012-01-31,,,,,J1772,US,,,,Public - Appeler à l'avance,,public,CALL,,CAR_DEALER,,,,,,,Free,,,,,,,,,,false,,,,,,,,,false,
ELEC,Nissan of Richmond,11401 W Broad St,,Richmond,VA,23233,,804-346-4200,E,,Public - Call ahead,Dealership business hours,,,,,,1,1,,Non-Networked,,GPS,37.650319,-77.609022,2024-02-12,47567,2025-02-12 00:16:32 UTC,P,,,2012-01-31,,,,,CHADEMO J1772,US,,,,Public - Appeler à l'avance,,public,CALL,,CAR_DEALER,,,,,,,Free,,,,,,,,,,false,,,,,,,,LD,false,
ELEC,Gunter Nissan,4760 Greensboro Rd,,Ridgeway,VA,24148,,276-956-1212,E,,Public,Dealership business hours,,,,,,1,,,Non-Networked,,GPS,36.629646,-79.860467,2026-01-13,47569,2026-02-02 23:16:24 UTC,P,,,2012-06-05,,,,,J1772,US,,,,Public,,public,,,CAR_DEALER,,,,,,,,,,,,,,,,,true,,,,,,,,LD,false,
ELEC,Hall Nissan - Virginia Beach,3757 Booney Rd,,Virginia Beach,VA,23452,,757-631-7600,E,,Public - Call ahead,Dealership business hours,,,,,,2,1,,Non-Networked,,GPS,36.839066,-76.102783,2026-01-13,47577,2026-02-02 23:16:24 UTC,P,,,2012-01-31,,,,,CHADEMO J1772 J1772COMBO,US,,,,Public - Appeler à l'avance,,public,CALL,,CAR_DEALER,,,,,,,Free,,,,,,,,,,false,,,,,,,,LD,false,
ELEC,Cowles Nissan,14777 Jefferson Davis Hwy,,Woodbridge,VA,22191,,888-556-8318,E,,Public - Call ahead,Dealership business hours; contact 703-497-3000 for more information,,,,,,3,1,,Non-Networked,,GPS,38.629561191,-77.274272662,2026-01-13,47579,2026-02-02 23:16:24 UTC,P,,,2012-01-31,,,,,CHADEMO J1772,US,,,,Public - Appeler à l'avance,,public,CALL,,CAR_DEALER,,,,,,,Free,,,,,,,,,,false,,,,,,,,LD,false,
ELEC,Blue Ridge Nissan,1405 E Main St,,Wytheville,VA,24382,,888-517-6754,E,,Public,Dealership business hours,,,,,,1,,,Non-Networked,,GPS,36.95076,-81.06755,2026-01-13,47869,2026-02-02 23:16:24 UTC,P,,,2012-06-05,,,,,J1772,US,,,,Public,,public,,,CAR_DEALER,,,,,,,,,,,,,,,,,true,,,,,,,,LD,false,
ELEC,GEORGE MASON U SHENANDOAH 2,4400 University Dr,1st level-adjacent to stairwell and elevator Shenandoah deck - Furthest to the Left,Fairfax,VA,22030,,888-758-4389,E,,Public,24 hours daily,,,,,,2,,,ChargePoint Network,https://www.chargepoint.com,GPS,38.829218,-77.304585,2026-06-09,49751,2026-06-09 01:28:34 UTC,,,,2015-10-02,,,,,J1772,US,,,,Public,,public,,,,,,,,,,,,,,,,,,,,false,,,,,,,,,false,
ELEC,Magic City Ford Lincoln Isuzu,809 Williamson Rd NE,,Roanoke,VA,24016,,540-345-0911,E,,Public - Call ahead,Dealership business hours,,,,,,2,,,Non-Networked,,200-9,37.280149,-79.933227,2025-11-13,51902,2026-02-02 23:16:24 UTC,P,,,2013-04-01,,,,,J1772,US,,,,Public - Appeler à l'avance,,public,CALL,,CAR_DEALER,,,,,,,Free,,,,,,,,,,false,,,,,,,,LD,false,
ELEC,Ashland Town Hall,210 S Railroad Ave,,Ashland,VA,23005,,804-798-9219,E,,Public,24 hours daily,,,,,,1,,,Non-Networked,,GPS,37.758078,-77.48209,2024-09-12,52262,2025-02-12 00:16:32 UTC,LG,,,2013-04-01,,,,,J1772,US,,,,Public,,public,,,MUNI_GOV,,,,,,,Free,,,,,,,,,,false,,,,,,,,LD,false,
ELEC,University of Virginia - Central Grounds Garage,400 Emmet St S,Located in the Central Grounds Garage,Charlottesville,VA,22903,,434-924-7231,E,,Public,Garage business hours; maximum session time of four hours,,,,,,1,1,,Non-Networked,,200-9,38.036315,-78.506591,2024-10-11,52553,2025-02-12 00:16:32 UTC,P,,,2013-04-26,,,,,J1772 J1772COMBO,US,,,,Public,,public,,,COLLEGE_CAMPUS,,,,,,,$2 per hour parking fee,,,,,,,,,,false,,,,,,,,LD,false,
ELEC,Berglund Ford Mazda,834 E Main St,,Salem,VA,24153,,888-355-8571,E,,Public - Call ahead,24 hours daily,,,,,,2,,,Non-Networked,,200-9,37.294549,-80.045203,2025-11-13,53057,2026-02-02 23:16:24 UTC,P,,,2013-01-01,,,,,J1772,US,,,,Public - Appeler à l'avance,,public,CALL,,CAR_DEALER,,,,,,,Free,,,,,,,,,,false,,,,,,,,LD,false,
ELEC,Martin Horn,210 Carlton Rd,,Charlottesville,VA,22902,,434-293-6171,E,,Public - Call ahead,24 hours daily,,,,,,2,,,Non-Networked,,200-9,38.022977,-78.468836,2025-12-12,53699,2026-02-02 23:16:24 UTC,P,,,2013-11-25,,,,,J1772 TESLA,US,,,,Public - Appeler à l'avance,,public,CALL,,OFFICE_BLDG,,,,,,,Free,,,,,,,,,,false,,,,,,,,MD,false,
ELEC,Sheehy Ford Lincoln,10601 Midlothian Turnpike,,Midlothian,VA,23235,,804-794-0500,E,,Public - Call ahead,Dealership business hours; for customer use only,Wright_Exp,,,,,1,,,Non-Networked,,GPS,37.506999,-77.592621,2025-11-13,53954,2026-02-02 23:16:24 UTC,P,,,2013-09-01,,,,,J1772,US,,,,Public - Appeler à l'avance,,public,CALL,,CAR_DEALER,,,,,,,Free,,,,,,,,,,true,,,,,,,,MD,false,
ELEC,Casey Chevrolet,11700 Jefferson Ave,,Newport News,VA,23606,,757-750-1085,E,,Public - Call ahead,Dealership business hours,,,,,,2,,,Non-Networked,,200-9,37.075503,-76.474858,2025-11-13,53955,2026-02-02 23:16:24 UTC,P,,,2013-10-01,,,,,J1772,US,,,,Public - Appeler à l'avance,,public,CALL,,CAR_DEALER,,,,,,,Free,,,,,,,,,,false,,,,,,,,LD,false,
ELEC,Hall Ford Lincoln,12896 Jefferson Ave,,Newport News,VA,23608,,757-989-5700,E,,Public - Call ahead,Dealership business hours; see sales office for access,,,,,,2,,,Non-Networked,,200-9,37.148296,-76.525986,2025-11-13,53956,2026-02-02 23:16:24 UTC,P,,,2013-10-01,,,,,J1772,US,,,,Public - Appeler à l'avance,,public,CALL,,CAR_DEALER,,,,,,,Free,,,,,,,,,,false,,,,,,,,LD,false,
ELEC,Rick Hendrick Chevrolet Buick GMC,12050 W Broad St,,Richmond,VA,23233,,804-364-4500,E,,Public - Call ahead,24 hours daily,,,,,,1,,,Non-Networked,,GPS,37.658874,-77.630953,2025-11-13,53958,2026-02-02 23:16:24 UTC,P,,,2017-02-01,,,,,J1772,US,,,,Public - Appeler à l'avance,,public,CALL,,CAR_DEALER,,,,,,,Free,,,,,,,,,,false,,,,,,,,LD,false,
ELEC,Omni - Richmond Hotel,100 S 12th St,,Richmond,VA,23219,,804-344-7000,E,,Public,24 hours daily; for guest use only; see valet for access,,,,,,1,,,Non-Networked,,200-9,37.535744,-77.435268,2025-10-13,53959,2026-02-02 23:16:24 UTC,P,,,2013-09-01,,,,,TESLA,US,,,,Public,,public,,,HOTEL,,,,,,,Free,,,,,,,,,,true,,,,,,,,LD,false,
ELEC,Whole Foods Market,1800 Laskin Rd,,Virginia Beach,VA,23454,,757-422-0444,E,,Public,8am-9pm daily,,,,,,2,,,Non-Networked,,200-9,36.850535,-76.027886,2025-11-13,53963,2026-02-02 23:16:24 UTC,P,,,2013-08-01,,,,,J1772,US,,,,Public,,public,,,GROCERY,,,,,,,Free,,,,,,,,,,false,,,,,,,,MD,false,
ELEC,Sheehy Ford,11450 Washington Hwy,"one at the front side of building, one on southside of building",Ashland,VA,23005,,804-410-0643,E,,Public - Call ahead,For dealership use only,,,,,,2,,,Non-Networked,,200-9,37.72489,-77.469528,2025-11-13,53998,2026-02-02 23:16:24 UTC,P,,,2013-09-01,,,,,J1772,US,,,,Public - Appeler à l'avance,,public,CALL,,CAR_DEALER,,,,,,,Free,,,,,,,,,,true,,,,,,,,MD,false,
ELEC,Campus Auto,1208 N Main St,,Blacksburg,VA,24060,,540-951-7398,E,,Public,24 hours daily,,,,,,2,,,Non-Networked,,200-9,37.242212,-80.417151,2024-12-10,53999,2025-02-12 00:16:32 UTC,P,,,2014-01-15,,,,,J1772,US,,,,Public,,public,,,CAR_DEALER,,,,,,,Free,,,,,,,,,,false,,,,,,,,LD,false,
ELEC,Duncan Ford Lincoln,125 Jennelle Rd,,Blacksburg,VA,24060,,540-552-4331,E,,Public - Call ahead,Dealership business hours; For Ford vehicle use only,,,,,,2,,,Non-Networked,,GPS,37.179806,-80.411408,2025-11-13,54001,2026-02-02 23:16:24 UTC,P,,,2013-09-01,,,,,J1772,US,,,,Public - Appeler à l'avance,,public,CALL,,CAR_DEALER,,,,,,,Free,,,,,,,,,,true,,,,,,,,MD,false,
ELEC,Inn at Virginia Tech,901 Prices Fork Rd,,Blacksburg,VA,24060,,833-372-9316,E,,Public,24 hours daily; for guest use only,,,,,,2,,,Non-Networked,,GPS,37.22983,-80.429844,2025-11-13,54002,2026-02-02 23:16:24 UTC,P,,,2013-11-02,,,,,J1772,US,,,,Public,,public,,,HOTEL,,,,,,,Free,,,,,,,,,,true,,,,,,,,LD,false,
ELEC,Village Center,2387 Warm Hearth Dr,,Blacksburg,VA,24060,,540-443-3800,E,,Public,24 hours daily; pay lot,,,,,,1,,,Non-Networked,,200-9,37.197398,-80.419887,2024-11-06,54005,2025-02-12 00:16:32 UTC,P,,,2013-06-01,,,,,J1772,US,,,,Public,,public,,,PARKING_LOT,,,,,,,$1 per hour,,,,,,,,,,false,,,,,,,,LD,false,
ELEC,Cavalier Ford at Chesapeake Square,4021 Portsmouth Blvd,Located at the sales department,Chesapeake,VA,23321,,757-488-8311,E,,Public - Call ahead,Dealership business hours,,,,,,2,,,Non-Networked,,200-9,36.823418,-76.406357,2024-12-10,54007,2025-02-12 00:16:32 UTC,P,,,2014-01-15,,,,,J1772,US,,,,Public - Appeler à l'avance,,public,CALL,,CAR_DEALER,,,,,,,Free,,,,,,,,,,false,,,,,,,,LD,false,
ELEC,CMA's Colonial Chevrolet,12420 Jefferson Davis Hwy,Located by the parts and service department,Chester,VA,23831,,804-415-4832,E,,Public - Call ahead,24 hours daily,,,,,,3,1,,Non-Networked,,200-9,37.355577,-77.414228,2025-11-13,54008,2026-02-02 23:16:24 UTC,P,,,2013-10-01,,,,,J1772 J1772COMBO,US,,,,Public - Appeler à l'avance,,public,CALL,,CAR_DEALER,,,,,,,Free,,,,,,,,,,false,,,,,,,,LD,false,
ELEC,Hampton Chevrolet,1073 W Mercury Blvd,,Hampton,VA,23666,,757-838-5450,E,,Public - Call ahead,Dealership business hours,,,,,,3,,,Non-Networked,,200-9,37.041065,-76.384783,2025-11-13,54012,2026-02-02 23:16:24 UTC,P,,,2013-06-01,,,,,J1772,US,,,,Public - Appeler à l'avance,,public,CALL,,CAR_DEALER,,,,,,,Free,,,,,,,,,,false,,,,,,,,MD,false,
ELEC,Williamsburg KOA,4000 Newman Rd,,Williamsburg,VA,23188,,757-565-2907,E,,Public,9am-8pm daily; Drivers must bring their own J1772 cordset for Level 1 charging,,,,,5,,,,Non-Networked,,200-9,37.362569,-76.710786,2024-10-11,60877,2025-12-03 17:22:55 UTC,P,,,2014-12-15,,,,,NEMA520,US,,,,Public,,public,,,CAMPGROUND,,,,,,,"$8 per session, Free if camping",,,,,,,,,,false,,,,,,,,MD,false,
ELEC,Wytheville KOA,231 KOA Rd,,Wytheville,VA,24382,,276-228-2601,E,,Public - Call ahead,9am-5pm daily; Drivers must bring their own J1772 cordset for Level 1 charging,,,,,2,6,,,Non-Networked,,200-8,36.933124,-81.004196,2024-06-13,60891,2026-02-02 23:16:24 UTC,P,,,2012-08-28,,,,,J1772 NEMA520,US,,,,Public - Appeler à l'avance,,public,CALL,,CAMPGROUND,,,,,,,Level 2 chargers included in RV space rental price; Level 1 chargers $20 per session,,,,,,,,,,false,,,,,,,,LD,false,
ELEC,POA STATION 3,8421 Broad St,Parking garage level P5,McLean,VA,22102,,888-758-4389,E,,Public,24 hours daily,,,,,,2,,,ChargePoint Network,https://www.chargepoint.com,GPS,38.927627,-77.23808,2026-06-09,62246,2026-06-09 01:41:32 UTC,,,,2014-06-25,,,,,J1772,US,,,,Public,,public,,,,,,,,,,,,,,,,,,,,false,,,,,,,,,false,
ELEC,TYSON TOWER TYSONS TOWER 4,7900 Tysons One Pl,,Tysons Corner,VA,22102,,888-758-4389,E,,Public,24 hours daily,,,,,,1,,,ChargePoint Network,https://www.chargepoint.com,GPS,38.91956,-77.221022,2026-06-09,62503,2026-06-09 01:06:34 UTC,,,,2014-07-17,,,,,J1772,US,,,,Public,,public,,,,,,,,,,,,,,,,,,,,false,,,,,,,,,false,
ELEC,Scope Arena Parking,201 E Brambleton Ave,,Norfolk,VA,23510,,757-441-2056,E,,Public,24 hours daily; pay lot,,,,,,,1,,Non-Networked,,GPS,36.852443,-76.285958,2024-11-06,63350,2025-02-12 00:16:32 UTC,P,,,2015-02-04,,,,,CHADEMO J1772COMBO,US,,,,Public,,public,,,ARENA,,,,,,,Free,,,,,,,,,,false,,,,,,,,LD,false,
ELEC,Holiday Trav-L-Park,1075 General Booth Blvd,,Virginia Beach,VA,23451,,757-425-0249,E,,Public - Call ahead,24 hours daily; Drivers must bring their own J1772 cordset for Level 1 charging,,,,,1,,,,Non-Networked,,200-9,36.804863,-75.997863,2025-12-12,63374,2026-02-02 23:16:24 UTC,P,,,2014-08-01,,,,,NEMA1450,US,,,,Public - Appeler à l'avance,,public,CALL,,CAMPGROUND,,,,,,,Free,,,,,,,,,,false,,,,,,,,LD,false,
ELEC,Oakhurst Inn,100 Oakhurst Cir,,Charlottesville,VA,22903,,434-872-0100,E,,Public,24 hours daily; guest use only; see front desk for access,,,,,,1,,,Non-Networked,,200-9,38.031941,-78.506798,2022-02-10,64393,2026-02-01 19:22:58 UTC,P,,,2014-11-25,,,,,J1772,US,,,,Public,,public,,,HOTEL,,,,,,,,,,,,,,,,,true,,,,,,,,LD,false,
ELEC,City of Roanoke,102 Market St SE,Take exit 5 off of I-581 toward downtown Roanoke. After going over the railroad turn right onto Norfolk Ave SE then turn left onto Market St. The charging station is on the right at the end of the street.,Roanoke,VA,24011,,540-343-0585,E,,Public,24 hours daily; pay lot,,,,,,,1,,Non-Networked,,200-9,37.272567,-79.938925,2025-12-12,64394,2026-02-02 23:16:24 UTC,LG,,,2014-11-01,,,,,CHADEMO,US,,,,Public,,public,,,STREET_PARKING,,,,,,,$3 per session,,,,,,,,,,false,,,,,,,,LD,false,
ELEC,LIBBIE MILL A2,4901 Libbie Mill E Blvd.,,Richmond,VA,23230,,888-758-4389,E,,Public,24 hours daily,,,,,,2,,,ChargePoint Network,https://www.chargepoint.com,GPS,37.590103,-77.494079,2026-06-09,64948,2026-06-09 01:08:45 UTC,,,,2014-12-24,,,,,J1772,US,,,,Public,,public,,,,,,,,,,,,,,,,,,,,false,,,,,,,,,false,
ELEC,New Kent Pit Stop,6201 Chesapeake Cir,,New Kent,VA,23124,,804-966-8600,E,,Public,24 hours daily,,,,,,,1,,Non-Networked,,GPS,37.490299,-77.027031,2024-02-12,65701,2025-02-12 00:16:32 UTC,P,,,2020-01-30,,,,,CHADEMO J1772COMBO,US,,,,Public,,public,,,TRAVEL_CENTER,,,,,,,Free,,,,,,,,,,false,,,,,,,,LD,false,
ELEC,Pearmund Cellars,6190 Georgetown Rd,,Broad Run,VA,20137,,540-347-3475,E,,Public,10am-6pm daily; for guest use only,,,,,,1,,,Non-Networked,,200-9,38.784327,-77.739199,2024-10-11,66424,2025-02-12 00:16:32 UTC,P,,,2015-03-18,,,,,J1772,US,,,,Public,,public,,,BREWERY_DISTILLERY_WINERY,,,,,,,Free,,,,,,,,,,true,,,,,,,,LD,false,
ELEC,Virginia Clean Cities - James Madison University,1401 Technology Dr,,Harrisonburg,VA,22802,,540-568-8896,E,,Public,24 hours daily,,,,,,4,,,Non-Networked,,GPS,38.465788,-78.852888,2024-11-06,66561,2025-02-12 00:16:32 UTC,P,,,2015-03-30,,,,,J1772,US,,,,Public,,public,,,COLLEGE_CAMPUS,,,,,,,Free,,,,,,,,,,false,,,,,,,,LD,false,
ELEC,JBG SMITH COMMERCE PARK B,11440 Commerce Park Dr,The station is located on the first floor of a parking garage. There is a fee to park.,Reston,VA,20191,,888-758-4389,E,,Public,24 hours daily,,,,,,2,,,ChargePoint Network,https://www.chargepoint.com,GPS,38.946836,-77.340746,2026-06-09,66647,2026-06-09 01:11:37 UTC,,,,2015-04-09,,,,,J1772,US,,,,Public,,public,,,,,,,,,,,,,,,,,,,,false,,,,,,,,,false,
ELEC,Prince George - Parking Garage,230 N Henry St,Prince George St and N Henry St,Williamsburg,VA,23185,,757-259-3797,E,,Public,6am-12am daily; pay lot,,,,,,2,,,Non-Networked,,GPS,37.272891,-76.70634,2023-01-10,67359,2025-11-14 14:12:19 UTC,LG,,,2015-06-01,,,,,J1772,US,,,,Public,,public,,,PAY_GARAGE,,,,,,,,,,,,,,,,,false,,,,,,,,LD,false,
ELEC,JBG SMITH COMMERCE PARK A,11400 Commerce Park Dr,The station is located on the first floor of a parking garage. There is a fee to park.,Reston,VA,20191,,888-758-4389,E,,Public,24 hours daily,,,,,,2,,,ChargePoint Network,https://www.chargepoint.com,GPS,38.946494,-77.340682,2026-06-09,67907,2026-06-09 01:12:05 UTC,,,,2015-06-18,,,,,J1772,US,,,,Public,,public,,,,,,,,,,,,,,,,,,,,false,,,,,,,,,false,
ELEC,2001 BOULEVARD EV STATION 01,2000 Wilson Blvd,Public Level EV Charging Space. Parking Fees Apply,Arlington,VA,22201,,888-758-4389,E,,Public,24 hours daily,,,,,,2,,,ChargePoint Network,https://www.chargepoint.com,GPS,38.891871,-77.08202,2026-06-09,70551,2026-06-09 01:07:25 UTC,,,,2015-10-02,,,,,J1772,US,,,,Public,,public,,,,,,,,,,,,,,,,,,,,false,,,,,,,,,false,
ELEC,Whole Foods Market,12080 Jefferson Ave,,Newport News,VA,23606,,757-947-2460,E,,Public,24 hours daily,,,,,,2,,,Non-Networked,,200-9,37.102615,-76.489655,2025-11-13,73517,2026-02-02 23:16:24 UTC,P,,,2016-02-01,,,,,J1772,US,,,,Public,,public,,,GROCERY,,,,,,,Free,,,,,,,,,,false,,,,,,,,MD,false,
ELEC,LYNCHBURG BMW BMW LEV 2 DUAL,2639 Lakeside Dr,,Lynchburg,VA,24501,,888-758-4389,E,,Public,24 hours daily,,,,,,2,,,ChargePoint Network,https://www.chargepoint.com,GPS,37.394347,-79.231076,2026-06-09,74311,2026-06-09 01:08:17 UTC,,,,2016-03-23,,,,,J1772,US,,,,Public,,public,,,,,,,,,,,,,,,,,,,,false,,,,,,,,,false,
ELEC,Brown Harris Wealth Management,309 N Main St,,Culpeper,VA,22701,,540-825-1588,E,,Public,24 hours daily,,,,,,2,,,Non-Networked,,200-9,38.475325,-77.995127,2025-12-12,75314,2026-02-02 23:16:24 UTC,P,,,2016-04-01,,,,,J1772,US,,,,Public,,public,,,OFFICE_BLDG,,,,,,,Free,,,,,,,,,,false,,,,,,,,MD,false,
ELEC,Whole Foods Market,11660 Plaza America Dr,,Reston,VA,20190,,703-736-0600,E,,Public,24 hours daily,,,,,,3,,,Non-Networked,,200-9,38.951729,-77.349388,2023-11-09,75605,2025-10-31 15:51:39 UTC,P,,,2016-05-01,,,,,J1772,US,,,,Public,,public,,,GROCERY,,,,,,,Free,,,,,,,,,,false,,,,,,,,MD,false,
ELEC,Malloy Toyota Scion,400 Weems Ln,,Winchester,VA,22601,,540-678-1791,E,,Public,Dealership business hours,,,,,,1,,,Non-Networked,,200-9,39.162417,-78.182466,2025-11-13,75619,2026-02-02 23:16:24 UTC,P,,,2016-05-01,,,,,J1772,US,,,,Public,,public,,,CAR_DEALER,,,,,,,Free,,,,,,,,,,false,,,,,,,,LD,false,
ELEC,Jack Evans Chevrolet,125 S Royal Ave,,Front Royal,VA,22630,,540-551-4713,E,,Public,24 hours daily,,,,,,2,,,Non-Networked,,200-9,38.916118,-78.193932,2025-05-12,75623,2026-02-02 23:16:24 UTC,P,,,2016-05-01,,,,,J1772,US,,,,Public,,public,,,CAR_DEALER,,,,,,,Free,,,,,,,,,,false,,,,,,,,LD,false,
ELEC,Tiger Solar,331 N Lewis St,Front of Tiger Solar building parking lot under the solar awning,Staunton,VA,24401,,540-885-0493,E,,Public - Call ahead,7:30am-5:30pm daily,,,,,,1,,,Non-Networked,,200-9,38.155451,-79.074392,2023-12-13,76913,2025-11-13 16:12:52 UTC,P,,,2016-07-13,,,,,J1772,US,,,,Public - Appeler à l'avance,,public,CALL,,OFFICE_BLDG,,,,,,,Free,,,,,,,,,SOLAR,false,,,,,,,,LD,true,
ELEC,LIBBIE MILL B2,4900 Libbie Mill E Blvd.,Located in the southwest corner of the parking lot north of Tanner Row (4900 Libbie Mill East Blvd).,Richmond,VA,23230,,888-758-4389,E,,Public,24 hours daily,,,,,,2,,,ChargePoint Network,https://www.chargepoint.com,GPS,37.591687,-77.494243,2026-06-09,77064,2026-06-09 01:17:31 UTC,,,,2016-07-21,,,,,J1772,US,,,,Public,,public,,,,,,,,,,,,,,,,,,,,false,,,,,,,,,false,
ELEC,333JOHNCARLYLE 33 JC 1,333 John Carlyle St.,Straight ahead from the entrance,Alexandria,VA,22314,,888-758-4389,E,,Public,24 hours daily,,,,,,2,,,ChargePoint Network,https://www.chargepoint.com,GPS,38.804192,-77.062384,2026-06-09,77146,2026-06-09 01:18:32 UTC,,,,2016-07-27,,,,,J1772,US,,,,Public,,public,,,,,,,,,,,,,,,,,,,,false,,,,,,,,,false,
ELEC,TYCON COURTHOUS MIDDLE,2070 Chain Bridge Rd,,Vienna,VA,22182,,888-758-4389,E,,Public,24 hours daily,,,,,,2,,,ChargePoint Network,https://www.chargepoint.com,GPS,38.917713,-77.237444,2026-06-09,77362,2026-06-09 01:18:40 UTC,,,,2016-08-06,,,,,J1772,US,,,,Public,,public,,,,,,,,,,,,,,,,,,,,false,,,,,,,,,false,
ELEC,Shenandoah National Park - Big Meadows,Skyline Dr Milepost 51,,Stanley,VA,22851,,,E,,Public,24 hours daily,,,,,,1,,,Non-Networked,,GPS,38.518021,-78.436611,2026-01-13,77877,2026-02-02 23:16:24 UTC,FG,16,Department of the Interior,2016-08-15,,,,,J1772,US,,,,Public,,public,,DOI,NATL_PARK,,,,,,,,,,,,,,,,,false,,,,,Shenandoah National Park,,,LD,true,
ELEC,Southside Regional Medical Center,200 Medical Park Blvd,,Petersburg,VA,23805,,804-765-5000,E,,Public,"24 hours daily; for patient, visitor, and employee use only",,,,,,2,,,Non-Networked,,200-9,37.183654,-77.361466,2025-12-12,79717,2026-02-02 23:16:24 UTC,P,,,2019-02-01,,,,,J1772,US,,,,Public,,public,,,HOSPITAL,,,,,,,Free,,,,,,,,,,true,,,,,,,,LD,true,
ELEC,INSTRATA GARAGE INSTRATA GARAGE,901 15th St S,Charging station is located at parking spaces 187 and 188.,Arlington,VA,22202,,888-758-4389,E,,Public,24 hours daily,,,,,,2,,,ChargePoint Network,https://www.chargepoint.com,GPS,38.861084,-77.061712,2026-06-09,79746,2026-06-09 01:21:01 UTC,,,,2016-11-16,,,,,J1772,US,,,,Public,,public,,,,,,,,,,,,,,,,,,,,false,,,,,,,,,false,
ELEC,Priority Nissan,6390 Richmond Rd,,Williamsburg,VA,23188,,757-234-8800,E,,Public,Dealership business hours,,,,,,2,,,Non-Networked,,GPS,37.339739,-76.75286,2026-01-13,79838,2026-02-02 23:16:24 UTC,P,,,2016-01-12,,,,,J1772,US,,,,Public,,public,,,CAR_DEALER,,,,,,,,,,,,,,,,,true,,,,,,,,LD,false,
ELEC,Virginia Tech - Corporate Research Center,1691 Innovation Dr,,Blacksburg,VA,24060,,540-961-3600,E,,Public,24 hours daily,,,,,,2,,,Non-Networked,,200-8,37.20805,-80.41894,2025-12-12,79839,2026-02-02 23:16:24 UTC,P,,,2016-06-01,,,,,J1772,US,,,,Public,,public,,,RESEARCH_FACILITY,,,,,,,Free,,,,,,,,,,false,,,,,,,,LD,false,
ELEC,Richmond Ford West,10751 W Broad St,,Glen Allen,VA,23060,,,E,,Public,24 hours daily; Ford customers and service department use only,,,,,,2,,,Non-Networked,,GPS,37.646041,-77.580852,2025-05-12,79855,2026-02-02 23:16:24 UTC,P,,,2016-07-01,,,,,J1772,US,,,,Public,,public,,,CAR_DEALER,,,,,,,,,,,,,,,,,false,,,,,,,,LD,false,
ELEC,Richmond Electricians' Joint Apprenticeship and Training Center,11255 Air Park Rd,,Ashland,VA,23005,,804-752-8266,E,,Public,24 hours daily,,,,,,2,,,Non-Networked,,GPS,37.708642,-77.444334,2023-10-12,79858,2025-12-11 19:24:54 UTC,P,,,2014-12-01,,,,,J1772,US,,,,Public,,public,,,OFFICE_BLDG,,,,,,,Free,,,,,,,,,,false,,,,,,,,MD,false,
ELEC,Eastern Mennonite University,1307 Park Rd,,Harrisonburg,VA,22802,,540-432-4396,E,,Public,24 hours daily,,,,,,4,,,Non-Networked,,GPS,38.472406,-78.878672,2024-11-06,79862,2025-06-11 18:16:19 UTC,P,,,2016-07-01,,,,,J1772,US,,,,Public,,public,,,COLLEGE_CAMPUS,,,,,,,Free,,,,,,,,,,false,,,,,,,,LD,false,
ELEC,MOM's Organic Market,14470 Smoketown Rd,,Woodbridge,VA,22193,,571-398-3043,E,,Public,24 hours daily,,,,,,4,1,,Non-Networked,,GPS,38.638399,-77.299496,2025-11-13,79866,2026-02-02 23:16:24 UTC,P,,,2015-09-05,,,,,CHADEMO J1772,US,,,,Public,,public,,,GROCERY,,,,,,,Free,,,,,,,,,,false,,,,,,,,LD,false,
ELEC,Cavalier Ford Lincoln,1515 S Military Hwy,,Chesapeake,VA,23320,,757-424-1111,E,,Public,24 hours daily,,,,,,2,,,Non-Networked,,GPS,36.797184,-76.235495,2025-12-12,79868,2026-02-02 23:16:24 UTC,P,,,2016-07-01,,,,,J1772,US,,,,Public,,public,,,CAR_DEALER,,,,,,,Free,,,,,,,,,,false,,,,,,,,LD,false,
ELEC,Omni - Charlottesville,212 Ridge McIntire Rd,,Charlottesville,VA,22902,,434-971-5500,E,,Public,24 hours daily; hotel guest use only; see valet for access,,,,,,1,,,Non-Networked,,GPS,38.031615,-78.483664,2025-11-13,79874,2026-02-02 23:16:24 UTC,P,,,2016-05-29,,,,,J1772,US,,,,Public,,public,,,HOTEL,,,,,,,Free for guests; $10 valet fee,,,,,,,,,,true,,,,,,,,LD,false,
ELEC,Boyd Chevrolet Buick GMC,240 E Cloverleaf Dr,,Emporia,VA,23847,,434-634-5534,E,,Public,24 hours daily,,,,,,1,,,FLO,https://www.flo.com,GPS,36.704893,-77.541842,2025-11-13,79879,2026-02-02 23:16:24 UTC,P,,,2016-07-01,,,,,J1772,US,,,,Public,,public,,,CAR_DEALER,,,,,,,Free,,,,,,,,,,false,,,,,,,,LD,false,
ELEC,Tysinger Mercedes,2712 Magruder Blvd,Located at detail shop and service department,Hampton,VA,23666,,757-865-8000,E,,Public,Service and customer use only,,,,,,2,,,Non-Networked,,GPS,37.062594,-76.39985,2025-11-13,79881,2026-02-02 23:16:24 UTC,P,,,2016-07-01,,,,,J1772,US,,,,Public,,public,,,CAR_DEALER,,,,,,,,,,,,,,,,,true,,,,,,,,LD,false,
ELEC,Beach Ford,2717 Virginia Beach Blvd,,Virginia Beach,VA,23452,,757-486-2717,E,,Public,24 hours daily,,,,,,3,,,Non-Networked,,GPS,36.841628,-76.066931,2025-05-12,79882,2026-02-02 23:16:24 UTC,P,,,2016-07-01,,,,,J1772,US,,,,Public,,public,,,CAR_DEALER,,,,,,,Free,,,,,,,,,,false,,,,,,,,LD,false,
ELEC,Crossroads Ford Mazda,4500 Whitehill Blvd,,Prince George,VA,23875,,804-862-1000,E,,Public,24 hours daily,,,,,,1,,,Non-Networked,,GPS,37.250286,-77.37319,2025-11-13,79883,2026-02-02 23:16:24 UTC,P,,,2014-09-09,,,,,J1772,US,,,,Public,,public,,,CAR_DEALER,,,,,,,Free,,,,,,,,,,false,,,,,,,,LD,false,
ELEC,Giant Foods,621 E Glebe Rd,Located inside parking garage,Alexandria,VA,23301,,703-518-4797,E,,Public,24 hours daily,,,,,,1,,,Non-Networked,,GPS,38.832184,-77.050501,2025-10-13,79891,2026-02-02 23:16:24 UTC,P,,,2015-09-06,,,,,J1772,US,,,,Public,,public,,,GROCERY,,,,,,,Free,,,,,,,,,,false,,,,,,,,LD,false,
ELEC,Rick Hendrick Chevrolet of Norfolk,6252 E Virginia Beach Blvd,,Norfolk,VA,23502,,757-266-5804,E,,Public,Dealership business hours; for customer use only,,,,,,2,1,,Non-Networked,,GPS,36.855534,-76.190651,2024-10-11,79892,2025-02-12 00:16:32 UTC,P,,,2016-07-01,,,,,J1772 J1772COMBO,US,,,,Public,,public,,,CAR_DEALER,,,,,,,Free,,,,,,,,,,true,,,,,,,,LD,false,
ELEC,University of Richmond - Chapel Parking,22 Westhampton Way,,Richmond,VA,23226,,804-289-8703,E,,Public,"24 hours daily; students, staff, and visitors only",,,,,,2,,,Non-Networked,,GPS,37.57288837592775,-77.53971552513121,2025-01-13,80561,2025-02-12 00:16:32 UTC,P,,,2016-11-01,,,,,J1772,US,,,,Public,,public,,,COLLEGE_CAMPUS,,,,,,,Free,,,,,,,,,,true,,,,,,,,LD,false,
ELEC,Radley Chevrolet,3670 Jefferson Davis Hwy,,Fredericksburg,VA,22404,,540-693-2463,E,,Public,24 hours daily; need passcode to use chargers,,,,,,3,,,Non-Networked,,GPS,38.271078,-77.491973,2025-11-13,80566,2026-02-02 23:16:24 UTC,P,,,2016-11-01,,,,,J1772,US,,,,Public,,public,,,CAR_DEALER,,,,,,,Free,,,,,,,,,,true,,,,,,,,LD,false,
ELEC,Massanutten Resort,3980 Massanutten Dr,,McGaheysville,VA,22840,,540-289-9441,E,,Public,24 hours daily; Drivers must bring their own J1772 cordset for Level 1 charging,,,,,4,,,,Non-Networked,,GPS,38.404061,-78.754751,2025-11-13,80568,2026-02-02 23:16:24 UTC,P,,,2016-11-01,,,,,NEMA1450,US,,,,Public,,public,,,HOTEL,,,,,,,Free,,,,,,,,,,false,,,,,,,,LD,false,
ELEC,Royal Chevrolet,4502 W Broad St,,Richmond,VA,23230,,804-441-9393,E,,Public - Call ahead,Dealership business hours,,,,,,1,,,Non-Networked,,200-9,37.577354,-77.48773,2024-11-06,80573,2025-02-12 00:16:32 UTC,P,,,2016-11-01,,,,,J1772,US,,,,Public - Appeler à l'avance,,public,CALL,,CAR_DEALER,,,,,,,,,,,,,,,,,true,,,,,,,,MD,false,
ELEC,Comfort Inn & Suites,5716 S Van Dorn St,Located on Van Dorn St adjacent to the 495 entrance ramp at Exit 173,Alexandria,VA,22310,,703-540-0112,E,,Public,24 hours daily; for guest use only,A Cash D M V,,,,,2,,,Non-Networked,,200-9,38.794947,-77.137384,2025-11-13,81374,2026-02-02 23:16:24 UTC,P,,,2017-01-10,,,,,J1772,US,,,,Public,,public,,,HOTEL,,,,,,,Free,,,,,,,,,,true,,,,,,,,LD,false,
ELEC,HADEN TOWER 19-20,1575 Anderson Rd,"Located on Tower garage level B1, parking spaces 19 and 20.",McLean,VA,22102,,888-758-4389,E,,Public,24 hours daily,,,,,,1,,,ChargePoint Network,https://www.chargepoint.com,GPS,38.926843,-77.207491,2026-06-09,82124,2026-06-09 01:21:29 UTC,,,,2017-03-31,,,,,J1772,US,,,,Public,,public,,,,,,,,,,,,,,,,,,,,false,,,,,,,,,false,
ELEC,City of Fredericksburg - Sophia Street Garage,600 Sophia St,Located on the top level of the garage,Fredericksburg,VA,22401,,540-371-8542,E,,Public,24 hours daily; pay lot,,,,,,2,,,Non-Networked,,200-9,38.300424,-77.456524,2024-11-06,85725,2025-02-12 00:16:32 UTC,LG,,,2017-06-28,,,,,J1772,US,,,,Public,,public,,,PAY_GARAGE,,,,,,,Free,,,,,,,,,,false,,,,,,,,LD,false,
ELEC,HADEN FLATS 94-95,1513 Anderson Rd,"Located on Flats garage level B1, parking spaces 94 and 95. Only accessible to residents.",Tysons,VA,22102,,888-758-4389,E,,Public,24 hours daily,,,,,,1,,,ChargePoint Network,https://www.chargepoint.com,GPS,38.926213,-77.204609,2026-06-09,85833,2026-06-09 01:21:28 UTC,,,,2017-07-08,,,,,J1772,US,,,,Public,,public,,,,,,,,,,,,,,,,,,,,false,,,,,,,,,false,
ELEC,Daniel's Run Peace Church,3729 Old Lee Hwy,Located in the rear of the church building,Fairfax,VA,22030,,703-359-0990,E,,Public,24 hours daily,,,,,,2,,,Non-Networked,,200-9,38.85116,-77.297848,2025-11-13,88039,2026-02-02 23:16:24 UTC,P,,,2019-01-18,,,,,J1772,US,,,,Public,,public,,,PLACE_OF_WORSHIP,,,,,,,Free,,,,,,,,,,false,,,,,,,,LD,false,
ELEC,VAS GARAGE VAS STATION,4250 Campbell Ave,Located on ramp to level 2,Arlington,VA,22206,,888-758-4389,E,,Public,24 hours daily,,,,,,2,,,ChargePoint Network,https://www.chargepoint.com,GPS,38.841383,-77.091208,2026-06-09,88119,2026-06-09 01:22:03 UTC,,,,2017-10-24,,,,,J1772,US,,,,Public,,public,,,,,,,,,,,,,,,,,,,,false,,,,,,,,,false,
ELEC,THE RIXEY STATION 1,1008N Glebe Rd,,Arlington,VA,22201,,888-758-4389,E,,Public,24 hours daily,,,,,,2,,,ChargePoint Network,https://www.chargepoint.com,GPS,38.882771,-77.11665,2026-06-09,89785,2026-06-09 01:29:22 UTC,,,,2017-12-23,,,,,J1772,US,,,,Public,,public,,,,,,,,,,,,,,,,,,,,false,,,,,,,,,false,
ELEC,Riverwalk Landing Parking Garage,330 Water St,,Yorktown,VA,23690,,757-890-3750,E,,Public,24 hours daily,,,,,,1,,,Non-Networked,,200-9,37.23833,-76.508866,2025-11-13,91701,2026-02-02 23:16:24 UTC,LG,,,2018-01-01,,,,,J1772,US,,,,Public,,public,,,PARKING_GARAGE,,,,,,,Free,,,,,,,,,,false,,,,,,,,LD,false,
ELEC,York County - Poquoson Courthouse,300 Ballard St,,Yorktown,VA,23690,,757-890-3750,E,,Public,24 hours daily,,,,,,2,,,Non-Networked,,200-9,37.232314,-76.511345,2025-11-13,91702,2026-02-02 23:16:24 UTC,LG,,,2018-01-01,,,,,J1772,US,,,,Public,,public,,,MUNI_GOV,,,,,,,Free,,,,,,,,,,false,,,,,,,,LD,false,
ELEC,Yorktown Library,8500 George Washington Memorial Hwy,,Yorktown,VA,23692,,757-890-3750,E,,Public,24 hours daily,,,,,,3,,,Non-Networked,,200-8,37.194887,-76.490472,2025-11-13,91703,2026-02-02 23:16:24 UTC,LG,,,2018-01-01,,,,,J1772,US,,,,Public,,public,,,LIBRARY,,,,,,,Free,,,,,,,,,,false,,,,,,,,LD,false,
ELEC,Montpelier Visitor Center,13425 Visitor Center Rd,,Montpelier Station,VA,22957,,540-672-2728,E,,Public - Credit card at all times,9am-5pm daily; available for guests,,,,,,6,,,Non-Networked,,200-9,38.218004,-78.17046,2024-10-11,94541,2025-02-12 00:16:32 UTC,LG,,,2018-02-01,,,,,J1772 TESLA,US,,,,Public - Carte de crédit en tout temps,,public,CREDIT_CARD_ALWAYS,,MUNI_GOV,,,,,,,Free,,,,,,,,,,true,,,,,,,,LD,false,
ELEC,Lewis Hall,13384 Laundry Rd,,Montpelier Station,VA,22957,,,E,,Public - Credit card at all times,9am-5pm daily; available for guests,,,,,,6,,,Non-Networked,,200-9,38.218992,-78.166102,2025-05-12,94542,2026-02-02 23:16:24 UTC,LG,,,2018-02-01,,,,,J1772 TESLA,US,,,,Public - Carte de crédit en tout temps,,public,CREDIT_CARD_ALWAYS,,MUNI_GOV,,,,,,,Free,,,,,,,,,,true,,,,,,,,LD,false,
ELEC,MOM's Organic Market,1901 N Veitch St,,Arlington,VA,22201,,571-354-8810,E,,Public,9am-9pm daily; pay garage,,,,,,2,,,Non-Networked,,GPS,38.89641,-77.086062,2025-11-13,94667,2026-02-02 23:16:24 UTC,P,,,2018-01-01,,,,,J1772,US,,,,Public,,public,,,GROCERY,,,,,,,Free,,,,,,,,,,false,,,,,,,,LD,false,
ELEC,Colonial Place Parking Garage,2107 Wilson Blvd,,Arlington,VA,22201,,703-527-9444,E,,Public,7am-10pm M-F; pay lot and available to tenants,,,,,,3,,,Non-Networked,,200-9,38.891865,-77.085265,2024-11-06,94668,2025-02-12 00:16:32 UTC,P,,,2017-10-03,,,,,J1772,US,,,,Public,,public,,,PAY_LOT,,,,,,,Free,,,,,,,,,,false,,,,,,,,LD,false,
ELEC,Volvo Cars Fredericksburg,3410 Fall Hill Ave,,Fredericksburg,VA,22401,,540-373-5200,E,,Public,Dealership business hours,,,,,,2,,,Non-Networked,,200-8,38.312221,-77.506525,2025-12-12,94676,2026-02-02 23:16:24 UTC,P,,,2018-01-01,,,,,J1772,US,,,,Public,,public,,,CAR_DEALER,,,,,,,,,,,,,,,,,false,,,,,,,,LD,false,
ELEC,Tesla Service Center,9850 W Broad St,,Glen Allen,VA,23060,,804-219-4999  877-798-3752,E,,Public,24 hours daily,,,,,,,1,,Non-Networked,,200-9,37.643994,-77.564259,2026-01-13,94678,2026-02-02 23:16:24 UTC,P,,,2017-09-19,,,,,TESLA,US,,,,Public,,public,,,CAR_DEALER,,,,,,,,,,,,,,,,,true,,,,,,,,,false,
ELEC,Luray Visitor Center,18 Campbell St,Corner of Campbell and Virginia Ave,Luray,VA,22835,,540-743-3915,E,,Public,24 hours daily,,,,,,1,,,Non-Networked,,200-9,38.663811,-78.460394,2025-05-12,94682,2026-02-02 23:16:24 UTC,LG,,,2017-04-10,,,,,J1772,US,,,,Public,,public,,,MUNI_GOV,,,,,,,Free,,,,,,,,,,false,,,,,,,,LD,false,
ELEC,Norfolk Botanical Gardens,6700 Azalea Garden Rd,,Norfolk,VA,23518,,757-441-5830,E,,Public,24 hours daily,,,,,,2,,,Non-Networked,,200-8,36.904917,-76.209635,2025-10-13,94688,2026-02-02 23:16:24 UTC,P,,,2019-11-26,,,,,J1772 TESLA,US,,,,Public,,public,,,PARK,,,,,,,Free,,,,,,,,,,false,,,,,,,,LD,false,
ELEC,Bluegreen Vacations - Patrick Henry Square,249 York St,,Williamsburg,VA,23185,,757-229-9540,E,,Public,24 hours daily; for guest use only,,,,,,1,,,Non-Networked,,200-9,37.270224,-76.687178,2025-12-12,94695,2026-02-02 23:16:24 UTC,P,,,2018-01-01,,,,,J1772,US,,,,Public,,public,,,HOTEL,,,,,,,Free,,,,,,,,,,true,,,,,,,,LD,false,
ELEC,Williamsburg Lodge,305 S England St,,Williamsburg,VA,23185,,757-220-7976,E,,Public,24 hours daily; guest past required from front desk,,,,,,1,,,Non-Networked,,200-9,37.269064,-76.697804,2025-12-12,94696,2026-02-02 23:16:24 UTC,P,,,2018-01-01,,,,,J1772,US,,,,Public,,public,,,HOTEL,,,,,,,Free,,,,,,,,,,true,,,,,,,,LD,false,
ELEC,Best Western - Williamsburg,351 York St,,Williamsburg,VA,23185,,757-229-4100,E,,Public,24 hours daily; for guest use only,,,,,,1,,,Non-Networked,,200-9,37.269286,-76.685716,2025-12-12,94697,2026-02-02 23:16:24 UTC,P,,,2017-09-19,,,,,J1772,US,,,,Public,,public,,,HOTEL,,,,,,,Free,,,,,,,,,,true,,,,,,,,LD,false,
ELEC,JBG - Rosslyn North - Arlington VA,1911 N. Fort Myer Drive.,,Arlington,VA,22209,,888-998-2546,E,,Public,24 hours daily,,,,,,1,,,Blink Network,https://blinkcharging.com,GPS,38.89777246756461,-77.07149618195142,2026-06-09,95452,2026-06-09 00:13:23 UTC,,,,2016-09-26,,,,,J1772,US,,,,Public,,public,,,,,,,,,,Free,,,,,,,,,,false,,,,,,,,,false,
ELEC,BMW of Charlottesville,1295 Richmond Rd,,Charlottesville,VA,22911,,434-270-8664,E,,Public,24 hours daily; For customer use only,,,,,,2,,,ChargePoint Network,https://www.chargepoint.com,GPS,38.0333263,-78.4518157,2025-11-13,98437,2026-02-02 23:16:24 UTC,P,,,2014-12-31,,,,,J1772,US,,,,Public,,public,,,CAR_DEALER,,,,,,,Free,,,,,,,,,,true,,,,,,,,LD,false,
ELEC,Leckner Nissan - Springfield,6570 Amherst Ave,,Springfield,VA,22150,,703-451-1970,E,,Public - Call ahead,Dealership business hours,,,,,,1,,,Non-Networked,,200-9,38.776428,-77.18558,2024-02-12,99506,2025-02-12 00:16:32 UTC,P,,,2018-06-28,,,,,J1772,US,,,,Public - Appeler à l'avance,,public,CALL,,CAR_DEALER,,,,,,,Free,,,,,,,,,,false,,,,,,,,LD,false,
ELEC,WEINSTEIN ADDISON1,11401 Old Nuckols Rd,,Glen Allen,VA,23059,,888-758-4389,E,,Public,24 hours daily,,,,,,2,,,ChargePoint Network,https://www.chargepoint.com,GPS,37.684303,-77.591203,2026-06-09,99821,2026-06-09 01:33:30 UTC,,,,2018-07-20,,,,,J1772,US,,,,Public,,public,,,,,,,,,,,,,,,,,,,,false,,,,,,,,,false,
ELEC,The Shops at Stonefield - Tesla Supercharger,2100 Hydraulic Road,,Charlottesville,VA,22901,,877-798-3752,E,,Public,24 hours daily. Please check Tesla's online station map to see if an adapter is required at this location.,,,,,,,8,,Tesla,https://www.tesla.com/supercharger,200-9,38.067294,-78.493075,2024-07-01,102467,2025-05-06 21:07:47 UTC,P,,,2018-07-23,,,,,TESLA,US,,,,Public,,public,,,,,,,,,,,,,,,,,,,,,,,,,,,,,false,
ELEC,Wawa - Tesla Supercharger,11701 Jefferson Davis Highway,,Chester,VA,23831,,877-798-3752,E,,Public,24 hours daily. Please check Tesla's online station map to see if an adapter is required at this location.,,,,,,,8,,Tesla,https://www.tesla.com/supercharger,200-9,37.367264,-77.416961,2024-07-01,102468,2025-05-06 21:07:47 UTC,P,,,2017-09-26,,,,,TESLA,US,,,,Public,,public,,,,,,,,,,,,,,,,,,,,,,,,,,,,,false,
ELEC,Wawa - Tesla Supercharger,10060 Jefferson Davis Highway,,Fredericksburg,VA,22407,,877-798-3752,E,,Public,24 hours daily. Please check Tesla's online station map to see if an adapter is required at this location.,,,,,,,8,,Tesla,https://www.tesla.com/supercharger,200-9,38.225925,-77.506129,2024-07-01,102469,2025-05-06 21:07:47 UTC,P,,,2018-07-23,,,,,TESLA,US,,,,Public,,public,,,,,,,,,,,,,,,,,,,,,,,,,,,,,false,
ELEC,Creeks at Virginia Center - Tesla Supercharger,9950 Brook Rd,,Glen Allen,VA,23059,,877-798-3752,E,,Public,24 hours daily. Please check Tesla's online station map to see if an adapter is required at this location.,,,,,,,20,,Tesla,https://www.tesla.com/supercharger,200-9,37.66976,-77.461414,2024-07-01,102470,2025-05-06 21:07:47 UTC,P,,,2013-10-24,,,,,TESLA,US,,,,Public,,public,,,,,,,,,,,,,,,,,,,,,,,,,,,,,false,
ELEC,Holiday Inn Express Lexington - Tesla Supercharger,880 N Lee Hwy,,Lexington,VA,24450,,877-798-3752,E,,Public,24 hours daily. Please check Tesla's online station map to see if an adapter is required at this location.,,,,,,,6,,Tesla,https://www.tesla.com/supercharger,200-8,37.796979,-79.419007,2024-07-01,102471,2025-05-06 21:07:47 UTC,P,,,2015-12-01,,,,,TESLA,US,,,,Public,,public,,,,,,,,,,,,,,,,,,,,,,,,,,,,,false,
ELEC,Sheetz - Tesla Supercharger,227 Conicville Rd,,Mt. Jackson,VA,22842,,877-798-3752,E,,Public,24 hours daily. Please check Tesla's online station map to see if an adapter is required at this location.,,,,,,,8,,Tesla,https://www.tesla.com/supercharger,200-8,38.760227,-78.63121,2024-07-01,102472,2025-05-06 21:07:47 UTC,P,,,2017-12-19,,,,,TESLA,US,,,,Public,,public,,,,,,,,,,,,,,,,,,,,,,,,,,,,,false,
ELEC,JANAF Shopping Yard - Tesla Supercharger,5900 E Virginia Beach Blvd,,Norfolk,VA,23502,,877-798-3752,E,,Public,24 hours daily. Please check Tesla's online station map to see if an adapter is required at this location.,,,,,,,6,,Tesla,https://www.tesla.com/supercharger,200-8,36.860525,-76.207467,2024-07-01,102473,2025-05-06 21:07:47 UTC,P,,,2015-12-01,,,,,TESLA,US,,,,Public,,public,,,,,,,,,,,,,,,,,,,,,,,,,,,,,false,
ELEC,White Oak Village - Tesla Supercharger,4441 S Laburnum Ave,,Richmond,VA,23231,,877-798-3752,E,,Public,24 hours daily. Please check Tesla's online station map to see if an adapter is required at this location.,,,,,,,18,,Tesla,https://www.tesla.com/supercharger,200-8,37.52979,-77.353906,2024-07-01,102474,2025-05-06 21:07:47 UTC,P,,,2017-12-21,,,,,TESLA,US,,,,Public,,public,,,,,,,,,,,,,,,,,,,,,,,,,,,,,false,
ELEC,Kahill's Restaurant - Tesla Supercharger,1791 North Mecklenburg Avenue,,South Hill,VA,23950,,877-798-3752,E,,Public,24 hours daily. Please check Tesla's online station map to see if an adapter is required at this location.,,,,,,,6,,Tesla,https://www.tesla.com/supercharger,200-9,36.748516,-78.103517,2024-07-01,102475,2025-05-06 21:07:47 UTC,P,,,2014-08-01,,,,,TESLA,US,,,,Public,,public,,,,,,,,,,,,,,,,,,,,,,,,,,,,,false,
ELEC,Springfield Town Center - Tesla Supercharger,6500 Springfield Mall,,Springfield,VA,22150,,877-798-3752,E,,Public,24 hours daily. Please check Tesla's online station map to see if an adapter is required at this location.,,,,,,,20,,Tesla,https://www.tesla.com/supercharger,200-9,38.77633,-77.17595,2024-07-01,102476,2025-05-06 21:07:47 UTC,P,,,2018-07-23,,,,,TESLA,US,,,,Public,,public,,,,,,,,,,,,,,,,,,,,,,,,,,,,,false,
ELEC,Strasburg Denny's - Tesla Supercharger,119 Hite Lane,,Strasburg,VA,22657,,877-798-3752,E,,Public,24 hours daily. Please check Tesla's online station map to see if an adapter is required at this location.,,,,,,,6,,Tesla,https://www.tesla.com/supercharger,200-9,39.00496,-78.337848,2024-07-01,102477,2025-05-06 21:07:47 UTC,P,,,2015-07-01,,,,,TESLA,US,,,,Public,,public,,,,,,,,,,,,,,,,,,,,,,,,,,,,,false,
ELEC,Potomac Mills - Tesla Supercharger,2700 Potomac Mills Circle,,Woodbridge,VA,22192,,877-798-3752,E,,Public,24 hours daily. Please check Tesla's online station map to see if an adapter is required at this location.,,,,,,,10,,Tesla,https://www.tesla.com/supercharger,200-9,38.64082,-77.29633,2024-07-01,102478,2025-05-06 21:07:47 UTC,P,,,2014-05-01,,,,,TESLA,US,,,,Public,,public,,,,,,,,,,,,,,,,,,,,,,,,,,,,,false,
ELEC,Holiday Inn Express & Suites Wytheville - Tesla Supercharger,165 Malin Drive,,Wytheville,VA,24382,,877-798-3752,E,,Public,24 hours daily. Please check Tesla's online station map to see if an adapter is required at this location.,,,,,,,6,,Tesla,https://www.tesla.com/supercharger,200-8,36.945693,-81.054651,2024-07-01,102479,2025-05-06 21:07:47 UTC,P,,,2015-12-01,,,,,TESLA,US,,,,Public,,public,,,,,,,,,,,,,,,,,,,,,,,,,,,,,false,
ELEC,GEORGE MASON U MASON POND 1,Mason Pond Parking Deck,2nd level-adjacent to stairwell and elevator,Fairfax,VA,22030,,888-758-4389,E,,Public,24 hours daily,,,,,,2,,,ChargePoint Network,https://www.chargepoint.com,GPS,38.830197,-77.309412,2026-06-09,103027,2026-06-09 01:30:23 UTC,,,,2018-09-19,,,,,J1772,US,,,,Public,,public,,,,,,,,,,,,,,,,,,,,false,,,,,,,,,false,
ELEC,STATION 1 STATION 1,Cattail Ln,Near main office Lakeside Apartments,Centreville,VA,20121,,888-758-4389,E,,Public,24 hours daily,,,,,,2,,,ChargePoint Network,https://www.chargepoint.com,GPS,38.831622,-77.440902,2026-06-09,103545,2026-06-09 01:23:50 UTC,,,,2018-09-26,,,,,J1772,US,,,,Public,,public,,,,,,,,,,,,,,,,,,,,false,,,,,,,,,false,
ELEC,NED STAPLES MILL 1,5401 Staples Mill Rd,Front of main parking lot,Richmond,VA,23228,,888-758-4389,E,,Public,24 hours daily,,,,,,2,,,ChargePoint Network,https://www.chargepoint.com,GPS,37.60147,-77.489671,2026-06-09,104894,2026-06-09 01:35:44 UTC,,,,2018-11-22,,,,,J1772,US,,,,Public,,public,,,,,,,,,,,,,,,,,,,,false,,,,,,,,,false,
ELEC,1850 Towers Crescent,1850 Towers Crescent Plaza,,Vienna,VA,22182,,703-893-0178,E,,Public,24 hours daily; pay lot,,,,,,1,,,Non-Networked,,200-9,38.915838,-77.220807,2025-12-12,105197,2026-02-02 23:16:24 UTC,P,,,2016-05-01,,,,,J1772,US,,,,Public,,public,,,SHOPPING_CENTER,,,,,,,Free; parking fee,,,,,,,,,,false,,,,,,,,LD,false,
ELEC,The Martha Washington Inn & Spa - Tesla Destination,150 W Main St,,Abingdon,VA,24210,,877-798-3752,E,,Public,,,,,,,1,,,Tesla Destination,https://www.tesla.com/destination-charging,200-9,36.709813,-81.974954,2024-07-01,115911,2025-02-12 00:16:32 UTC,P,,,2016-01-26,,,,,TESLA,US,,,,Public,,public,,,INN,,,,,,,,,,,,,,,,,,,,,,,,,,false,
ELEC,Kimpton Morrison House - Tesla Destination,116 S Alfred St,,Alexandria,VA,22314,,877-798-3752,E,,Public,,,,,,,2,,,Tesla Destination,https://www.tesla.com/destination-charging,200-9,38.804636,-77.049262,2024-07-01,115913,2025-02-12 00:16:32 UTC,P,,,2015-11-12,,,,,J1772 TESLA,US,,,,Public,,public,,,HOTEL,,,,,,,,,,,,,,,,,,,,,,,,,,false,
ELEC,Kimpton Lorien Hotel & Spa - Tesla Destination,1600 King St,,Alexandria,VA,22314,,877-798-3752,E,,Public,,,,,,,2,,,Tesla Destination,https://www.tesla.com/destination-charging,200-9,38.806049,-77.056808,2024-07-01,115914,2025-02-12 00:16:32 UTC,P,,,2015-12-16,,,,,J1772 TESLA,US,,,,Public,,public,,,HOTEL,,,,,,,,,,,,,,,,,,,,,,,,,,false,
ELEC,Hilton Alexandria Old Town - Tesla Destination,1767 King St,,Alexandria,VA,22314,,877-798-3752,E,,Public,,,,,,,2,,,Tesla Destination,https://www.tesla.com/destination-charging,200-9,38.807129,-77.059363,2024-07-01,115915,2025-02-12 00:16:32 UTC,P,,,2016-12-13,,,,,TESLA,US,,,,Public,,public,,,HOTEL,,,,,,,,,,,,,,,,,,,,,,,,,,false,
ELEC,"The Alexandrian, Autograph Collection - Tesla Destination",480 King St,,Alexandria,VA,22314,,877-798-3752,E,,Public,,,,,,,2,,,Tesla Destination,https://www.tesla.com/destination-charging,200-9,38.804411,-77.044697,2024-07-01,115916,2025-02-12 00:16:32 UTC,P,,,2015-11-11,,,,,J1772 TESLA,US,,,,Public,,public,,,HOTEL,,,,,,,,,,,,,,,,,,,,,,,,,,false,
ELEC,Sheraton Suites Old Town Alexandria - Tesla Destination,801 N St Asaph St,,Alexandria,VA,22314,,877-798-3752,E,,Public,,,,,,,5,,,Tesla Destination,https://www.tesla.com/destination-charging,200-8,38.813023,-77.043613,2024-07-01,115917,2025-02-12 00:16:32 UTC,P,,,2015-12-16,,,,,J1772 TESLA,US,,,,Public,,public,,,HOTEL,,,,,,,,,,,,,,,,,,,,,,,,,,false,
ELEC,E&S Mart's Two Sisters Tap Room and Deli - Tesla Destination,2181 Lynch Mill Rd,,Altavista,VA,24517,,877-798-3752,E,,Public,,,,,,,4,,,Tesla Destination,https://www.tesla.com/destination-charging,200-9,37.131313,-79.283927,2024-07-01,115918,2025-02-12 00:16:32 UTC,P,,,2017-04-10,,,,,J1772 TESLA,US,,,,Public,,public,,,RESTAURANT,,,,,,,,,,,,,,,,,,,,,,,,,,false,
ELEC,The Ritz-Carlton Pentagon City - Tesla Destination,1250 S Hayes St,,Arlington,VA,22202,,877-798-3752,E,,Public,,,,,,,3,,,Tesla Destination,https://www.tesla.com/destination-charging,200-9,38.862637,-77.060346,2024-07-01,115919,2025-02-12 00:16:32 UTC,P,,,2015-10-19,,,,,J1772 TESLA,US,,,,Public,,public,,,HOTEL,,,,,,,,,,,,,,,,,,,,,,,,,,false,
ELEC,2311 Wilson Blvd - Tesla Destination,2311 Wilson Blvd,,Arlington,VA,22201,,877-798-3752,E,,Public,,,,,,,5,,,Tesla Destination,https://www.tesla.com/destination-charging,200-9,38.891131,-77.08684,2024-07-01,115920,2025-02-12 00:16:32 UTC,P,,,2018-03-13,,,,,J1772 TESLA,US,,,,Public,,public,,,PAY_GARAGE,,,,,,,,,,,,,,,,,,,,,,,,,,false,
ELEC,Renaissance Arlington Capital View Hotel - Tesla Destination,2800 S Potomac Ave,,Arlington,VA,22202,,877-798-3752,E,,Public,,,,,,,3,,,Tesla Destination,https://www.tesla.com/destination-charging,200-9,38.847403,-77.051385,2024-07-01,115921,2025-02-12 00:16:32 UTC,P,,,2015-06-08,,,,,J1772 TESLA,US,,,,Public,,public,,,HOTEL,,,,,,,,,,,,,,,,,,,,,,,,,,false,
ELEC,Bedford Welcome Center - Tesla Destination,816 Burks Hill Rd,,Bedford,VA,24523,,877-798-3752,E,,Public,,,,,,,2,,,Tesla Destination,https://www.tesla.com/destination-charging,200-9,37.324894,-79.531374,2024-07-01,115922,2025-02-12 00:16:32 UTC,P,,,2018-04-26,,,,,J1772 TESLA,US,,,,Public,,public,,,MUNI_GOV,,,,,,,,,,,,,,,,,,,,,,,,,,false,
ELEC,Peaks of Otter Lodge - Tesla Destination,85554 Blue Ridge Pkwy,,Bedford,VA,24523,,877-798-3752,E,,Public,,,,,,,2,,,Tesla Destination,https://www.tesla.com/destination-charging,200-9,37.448296,-79.604445,2024-07-01,115923,2025-02-12 00:16:32 UTC,P,,,2017-06-16,,,,,J1772 TESLA,US,,,,Public,,public,,,HOTEL,,,,,,,,,,,,,,,,,,,,,,Blue Ridge Parkway,,,,false,
ELEC,Courtyard Blacksburg - Tesla Destination,105 Southpark Dr,,Blacksburg,VA,24060,,877-798-3752,E,,Public,,,,,,,4,,,Tesla Destination,https://www.tesla.com/destination-charging,200-9,37.199367,-80.401037,2024-07-01,115924,2025-02-12 00:16:32 UTC,P,,,2016-11-17,,,,,J1772 TESLA,US,,,,Public,,public,,,HOTEL,,,,,,,,,,,,,,,,,,,,,,,,,,false,
ELEC,The Grey Swan Inn Bed and Breakfast - Tesla Destination,615 S Main St,,Blackstone,VA,23824,,877-798-3752,E,,Public,,,,,,,2,,,Tesla Destination,https://www.tesla.com/destination-charging,200-9,37.073903,-78.000788,2024-07-01,115925,2025-02-12 00:16:32 UTC,P,,,2017-03-24,,,,,J1772 TESLA,US,,,,Public,,public,,,B_AND_B,,,,,,,,,,,,,,,,,,,,,,,,,,false,
ELEC,"L'Auberge Provencale, a Select Registry Property - Tesla Destination",13630 Lord Fairfax Hwy,,Boyce,VA,22620,,877-798-3752,E,,Public,,,,,,,2,,,Tesla Destination,https://www.tesla.com/destination-charging,200-9,39.070825,-78.093685,2024-07-01,115926,2025-02-12 00:16:32 UTC,P,,,2015-06-24,,,,,J1772 TESLA,US,,,,Public,,public,,,HOTEL,,,,,,,,,,,,,,,,,,,,,,,,,,false,
ELEC,Pearmund Cellars - Tesla Destination,6190 Georgetown Rd,,Broad Run,VA,20137,,877-798-3752,E,,Public,,,,,,,1,,,Tesla Destination,https://www.tesla.com/destination-charging,200-9,38.783407,-77.739663,2024-07-01,115927,2025-02-12 00:16:32 UTC,P,,,2015-05-05,,,,,TESLA,US,,,,Public,,public,,,BREWERY_DISTILLERY_WINERY,,,,,,,,,,,,,,,,,,,,,,,,,,false,
ELEC,Graduate Charlottesville - Tesla Destination,1309 W Main St,,Charlottesville,VA,22903,,877-798-3752,E,,Public,,,,,,,3,,,Tesla Destination,https://www.tesla.com/destination-charging,200-9,38.033823,-78.498478,2024-07-01,115929,2025-02-12 00:16:32 UTC,P,,,2018-06-05,,,,,J1772 TESLA,US,,,,Public,,public,,,HOTEL,,,,,,,,,,,,,,,,,,,,,,,,,,false,
ELEC,Hyatt Place Charlottesville - Tesla Destination,2100 Bond St,,Charlottesville,VA,22901,,877-798-3752,E,,Public,,,,,,,2,,,Tesla Destination,https://www.tesla.com/destination-charging,200-9,38.066529,-78.49353,2024-07-01,115931,2025-02-12 00:16:32 UTC,P,,,2015-06-10,,,,,TESLA,US,,,,Public,,public,,,HOTEL,,,,,,,,,,,,,,,,,,,,,,,,,,false,
ELEC,"Foxfield Inn, a Select Registry Property - Tesla Destination",2280 Garth Rd,,Charlottesville,VA,22901,,877-798-3752,E,,Public,,,,,,,2,,,Tesla Destination,https://www.tesla.com/destination-charging,200-9,38.103562,-78.56579,2024-07-01,115932,2025-02-12 00:16:32 UTC,P,,,2015-04-24,,,,,J1772 TESLA,US,,,,Public,,public,,,INN,,,,,,,,,,,,,,,,,,,,,,,,,,false,
ELEC,The Flats at West Village - Tesla Destination,852 W Main Street,,Charlottesville,VA,22903,,877-798-3752,E,,Public,,,,,,,2,,,Tesla Destination,https://www.tesla.com/destination-charging,200-9,38.031934,-78.493365,2024-07-01,115933,2025-02-12 00:16:32 UTC,P,,,2015-04-17,,,,,J1772 TESLA,US,,,,Public,,public,,,SHOPPING_CENTER,,,,,,,,,,,,,,,,,,,,,,,,,,false,
ELEC,Hyatt Place Richmond / Chester - Tesla Destination,13148 Kingston Ave,,Chester,VA,23836,,877-798-3752,E,,Public,,,,,,,2,,,Tesla Destination,https://www.tesla.com/destination-charging,200-8,37.347818,-77.34417,2024-07-01,115934,2025-02-12 00:16:32 UTC,P,,,2016-08-08,,,,,TESLA,US,,,,Public,,public,,,HOTEL,,,,,,,,,,,,,,,,,,,,,,,,,,false,
ELEC,Refuge Inn - Tesla Destination,7058 Maddox Blvd,,Chincoteague Island,VA,23336,,877-798-3752,E,,Public,,,,,,,2,,,Tesla Destination,https://www.tesla.com/destination-charging,200-9,37.924371,-75.354259,2024-07-01,115935,2025-02-12 00:16:32 UTC,P,,,2016-05-18,,,,,J1772 TESLA,US,,,,Public,,public,,,INN,,,,,,,,,,,,,,,,,,,,,,,,,,false,
ELEC,"Holiday Inn Christiansburg Blacksburg, an IHG Hotel - Tesla Destination",99 Bradley Dr NW,,Christiansburg,VA,24073,,877-798-3752,E,,Public,,,,,,,2,,,Tesla Destination,https://www.tesla.com/destination-charging,200-8,37.16218,-80.427391,2024-07-01,115936,2025-02-12 00:16:32 UTC,P,,,2015-06-23,,,,,J1772 TESLA,US,,,,Public,,public,,,HOTEL,,,,,,,,,,,,,,,,,,,,,,,,,,false,
ELEC,Hill Crest Mansion Inn - Tesla Destination,1100 McCormick Blvd,,Clifton Forge,VA,24422,,877-798-3752,E,,Public,,,,,,,1,,,Tesla Destination,https://www.tesla.com/destination-charging,200-9,37.826139,-79.82977,2024-07-01,115937,2025-02-12 00:16:32 UTC,P,,,2018-10-25,,,,,TESLA,US,,,,Public,,public,,,INN,,,,,,,,,,,,,,,,,,,,,,,,,,false,
ELEC,The Boathouse Marina - Tesla Destination,829 Robin Grove Ln,,Colonial Beach,VA,22443,,877-798-3752,E,,Public,,,,,,,3,,,Tesla Destination,https://www.tesla.com/destination-charging,200-9,38.240628,-76.962414,2024-07-01,115938,2025-02-12 00:16:32 UTC,P,,,2018-07-06,,,,,J1772 TESLA,US,,,,Public,,public,,,OTHER_ENTERTAINMENT,,,,,,,,,,,,,,,,,,,,,,,,,,false,
ELEC,Pro Re Nata Brewery - Tesla Destination,6135 Rockfish Gap Turnpike,,Crozet,VA,22932,,877-798-3752,E,,Public,,,,,,,4,,,Tesla Destination,https://www.tesla.com/destination-charging,200-9,38.048816,-78.714226,2024-07-01,115939,2025-02-12 00:16:32 UTC,P,,,2017-07-14,,,,,J1772 TESLA,US,,,,Public,,public,,,BREWERY_DISTILLERY_WINERY,,,,,,,,,,,,,,,,,,,,,,,,,,false,
ELEC,DuCard Vineyards - Tesla Destination,40 Gibson Hollow Ln,,Etlan,VA,22719,,877-798-3752,E,,Public,,,,,,,2,,,Tesla Destination,https://www.tesla.com/destination-charging,200-9,38.51513,-78.303035,2024-07-01,115940,2025-02-12 00:16:32 UTC,P,,,2016-02-29,,,,,J1772 TESLA,US,,,,Public,,public,,,BREWERY_DISTILLERY_WINERY,,,,,,,,,,,,,,,,,,,,,,,,,,false,
ELEC,SpringHill Suites Fairfax Fair Oaks - Tesla Destination,11191 Waples Mill Rd,,Fairfax,VA,22030,,877-798-3752,E,,Public,,,,,,,2,,,Tesla Destination,https://www.tesla.com/destination-charging,200-9,38.85364,-77.338581,2024-07-01,115941,2025-02-12 00:16:32 UTC,P,,,2017-07-17,,,,,J1772 TESLA,US,,,,Public,,public,,,HOTEL,,,,,,,,,,,,,,,,,,,,,,,,,,false,
ELEC,Hotel Floyd - Tesla Destination,300 Rick Lewis Way,,Floyd,VA,24091,,877-798-3752,E,,Public,,,,,,,1,,,Tesla Destination,https://www.tesla.com/destination-charging,200-9,36.910456,-80.31744,2024-07-01,115942,2025-02-12 00:16:32 UTC,P,,,2015-03-17,,,,,TESLA,US,,,,Public,,public,,,HOTEL,,,,,,,,,,,,,,,,,,,,,,,,,,false,
ELEC,Riverton Commons Shopping Center - Tesla Destination,10 Riverton Commons Dr,,Front Royal,VA,22630,,877-798-3752,E,,Public,,,,,,,5,,,Tesla Destination,https://www.tesla.com/destination-charging,200-9,38.962438,-78.189273,2024-07-01,115943,2025-02-12 00:16:32 UTC,P,,,2018-06-14,,,,,J1772 TESLA,US,,,,Public,,public,,,SHOPPING_CENTER,,,,,,,,,,,,,,,,,,,,,,,,,,false,
ELEC,Comfort Suites At Virginia Center Commons - Tesla Destination,10601 Telegraph Rd,,Glen Allen,VA,23059,,877-798-3752,E,,Public,,,,,,,4,,,Tesla Destination,https://www.tesla.com/destination-charging,200-9,37.674415,-77.450155,2024-07-01,115944,2025-02-12 00:16:32 UTC,P,,,2017-07-17,,,,,J1772 TESLA,US,,,,Public,,public,,,HOTEL,,,,,,,,,,,,,,,,,,,,,,,,,,false,
ELEC,Candlewood Suites Richmond North-Glen Allen - Tesla Destination,10609 Telegraph Rd,,Glen Allen,VA,23059,,877-798-3752,E,,Public,,,,,,,4,,,Tesla Destination,https://www.tesla.com/destination-charging,200-9,37.674316,-77.449464,2024-07-01,115945,2025-02-12 00:16:32 UTC,P,,,2017-07-17,,,,,J1772 TESLA,US,,,,Public,,public,,,HOTEL,,,,,,,,,,,,,,,,,,,,,,,,,,false,
ELEC,By the Side of the Road Inn & Cottages - Tesla Destination,491 Garbers Church Rd,,Harrisonburg,VA,22801,,877-798-3752,E,,Public,,,,,,,2,,,Tesla Destination,https://www.tesla.com/destination-charging,200-9,38.451507,-78.904156,2024-07-01,115947,2025-02-12 00:16:32 UTC,P,,,2015-05-07,,,,,J1772 TESLA,US,,,,Public,,public,,,INN,,,,,,,,,,,,,,,,,,,,,,,,,,false,
ELEC,Microtel Inn & Suites by Wyndham Harrisonburg - Tesla Destination,85 Pleasant Valley Rd,,Harrisonburg,VA,22801,,877-798-3752,E,,Public,,,,,,,4,,,Tesla Destination,https://www.tesla.com/destination-charging,200-9,38.405608,-78.907199,2024-07-01,115948,2025-02-12 00:16:32 UTC,P,,,2018-05-21,,,,,TESLA,US,,,,Public,,public,,,HOTEL,,,,,,,,,,,,,,,,,,,,,,,,,,false,
ELEC,Downtown Hopewell Virginia - Tesla Destination,220 Appomattox St,,Hopewell,VA,23860,,877-798-3752,E,,Public,,,,,,,2,,,Tesla Destination,https://www.tesla.com/destination-charging,200-9,37.305911,-77.28646,2024-07-01,115949,2025-02-12 00:16:32 UTC,P,,,2017-08-25,,,,,J1772 TESLA,US,,,,Public,,public,,,MUNI_GOV,,,,,,,,,,,,,,,,,,,,,,,,,,false,
ELEC,The Boathouse at City Point - Tesla Destination,701 W Randolph Rd,,Hopewell,VA,23860,,877-798-3752,E,,Public,,,,,,,1,,,Tesla Destination,https://www.tesla.com/destination-charging,200-8,37.308732,-77.294043,2024-07-01,115950,2025-02-12 00:16:32 UTC,P,,,2017-07-18,,,,,TESLA,US,,,,Public,,public,,,RESTAURANT,,,,,,,,,,,,,,,,,,,,,,,,,,false,
ELEC,The Tides Inn - Tesla Destination,480 King Carter Dr,,Irvington,VA,22480,,877-798-3752,E,,Public,,,,,,,3,,,Tesla Destination,https://www.tesla.com/destination-charging,200-8,37.664451,-76.432381,2024-07-01,115951,2025-02-12 00:16:32 UTC,P,,,2015-12-18,,,,,J1772 TESLA,US,,,,Public,,public,,,INN,,,,,,,,,,,,,,,,,,,,,,,,,,false,
ELEC,Keswick Hall & Golf Club - Tesla Destination,701 Club Dr,,Keswick,VA,22947,,877-798-3752,E,,Public,,,,,,,3,,,Tesla Destination,https://www.tesla.com/destination-charging,200-8,38.016727,-78.367276,2024-07-01,115952,2025-02-12 00:16:32 UTC,P,,,2015-05-12,,,,,J1772 TESLA,US,,,,Public,,public,,,HOTEL,,,,,,,,,,,,,,,,,,,,,,,,,,false,
ELEC,Lansdowne Resort - Tesla Destination,44050 Woodridge Pkwy,,Leesburg,VA,20176,,877-798-3752,E,,Public,,,,,,,4,,,Tesla Destination,https://www.tesla.com/destination-charging,200-9,39.0834,-77.475975,2024-07-01,115953,2025-02-12 00:16:32 UTC,P,,,2016-06-15,,,,,J1772 TESLA,US,,,,Public,,public,,,HOTEL,,,,,,,,,,,,,,,,,,,,,,,,,,false,
ELEC,Best Western Leesburg Hotel & Conference Center - Tesla Destination,726 E Market St,,Leesburg,VA,20176,,877-798-3752,E,,Public,,,,,,,4,,,Tesla Destination,https://www.tesla.com/destination-charging,200-9,39.106499,-77.545956,2024-07-01,115954,2025-02-12 00:16:32 UTC,P,,,2017-10-19,,,,,J1772 TESLA,US,,,,Public,,public,,,HOTEL,,,,,,,,,,,,,,,,,,,,,,,,,,false,
ELEC,Best Western Plus Inn at Hunt Ridge - Tesla Destination,25 Willow Springs Rd,,Lexington,VA,24450,,877-798-3752,E,,Public,,,,,,,6,,,Tesla Destination,https://www.tesla.com/destination-charging,200-9,37.804211,-79.415913,2024-07-01,115955,2025-02-12 00:16:32 UTC,P,,,2017-12-05,,,,,J1772 TESLA,US,,,,Public,,public,,,HOTEL,,,,,,,,,,,,,,,,,,,,,,,,,,false,
ELEC,Comfort Inn Virginia Horse Center - Tesla Destination,62 Comfort Wy,,Lexington,VA,24450,,877-798-3752,E,,Public,,,,,,,6,,,Tesla Destination,https://www.tesla.com/destination-charging,200-9,37.801513,-79.417941,2024-07-01,115956,2025-02-12 00:16:32 UTC,P,,,2017-12-05,,,,,J1772 TESLA,US,,,,Public,,public,,,HOTEL,,,,,,,,,,,,,,,,,,,,,,,,,,false,
ELEC,Brierley Hill Bed and Breakfast - Tesla Destination,985 Borden Rd,,Lexington,VA,24450,,877-798-3752,E,,Public,,,,,,,1,,,Tesla Destination,https://www.tesla.com/destination-charging,200-9,37.794705,-79.469917,2024-07-01,115957,2025-02-12 00:16:32 UTC,P,,,2015-04-13,,,,,TESLA,US,,,,Public,,public,,,B_AND_B,,,,,,,,,,,,,,,,,,,,,,,,,,false,
ELEC,Prospect Hill Plantation Inn - Tesla Destination,2887 Poindexter Rd,,Louisa County,VA,23093,,877-798-3752,E,,Public,,,,,,,2,,,Tesla Destination,https://www.tesla.com/destination-charging,200-9,37.99188,-78.165277,2024-07-01,115958,2025-02-12 00:16:32 UTC,P,,,2016-03-30,,,,,J1772 TESLA,US,,,,Public,,public,,,INN,,,,,,,,,,,,,,,,,,,,,,,,,,false,
ELEC,The Mimslyn Inn - Tesla Destination,401 W Main St,,Luray,VA,22835,,877-798-3752,E,,Public,,,,,,,2,,,Tesla Destination,https://www.tesla.com/destination-charging,200-9,38.664273,-78.466818,2024-07-01,115959,2025-02-12 00:16:32 UTC,P,,,2015-03-02,,,,,J1772 TESLA,US,,,,Public,,public,,,INN,,,,,,,,,,,,,,,,,,,,,,,,,,false,
ELEC,Shenandoah National Park - Skyland Resort - Tesla Destination,- Skyland Upper Loop Mile 41,,Luray,VA,22835,,877-798-3752,E,,Public,,,,,,,2,,,Tesla Destination,https://www.tesla.com/destination-charging,GPS,38.592057,-78.38108,2024-07-01,115960,2025-02-12 00:16:32 UTC,P,,,2017-06-22,,,,,J1772 TESLA,US,,,,Public,,public,,,NATL_PARK,,,,,,,,,,,,,,,,,,,,,,Shenandoah National Park,,,,false,
ELEC,Craddock Terry Hotel - Tesla Destination,1312 Commerce St,,Lynchburg,VA,24504,,877-798-3752,E,,Public,,,,,,,2,,,Tesla Destination,https://www.tesla.com/destination-charging,200-9,37.411188,-79.137818,2024-07-01,115961,2025-02-12 00:16:32 UTC,P,,,2018-07-18,,,,,TESLA,US,,,,Public,,public,,,HOTEL,,,,,,,,,,,,,,,,,,,,,,,,,,false,
ELEC,Courtyard by Marriott Liberty University/Lynchburg - Tesla Destination,4640 Murray Pl,,Lynchburg,VA,24502,,877-798-3752,E,,Public,,,,,,,2,,,Tesla Destination,https://www.tesla.com/destination-charging,200-9,37.368797,-79.173357,2024-07-01,115962,2025-02-12 00:16:32 UTC,P,,,2017-07-24,,,,,TESLA,US,,,,Public,,public,,,HOTEL,,,,,,,,,,,,,,,,,,,,,,,,,,false,
ELEC,Kinloch Golf Club - Tesla Destination,100 Kinloch Ln,,Manakin Sabot,VA,23103,,877-798-3752,E,,Public,,,,,,,3,,,Tesla Destination,https://www.tesla.com/destination-charging,200-9,37.635989,-77.68729,2024-07-01,115963,2025-02-12 00:16:32 UTC,P,,,2018-03-16,,,,,TESLA,US,,,,Public,,public,,,REC_SPORTS_FACILITY,,,,,,,,,,,,,,,,,,,,,,,,,,false,
ELEC,Field & Main Restaurant - Tesla Destination,8369 W Main St,,Marshall,VA,20115,,877-798-3752,E,,Public,,,,,,,2,,,Tesla Destination,https://www.tesla.com/destination-charging,200-9,38.864719,-77.857351,2024-07-01,115964,2025-02-12 00:16:32 UTC,P,,,2016-08-25,,,,,TESLA,US,,,,Public,,public,,,RESTAURANT,,,,,,,,,,,,,,,,,,,,,,,,,,false,
ELEC,"The Ritz-Carlton, Tysons Corner - Tesla Destination",1700 Tysons Blvd,,Mclean,VA,22012,,877-798-3752,E,,Public,,,,,,,2,,,Tesla Destination,https://www.tesla.com/destination-charging,200-9,38.924225,-77.2235,2024-07-01,115965,2025-02-12 00:16:32 UTC,P,,,2016-02-19,,,,,J1772 TESLA,US,,,,Public,,public,,,HOTEL,,,,,,,,,,,,,,,,,,,,,,,,,,false,
ELEC,Hilton McLean Tysons Corner - Tesla Destination,7920 Jones Branch Dr,,McLean,VA,22102,,877-798-3752,E,,Public,,,,,,,2,,,Tesla Destination,https://www.tesla.com/destination-charging,200-8,38.925974,-77.216181,2024-07-01,115967,2025-02-12 00:16:32 UTC,P,,,2015-08-14,,,,,TESLA,US,,,,Public,,public,,,HOTEL,,,,,,,,,,,,,,,,,,,,,,,,,,false,
ELEC,Primland - Tesla Destination,2000 Busted Rock Rd,,Meadows of Dan,VA,24120,,877-798-3752,E,,Public,,,,,,,1,,,Tesla Destination,https://www.tesla.com/destination-charging,200-8,36.661544,-80.43188,2024-07-01,115968,2025-02-12 00:16:32 UTC,P,,,2016-02-03,,,,,TESLA,US,,,,Public,,public,,,HOTEL,,,,,,,,,,,,,,,,,,,,,,,,,,false,
ELEC,50 West Vineyards - Tesla Destination,39060 John Mosby Hwy,,Middleburg,VA,20117,,877-798-3752,E,,Public,,,,,,,4,,,Tesla Destination,https://www.tesla.com/destination-charging,200-9,38.981218,-77.658244,2024-07-01,115969,2025-02-12 00:16:32 UTC,P,,,2018-03-13,,,,,J1772 TESLA,US,,,,Public,,public,,,BREWERY_DISTILLERY_WINERY,,,,,,,,,,,,,,,,,,,,,,,,,,false,
ELEC,Salamander Resort & Spa - Tesla Destination,500 N Pendleton St,,Middleburg,VA,20137,,877-798-3752,E,,Public,,,,,,,3,,,Tesla Destination,https://www.tesla.com/destination-charging,200-9,38.974469,-77.743378,2024-07-01,115970,2025-02-12 00:16:32 UTC,P,,,2017-09-29,,,,,TESLA,US,,,,Public,,public,,,HOTEL,,,,,,,,,,,,,,,,,,,,,,,,,,false,
ELEC,Independence Golf Club - Tesla Destination,600  Founders Bridge Blvd,,Midlothian,VA,23113,,877-798-3752,E,,Public,,,,,,,4,,,Tesla Destination,https://www.tesla.com/destination-charging,200-8,37.543733,-77.684625,2024-07-01,115971,2025-02-12 00:16:32 UTC,P,,,2017-06-02,,,,,TESLA,US,,,,Public,,public,,,REC_SPORTS_FACILITY,,,,,,,,,,,,,,,,,,,,,,,,,,false,
ELEC,James Madison's Montpelier - Tesla Destination,11350 Constitution Hwy,,Montpelier Station,VA,22957,,877-798-3752,E,,Public,,,,,,,8,,,Tesla Destination,https://www.tesla.com/destination-charging,GPS,38.217746,-78.171122,2024-07-01,115972,2025-02-12 00:16:32 UTC,P,,,2017-12-19,,,,,J1772 TESLA,US,,,,Public,,public,,,OTHER_ENTERTAINMENT,,,,,,,,,,,,,,,,,,,,,,,,,,false,
ELEC,Shenvalee Golf Resort - Tesla Destination,9660 Fairway Dr,,New Market,VA,22844,,877-798-3752,E,,Public,,,,,,,3,,,Tesla Destination,https://www.tesla.com/destination-charging,200-9,38.640043,-78.673807,2024-07-01,115973,2025-02-12 00:16:32 UTC,P,,,2017-01-30,,,,,J1772 TESLA,US,,,,Public,,public,,,HOTEL,,,,,,,,,,,,,,,,,,,,,,,,,,false,
ELEC,"Holiday Inn Express & Suites, Newport News - Tesla Destination",943 J Clyde Morris Blvd,,Newport News,VA,23601,,877-798-3752,E,,Public,,,,,,,5,,,Tesla Destination,https://www.tesla.com/destination-charging,200-9,37.092862,-76.460655,2024-07-01,115974,2025-02-12 00:16:32 UTC,P,,,2018-05-22,,,,,J1772 TESLA,US,,,,Public,,public,,,HOTEL,,,,,,,,,,,,,,,,,,,,,,,,,,false,
ELEC,Press 626 - Tesla Destination,626 W Olney Rd,,Norfolk,VA,23507,,877-798-3752,E,,Public,,,,,,,1,,,Tesla Destination,https://www.tesla.com/destination-charging,200-9,36.860532,-76.299693,2024-07-01,115975,2025-02-12 00:16:32 UTC,P,,,2016-03-29,,,,,TESLA,US,,,,Public,,public,,,RESTAURANT,,,,,,,,,,,,,,,,,,,,,,,,,,false,
ELEC,Thrift Store USA Norfolk - Tesla Destination,875 E Little Creek Rd,,Norfolk,VA,23518,,877-798-3752,E,,Public,,,,,,,1,,,Tesla Destination,https://www.tesla.com/destination-charging,200-9,36.914545,-76.247689,2024-07-01,115976,2025-02-12 00:16:32 UTC,P,,,2016-10-27,,,,,TESLA,US,,,,Public,,public,,,SHOPPING_CENTER,,,,,,,,,,,,,,,,,,,,,,,,,,false,
ELEC,"The Inn at Onancock, a Select Registry Property - Tesla Destination",30 North St,,Onancock,VA,23417,,877-798-3752,E,,Public,,,,,,,2,,,Tesla Destination,https://www.tesla.com/destination-charging,200-9,37.713858,-75.74734,2024-07-01,115977,2025-02-12 00:16:32 UTC,P,,,2015-05-08,,,,,J1772 TESLA,US,,,,Public,,public,,,INN,,,,,,,,,,,,,,,,,,,,,,,,,,false,
ELEC,Shrine Mont - Tesla Destination,217 Shrine Mont Cir,,Orkney Springs,VA,22845,,877-798-3752,E,,Public,,,,,,,4,,,Tesla Destination,https://www.tesla.com/destination-charging,200-8,38.794789,-78.816532,2024-07-01,115978,2025-02-12 00:16:32 UTC,P,,,2018-06-21,,,,,J1772 TESLA,US,,,,Public,,public,,,HOTEL,,,,,,,,,,,,,,,,,,,,,,,,,,false,
ELEC,"Inn at Riverbend, a Select Registry Property - Tesla Destination",125 River Ridge Dr,,Pearisburg,VA,24134,,877-798-3752,E,,Public,,,,,,,2,,,Tesla Destination,https://www.tesla.com/destination-charging,200-9,37.319736,-80.686176,2024-07-01,115979,2025-02-12 00:16:32 UTC,P,,,2015-06-12,,,,,J1772 TESLA,US,,,,Public,,public,,,INN,,,,,,,,,,,,,,,,,,,,,,,,,,false,
ELEC,The Commodore Theatre - Tesla Destination,421 High St,,Portsmouth,VA,23704,,877-798-3752,E,,Public,,,,,,,2,,,Tesla Destination,https://www.tesla.com/destination-charging,200-9,36.834926,-76.302028,2024-07-01,115980,2025-02-12 00:16:32 UTC,P,,,2015-05-26,,,,,TESLA,US,,,,Public,,public,,,OTHER_ENTERTAINMENT,,,,,,,,,,,,,,,,,,,,,,,,,,false,
ELEC,The Mermaids' Porch Bed and Breakfast - Tesla Destination,497 North St,,Portsmouth,VA,23704,,877-798-3752,E,,Public,,,,,,,1,,,Tesla Destination,https://www.tesla.com/destination-charging,200-9,36.838156,-76.302319,2024-07-01,115981,2025-02-12 00:16:32 UTC,P,,,2017-02-23,,,,,TESLA,US,,,,Public,,public,,,B_AND_B,,,,,,,,,,,,,,,,,,,,,,,,,,false,
ELEC,Sunset Hills Vineyard - Tesla Destination,38295 Fremont Overlook Ln,,Purcellville,VA,20132,,877-798-3752,E,,Public,,,,,,,4,,,Tesla Destination,https://www.tesla.com/destination-charging,200-9,39.179561,-77.677424,2024-07-01,115982,2025-02-12 00:16:32 UTC,P,,,2018-03-13,,,,,J1772 TESLA,US,,,,Public,,public,,,BREWERY_DISTILLERY_WINERY,,,,,,,,,,,,,,,,,,,,,,,,,,false,
ELEC,Steeles Tavern Manor and Alpine Hideaway Cabins - Tesla Destination,8400 N Lee Hwy,,Raphine,VA,24472,,877-798-3752,E,,Public,,,,,,,2,,,Tesla Destination,https://www.tesla.com/destination-charging,200-8,37.923771,-79.203633,2024-07-01,115983,2025-02-12 00:16:32 UTC,P,,,2015-03-23,,,,,J1772 TESLA,US,,,,Public,,public,,,HOTEL,,,,,,,,,,,,,,,,,,,,,,,,,,false,
ELEC,Walden Hall - Tesla Destination,17440 True Blue Ln,,Reva,VA,22735,,877-798-3752,E,,Public,,,,,,,2,,,Tesla Destination,https://www.tesla.com/destination-charging,200-9,38.460384,-78.128655,2024-07-01,115984,2025-02-12 00:16:32 UTC,P,,,2017-03-02,,,,,J1772 TESLA,US,,,,Public,,public,,,HOTEL,,,,,,,,,,,,,,,,,,,,,,,,,,false,
ELEC,Pupatella - Tesla Destination,1 N Morris St,,Richmond,VA,23220,,877-798-3752,E,,Public,,,,,,,2,,,Tesla Destination,https://www.tesla.com/destination-charging,200-9,37.546347,-77.456361,2024-07-01,115985,2025-02-12 00:16:32 UTC,P,,,2017-10-27,,,,,TESLA,US,,,,Public,,public,,,RESTAURANT,,,,,,,,,,,,,,,,,,,,,,,,,,false,
ELEC,The Jefferson Hotel - Tesla Destination,101 W Franklin St,,Richmond,VA,23220,,877-798-3752,E,,Public,,,,,,,3,,,Tesla Destination,https://www.tesla.com/destination-charging,200-9,37.543816,-77.444942,2024-07-01,115986,2025-02-12 00:16:32 UTC,P,,,2016-01-08,,,,,J1772 TESLA,US,,,,Public,,public,,,HOTEL,,,,,,,,,,,,,,,,,,,,,,,,,,false,
ELEC,Providence Golf Club - Tesla Destination,1160 S Providence Rd,,Richmond,VA,23236,,877-798-3752,E,,Public,,,,,,,4,,,Tesla Destination,https://www.tesla.com/destination-charging,200-9,37.48132,-77.555591,2024-07-01,115987,2025-02-12 00:16:32 UTC,P,,,2017-10-25,,,,,J1772 TESLA,US,,,,Public,,public,,,REC_SPORTS_FACILITY,,,,,,,,,,,,,,,,,,,,,,,,,,false,
ELEC,Hilton Richmond Hotel & Spa/Short Pump - Tesla Destination,12042 W Broad St,,Richmond,VA,23233,,877-798-3752,E,,Public,,,,,,,2,,,Tesla Destination,https://www.tesla.com/destination-charging,200-8,37.659337,-77.628263,2024-07-01,115988,2025-02-12 00:16:32 UTC,P,,,2017-05-30,,,,,TESLA,US,,,,Public,,public,,,HOTEL,,,,,,,,,,,,,,,,,,,,,,,,,,false,
ELEC,Wingate by Wyndham Richmond Short Pump - Tesla Destination,13991 N Gayton Rd,,Richmond,VA,23233,,877-798-3752,E,,Public,,,,,,,3,,,Tesla Destination,https://www.tesla.com/destination-charging,200-9,37.660164,-77.630903,2024-07-01,115989,2025-02-12 00:16:32 UTC,P,,,2017-04-12,,,,,J1772 TESLA,US,,,,Public,,public,,,HOTEL,,,,,,,,,,,,,,,,,,,,,,,,,,false,
ELEC,Richmond Main Street Station - Tesla Destination,1500 E Main St,,Richmond,VA,23219,,877-798-3752,E,,Public,,,,,,,1,,,Tesla Destination,https://www.tesla.com/destination-charging,200-9,37.534318,-77.428758,2024-07-01,115990,2025-02-12 00:16:32 UTC,P,,,2015-04-27,,,,,TESLA,US,,,,Public,,public,,,MUNI_GOV,,,,,,,,,,,,,,,,,,,,,,,,,,false,
ELEC,Quirk Hotel - Tesla Destination,201 West Broad St,,Richmond,VA,23220,,877-798-3752,E,,Public,,,,,,,2,,,Tesla Destination,https://www.tesla.com/destination-charging,200-9,37.546682,-77.443885,2024-07-01,115991,2025-02-12 00:16:32 UTC,P,,,2016-04-01,,,,,J1772 TESLA,US,,,,Public,,public,,,HOTEL,,,,,,,,,,,,,,,,,,,,,,,,,,false,
ELEC,Graduate Richmond - Tesla Destination,301 W Franklin St,,Richmond,VA,23220,,877-798-3752,E,,Public,,,,,,,2,,,Tesla Destination,https://www.tesla.com/destination-charging,200-8,37.545362,-77.446647,2024-07-01,115992,2025-02-12 00:16:32 UTC,P,,,2018-01-29,,,,,TESLA,US,,,,Public,,public,,,HOTEL,,,,,,,,,,,,,,,,,,,,,,,,,,false,
ELEC,Hyatt Place Richmond Airport - Tesla Destination,4401 S Laburnum Ave,,Richmond,VA,23231,,877-798-3752,E,,Public,,,,,,,2,,,Tesla Destination,https://www.tesla.com/destination-charging,200-8,37.530918,-77.358861,2024-07-01,115993,2025-02-12 00:16:32 UTC,P,,,2017-04-11,,,,,J1772 TESLA,US,,,,Public,,public,,,HOTEL,,,,,,,,,,,,,,,,,,,,,,,,,,false,
ELEC,Hilton Richmond Downtown - Tesla Destination,501 E Broad St,,Richmond,VA,23219,,877-798-3752,E,,Public,,,,,,,1,,,Tesla Destination,https://www.tesla.com/destination-charging,200-9,37.542205,-77.437577,2024-07-01,115994,2025-02-12 00:16:32 UTC,P,,,2016-01-13,,,,,TESLA,US,,,,Public,,public,,,HOTEL,,,,,,,,,,,,,,,,,,,,,,,,,,false,
ELEC,Triple Crossing Brewing - Fulton - Tesla Destination,5203 Hatcher St,,Richmond,VA,23231,,877-798-3752,E,,Public,,,,,,,3,,,Tesla Destination,https://www.tesla.com/destination-charging,200-9,37.512467,-77.406741,2024-07-01,115995,2025-02-12 00:16:32 UTC,P,,,2018-03-19,,,,,TESLA,US,,,,Public,,public,,,RESTAURANT,,,,,,,,,,,,,,,,,,,,,,,,,,false,
ELEC,Crowne Plaza Richmond Downtown - Tesla Destination,555 E Canal St,,Richmond,VA,23219,,877-798-3752,E,,Public,,,,,,,2,,,Tesla Destination,https://www.tesla.com/destination-charging,200-9,37.538185,-77.44109,2024-07-01,115996,2025-02-12 00:16:32 UTC,P,,,2017-05-30,,,,,J1772 TESLA,US,,,,Public,,public,,,HOTEL,,,,,,,,,,,,,,,,,,,,,,,,,,false,
ELEC,The Westin Richmond - Tesla Destination,6631 W Broad St,,Richmond,VA,23230,,877-798-3752,E,,Public,,,,,,,4,,,Tesla Destination,https://www.tesla.com/destination-charging,200-9,37.604272,-77.518319,2024-07-01,115997,2025-02-12 00:16:32 UTC,P,,,2016-02-13,,,,,J1772 TESLA,US,,,,Public,,public,,,HOTEL,,,,,,,,,,,,,,,,,,,,,,,,,,false,
ELEC,Homewood Suites by Hilton Richmond-Downtown - Tesla Destination,700 E Main St,,Richmond,VA,23219,,877-798-3752,E,,Public,,,,,,,1,,,Tesla Destination,https://www.tesla.com/destination-charging,200-9,37.539373,-77.43763,2024-07-01,115998,2025-02-12 00:16:32 UTC,P,,,2017-07-17,,,,,TESLA,US,,,,Public,,public,,,HOTEL,,,,,,,,,,,,,,,,,,,,,,,,,,false,
ELEC,Quality Inn West End - Tesla Destination,8008 W Broad St,,Richmond,VA,23294,,877-798-3752,E,,Public,,,,,,,2,,,Tesla Destination,https://www.tesla.com/destination-charging,200-9,37.626376,-77.528253,2024-07-01,115999,2025-02-12 00:16:32 UTC,P,,,2017-07-13,,,,,J1772 TESLA,US,,,,Public,,public,,,HOTEL,,,,,,,,,,,,,,,,,,,,,,,,,,false,
ELEC,"Country Inn & Suites By Carlson, Richmond W I-64 - Tesla Destination",8010 W Broad St,,Richmond,VA,23294,,877-798-3752,E,,Public,,,,,,,4,,,Tesla Destination,https://www.tesla.com/destination-charging,200-9,37.625913,-77.527317,2024-07-01,116000,2025-02-12 00:16:32 UTC,P,,,2017-07-14,,,,,J1772 TESLA,US,,,,Public,,public,,,HOTEL,,,,,,,,,,,,,,,,,,,,,,,,,,false,
ELEC,"Country Inn & Suites By Carlson, Roanoke, VA - Tesla Destination",7860 Plantation Rd,,Roanoke,VA,24019,,877-798-3752,E,,Public,,,,,,,6,,,Tesla Destination,https://www.tesla.com/destination-charging,200-9,37.354562,-79.956722,2024-07-01,116001,2025-02-12 00:16:32 UTC,P,,,2017-06-21,,,,,J1772 TESLA,US,,,,Public,,public,,,HOTEL,,,,,,,,,,,,,,,,,,,,,,,,,,false,
ELEC,Holiday Inn Express Roanoke - Civic Center - Tesla Destination,815 Gainsboro Rd NW,,Roanoke,VA,24016,,877-798-3752,E,,Public,,,,,,,6,,,Tesla Destination,https://www.tesla.com/destination-charging,200-8,37.281753,-79.940541,2024-07-01,116002,2025-02-12 00:16:32 UTC,P,,,2017-07-17,,,,,J1772 TESLA,US,,,,Public,,public,,,HOTEL,,,,,,,,,,,,,,,,,,,,,,,,,,false,
ELEC,Hotel Roanoke and Conference Center - Tesla Destination,110 Shenandoah Ave NW,,Roanoke,VA,24016,,877-798-3752,E,,Public,,,,,,,2,,,Tesla Destination,https://www.tesla.com/destination-charging,200-8,37.274677,-79.939302,2024-07-01,116003,2025-02-12 00:16:32 UTC,P,,,2016-06-06,,,,,TESLA,US,,,,Public,,public,,,HOTEL,,,,,,,,,,,,,,,,,,,,,,,,,,false,
ELEC,Claiborne House Bed & Breakfast - Tesla Destination,185 Claiborne Ave,,Rocky Mount,VA,24151,,877-798-3752,E,,Public,,,,,,,1,,,Tesla Destination,https://www.tesla.com/destination-charging,200-9,36.999977,-79.889484,2024-07-01,116004,2025-02-12 00:16:32 UTC,P,,,2015-07-15,,,,,TESLA,US,,,,Public,,public,,,B_AND_B,,,,,,,,,,,,,,,,,,,,,,,,,,false,
ELEC,Hampton Inn Salem East-Electric Road - Tesla Destination,1886 Electric Rd,,Salem,VA,24153,,877-798-3752,E,,Public,,,,,,,2,,,Tesla Destination,https://www.tesla.com/destination-charging,200-8,37.265168,-80.03218,2024-07-01,116005,2025-02-12 00:16:32 UTC,P,,,2016-03-25,,,,,TESLA,US,,,,Public,,public,,,HOTEL,,,,,,,,,,,,,,,,,,,,,,,,,,false,
ELEC,Smithfield Station - Tesla Destination,415 S Church St,,Smithfield,VA,23430,,877-798-3752,E,,Public,,,,,,,4,,,Tesla Destination,https://www.tesla.com/destination-charging,200-9,36.982455,-76.623011,2024-07-01,116006,2025-02-12 00:16:32 UTC,P,,,2017-11-03,,,,,TESLA,US,,,,Public,,public,,,HOTEL,,,,,,,,,,,,,,,,,,,,,,,,,,false,
ELEC,Oak Grove Plantation Bed and Breakfast - Tesla Destination,1245 Cluster Springs Rd,,South Boston,VA,24592,,877-798-3752,E,,Public,,,,,,,2,,,Tesla Destination,https://www.tesla.com/destination-charging,200-9,36.611201,-78.929852,2024-07-01,116007,2025-02-12 00:16:32 UTC,P,,,2016-06-22,,,,,J1772 TESLA,US,,,,Public,,public,,,B_AND_B,,,,,,,,,,,,,,,,,,,,,,,,,,false,
ELEC,Sleep Inn Staunton - Tesla Destination,222 Jefferson Hwy,,Staunton,VA,24401,,877-798-3752,E,,Public,,,,,,,6,,,Tesla Destination,https://www.tesla.com/destination-charging,200-9,38.125257,-79.030738,2024-07-01,116008,2025-02-12 00:16:32 UTC,P,,,2017-11-01,,,,,J1772 TESLA,US,,,,Public,,public,,,INN,,,,,,,,,,,,,,,,,,,,,,,,,,false,
ELEC,Berkeley House Bed and Breakfast - Tesla Destination,303 Berkeley Pl,,Staunton,VA,24401,,877-798-3752,E,,Public,,,,,,,1,,,Tesla Destination,https://www.tesla.com/destination-charging,200-9,38.150831,-79.068383,2024-07-01,116009,2025-02-12 00:16:32 UTC,P,,,2016-12-20,,,,,TESLA,US,,,,Public,,public,,,B_AND_B,,,,,,,,,,,,,,,,,,,,,,,,,,false,
ELEC,Best Western Staunton Inn - Tesla Destination,92 Rowe Rd,,Staunton,VA,24401,,877-798-3752,E,,Public,,,,,,,6,,,Tesla Destination,https://www.tesla.com/destination-charging,200-9,38.126049,-79.034742,2024-07-01,116010,2025-02-12 00:16:32 UTC,P,,,2018-01-30,,,,,J1772 TESLA,US,,,,Public,,public,,,HOTEL,,,,,,,,,,,,,,,,,,,,,,,,,,false,
ELEC,Hampton Inn Stony Creek/Petersburg Area - Tesla Destination,10476 Blue Star Hwy,,Stony Creek,VA,23882,,877-798-3752,E,,Public,,,,,,,3,,,Tesla Destination,https://www.tesla.com/destination-charging,200-8,36.974829,-77.394007,2024-07-01,116011,2025-02-12 00:16:32 UTC,P,,,2017-08-30,,,,,TESLA,US,,,,Public,,public,,,HOTEL,,,,,,,,,,,,,,,,,,,,,,,,,,false,
ELEC,Front Porch Market & Grill - Tesla Destination,6483 Main St,,The Plains,VA,22682,,877-798-3752,E,,Public,,,,,,,2,,,Tesla Destination,https://www.tesla.com/destination-charging,200-9,38.861855,-77.774148,2024-07-01,116012,2025-02-12 00:16:32 UTC,P,,,2017-07-27,,,,,TESLA,US,,,,Public,,public,,,RESTAURANT,,,,,,,,,,,,,,,,,,,,,,,,,,false,
ELEC,Comfort Inn Troutville - Roanoke North - Tesla Destination,2545 Lee Hwy,,Troutville,VA,24175,,877-798-3752,E,,Public,,,,,,,6,,,Tesla Destination,https://www.tesla.com/destination-charging,200-9,37.383557,-79.903663,2024-07-01,116013,2025-02-12 00:16:32 UTC,P,,,2018-03-07,,,,,J1772 TESLA,US,,,,Public,,public,,,HOTEL,,,,,,,,,,,,,,,,,,,,,,,,,,false,
ELEC,"Sugar Tree Inn, a Select Registry Property - Tesla Destination",145 Lodge Trl,,Vesuvius,VA,24483,,877-798-3752,E,,Public,,,,,,,2,,,Tesla Destination,https://www.tesla.com/destination-charging,200-9,37.887169,-79.164274,2024-07-01,116014,2025-02-12 00:16:32 UTC,P,,,2015-08-18,,,,,J1772 TESLA,US,,,,Public,,public,,,INN,,,,,,,,,,,,,,,,,,,,,,,,,,false,
ELEC,Four Points by Sheraton Virginia Beach Oceanfront - Tesla Destination,1211 Atlantic Ave,,Virginia Beach,VA,23451,,877-798-3752,E,,Public,,,,,,,4,,,Tesla Destination,https://www.tesla.com/destination-charging,200-9,36.841355,-75.972945,2024-07-01,116015,2025-02-12 00:16:32 UTC,P,,,2016-07-12,,,,,J1772 TESLA,US,,,,Public,,public,,,HOTEL,,,,,,,,,,,,,,,,,,,,,,,,,,false,
ELEC,Wasserhund Brewing Company - Tesla Destination,1805 Laskin Rd,,Virginia Beach,VA,23454,,877-798-3752,E,,Public,,,,,,,3,,,Tesla Destination,https://www.tesla.com/destination-charging,200-9,36.848934,-76.027545,2024-07-01,116016,2025-02-12 00:16:32 UTC,P,,,2017-07-31,,,,,J1772 TESLA,US,,,,Public,,public,,,RESTAURANT,,,,,,,,,,,,,,,,,,,,,,,,,,false,
ELEC,Il Gardino - Tesla Destination,2105 W Great Neck Rd,,Virginia Beach,VA,23451,,877-798-3752,E,,Public,,,,,,,2,,,Tesla Destination,https://www.tesla.com/destination-charging,200-9,36.905055,-76.070242,2024-07-01,116017,2025-02-12 00:16:32 UTC,P,,,2017-10-26,,,,,TESLA,US,,,,Public,,public,,,RESTAURANT,,,,,,,,,,,,,,,,,,,,,,,,,,false,
ELEC,PRESS wine bar - Tesla Destination,2301 Red Tide Rd,,Virginia Beach,VA,23451,,877-798-3752,E,,Public,,,,,,,4,,,Tesla Destination,https://www.tesla.com/destination-charging,200-9,36.911467,-76.074297,2024-07-01,116018,2025-02-12 00:16:32 UTC,P,,,2018-02-26,,,,,TESLA,US,,,,Public,,public,,,RESTAURANT,,,,,,,,,,,,,,,,,,,,,,,,,,false,
ELEC,"Beach Spa Bed & Breakfast,a Select Registry Property - Tesla Destination",2420 Arctic Ave,,Virginia Beach,VA,23451,,877-798-3752,E,,Public,,,,,,,2,,,Tesla Destination,https://www.tesla.com/destination-charging,200-9,36.852647,-75.979855,2024-07-01,116019,2025-02-12 00:16:32 UTC,P,,,2016-11-18,,,,,TESLA,US,,,,Public,,public,,,B_AND_B,,,,,,,,,,,,,,,,,,,,,,,,,,false,
ELEC,First Landing State Park - Tesla Destination,2500 Shore Dr,,Virginia Beach,VA,23451,,877-798-3752,E,,Public,,,,,,,3,,,Tesla Destination,https://www.tesla.com/destination-charging,200-8,36.9182,-76.053356,2024-07-01,116020,2025-02-12 00:16:32 UTC,P,,,2018-06-22,,,,,J1772 TESLA,US,,,,Public,,public,,,PARK,,,,,,,,,,,,,,,,,,,,,,,,,,false,
ELEC,Il Giardino Ristorante 2 - Tesla Destination,2500 Tournament Dr,,Virginia Beach,VA,23456,,877-798-3752,E,,Public,,,,,,,4,,,Tesla Destination,https://www.tesla.com/destination-charging,200-8,36.759286,-76.074755,2024-07-01,116021,2025-02-12 00:16:32 UTC,P,,,2018-06-14,,,,,TESLA,US,,,,Public,,public,,,RESTAURANT,,,,,,,,,,,,,,,,,,,,,,,,,,false,
ELEC,Hyatt House Virginia Beach Oceanfront - Tesla Destination,2705 Atlantic Ave,,Virginia Beach,VA,23451,,877-798-3752,E,,Public,,,,,,,3,,,Tesla Destination,https://www.tesla.com/destination-charging,200-9,36.855897,-75.97682,2024-07-01,116022,2025-02-12 00:16:32 UTC,P,,,2017-06-19,,,,,J1772 TESLA,US,,,,Public,,public,,,HOTEL,,,,,,,,,,,,,,,,,,,,,,,,,,false,
ELEC,Atrium Resort - Tesla Destination,315 21st St,,Virginia Beach,VA,23451,,877-798-3752,E,,Public,,,,,,,2,,,Tesla Destination,https://www.tesla.com/destination-charging,200-9,36.849186,-75.977964,2024-07-01,116023,2025-02-12 00:16:32 UTC,P,,,2016-02-16,,,,,TESLA,US,,,,Public,,public,,,HOTEL,,,,,,,,,,,,,,,,,,,,,,,,,,false,
ELEC,The Cavalier Virginia Beach - Tesla Destination,4200 Atlantic Ave,,Virginia Beach,VA,23451,,877-798-3752,E,,Public,,,,,,,4,,,Tesla Destination,https://www.tesla.com/destination-charging,200-9,36.86894,-75.984453,2024-07-01,116024,2025-02-12 00:16:32 UTC,P,,,2018-06-13,,,,,J1772 TESLA,US,,,,Public,,public,,,HOTEL,,,,,,,,,,,,,,,,,,,,,,,,,,false,
ELEC,Mermaid Winery - Tesla Destination,4401 Shore Dr,,Virginia Beach,VA,23455,,877-798-3752,E,,Public,,,,,,,3,,,Tesla Destination,https://www.tesla.com/destination-charging,200-9,36.904677,-76.123094,2024-07-01,116025,2025-02-12 00:16:32 UTC,P,,,2018-02-26,,,,,J1772 TESLA,US,,,,Public,,public,,,BREWERY_DISTILLERY_WINERY,,,,,,,,,,,,,,,,,,,,,,,,,,false,
ELEC,Pembroke Mall - Tesla Destination,4554 Virginia Beach Blvd,,Virginia Beach,VA,23462,,877-798-3752,E,,Public,,,,,,,3,,,Tesla Destination,https://www.tesla.com/destination-charging,200-8,36.84446,-76.134411,2024-07-01,116026,2025-02-12 00:16:32 UTC,P,,,2017-11-30,,,,,J1772 TESLA,US,,,,Public,,public,,,SHOPPING_CENTER,,,,,,,,,,,,,,,,,,,,,,,,,,false,
ELEC,Founders Inn and Spa - Tesla Destination,5641 Indian River Rd,,Virginia Beach,VA,23464,,877-798-3752,E,,Public,,,,,,,2,,,Tesla Destination,https://www.tesla.com/destination-charging,200-9,36.802211,-76.190142,2024-07-01,116027,2025-02-12 00:16:32 UTC,P,,,2015-08-18,,,,,TESLA,US,,,,Public,,public,,,HOTEL,,,,,,,,,,,,,,,,,,,,,,,,,,false,
ELEC,CROC'S 19th Street Bistro - Tesla Destination,620 19th St,,Virginia Beach,VA,23451,,877-798-3752,E,,Public,,,,,,,2,,,Tesla Destination,https://www.tesla.com/destination-charging,200-9,36.845576,-75.983128,2024-07-01,116028,2025-02-12 00:16:32 UTC,P,,,2015-10-13,,,,,J1772 TESLA,US,,,,Public,,public,,,RESTAURANT,,,,,,,,,,,,,,,,,,,,,,,,,,false,
ELEC,Il Giardino Ristorante Atlantic Ave - Tesla Destination,910 Atlantic Ave,,Virginia Beach,VA,23451,,877-798-3752,E,,Public,,,,,,,2,,,Tesla Destination,https://www.tesla.com/destination-charging,200-9,36.83843,-75.972732,2024-07-01,116029,2025-02-12 00:16:32 UTC,P,,,2018-02-08,,,,,TESLA,US,,,,Public,,public,,,RESTAURANT,,,,,,,,,,,,,,,,,,,,,,,,,,false,
ELEC,Poplar Springs Inn & Spa - Tesla Destination,5025 Casanova Rd,,Warrenton,VA,20187,,877-798-3752,E,,Public,,,,,,,2,,,Tesla Destination,https://www.tesla.com/destination-charging,200-9,38.651111,-77.713847,2024-07-01,116030,2025-02-12 00:16:32 UTC,P,,,2017-06-22,,,,,TESLA,US,,,,Public,,public,,,INN,,,,,,,,,,,,,,,,,,,,,,,,,,false,
ELEC,Foster Harris House - Tesla Destination,189 Main St,,Washington,VA,22747,,877-798-3752,E,,Public,,,,,,,1,,,Tesla Destination,https://www.tesla.com/destination-charging,200-9,38.710569,-78.161097,2024-07-01,116031,2025-02-12 00:16:32 UTC,P,,,2015-12-07,,,,,TESLA,US,,,,Public,,public,,,HOTEL,,,,,,,,,,,,,,,,,,,,,,,,,,false,
ELEC,The Inn at Little Washington - Tesla Destination,309 Middle St,,Washington,VA,22747,,877-798-3752,E,,Public,,,,,,,4,,,Tesla Destination,https://www.tesla.com/destination-charging,200-9,38.713727,-78.159574,2024-07-01,116032,2025-02-12 00:16:32 UTC,P,,,2015-11-12,,,,,J1772 TESLA,US,,,,Public,,public,,,INN,,,,,,,,,,,,,,,,,,,,,,,,,,false,
ELEC,Iris Inn Bed & Breakfast - Tesla Destination,191 Chinquapin Dr,,Waynesboro,VA,22980,,877-798-3752,E,,Public,,,,,,,2,,,Tesla Destination,https://www.tesla.com/destination-charging,200-9,38.044024,-78.904522,2024-07-01,116033,2025-02-12 00:16:32 UTC,P,,,2015-03-31,,,,,J1772 TESLA,US,,,,Public,,public,,,B_AND_B,,,,,,,,,,,,,,,,,,,,,,,,,,false,
ELEC,New Quarter Park - Tesla Destination,1000 Lakeshead Dr,,Williamsburg,VA,23185,,877-798-3752,E,,Public,,,,,,,3,,,Tesla Destination,https://www.tesla.com/destination-charging,200-9,37.29382,-76.645349,2024-07-01,116034,2025-02-12 00:16:32 UTC,P,,,2018-03-28,,,,,J1772 TESLA,US,,,,Public,,public,,,MUNI_GOV,,,,,,,,,,,,,,,,,,,,,,,,,,false,
ELEC,DoubleTree by Hilton Williamsburg - Tesla Destination,50 Kingsmill Rd,,Williamsburg,VA,23185,,877-798-3752,E,,Public,,,,,,,2,,,Tesla Destination,https://www.tesla.com/destination-charging,200-8,37.243124,-76.659679,2024-07-01,116035,2025-02-12 00:16:32 UTC,P,,,2017-01-23,,,,,TESLA,US,,,,Public,,public,,,HOTEL,,,,,,,,,,,,,,,,,,,,,,,,,,false,
ELEC,Riverwalk Landing Parking Deck - Tesla Destination,330 Water St,,Yorktown,VA,23690,,877-798-3752,E,,Public,,,,,,,1,,,Tesla Destination,https://www.tesla.com/destination-charging,200-9,37.238331,-76.509319,2024-07-01,116036,2025-02-12 00:16:32 UTC,P,,,2017-11-03,,,,,TESLA,US,,,,Public,,public,,,PAY_GARAGE,,,,,,,,,,,,,,,,,,,,,,,,,,false,
ELEC,City of Danville - Farmers' Market,629 Craghead St,,Danville,VA,24541,,434-799-5245,E,,Public,24 hours daily; maximum session time of one hour,,,,,,1,,,Non-Networked,,GPS,36.584304,-79.385308,2024-12-10,116758,2025-02-12 00:16:32 UTC,LG,,,2018-06-01,,,,,J1772,US,,,,Public,,public,,,MUNI_GOV,,,,,,,Free,,,,,,,,,SOLAR,false,,,,,,,,LD,false,
ELEC,Sheetz - Tesla Supercharger,15315 Washington Street,,Haymarket,VA,20169,,877-798-3752,E,,Public,24 hours daily. Please check Tesla's online station map to see if an adapter is required at this location.,,,,,,,8,,Tesla,https://www.tesla.com/supercharger,GPS,38.814873,-77.643702,2024-07-01,116819,2025-05-06 21:07:47 UTC,P,,,2018-12-01,,,,,TESLA,US,,,,Public,,public,,,SHOPPING_CENTER,,,,,,,,,,,,,,,,,,,,,,,,,,false,
ELEC,SIMON FASHIONCENTER 1,1100  S Hayes St,,Arlington,VA,22202,,888-758-4389,E,,Public,24 hours daily,,,,,,1,,,ChargePoint Network,https://www.chargepoint.com,GPS,38.861429,-77.058564,2026-06-09,116896,2026-06-09 01:37:03 UTC,,,,2019-01-10,,,,,J1772,US,,,,Public,,public,,,,,,,,,,,,,,,,,,,,false,,,,,,,,,false,
ELEC,One Parking,1616 N Fort Myer Dr,,Arlington,VA,22209,,703-522-5428,E,,Public,6:30am-8pm M-F,,,,,,2,,,Non-Networked,,GPS,38.893019,-77.07262,2025-12-12,117493,2026-02-02 23:16:24 UTC,P,,,2019-01-01,,,,,J1772,US,,,,Public,,public,,,OFFICE_BLDG,,,,,,,Free; parking fee,,,,,,,,,,false,,,,,,,,LD,false,
ELEC,Eastern Mennonite University - Hartzler Library,1160 Park Rd,,Harrisonburg,VA,22802,,540-432-4000,E,,Public,24 hours daily,,,,,,2,,,Non-Networked,,GPS,38.469859,-78.87888,2025-12-12,117494,2026-02-02 23:16:24 UTC,P,,,2019-01-01,,,,,J1772,US,,,,Public,,public,,,COLLEGE_CAMPUS,,,,,,,Free,,,,,,,,,,false,,,,,,,,LD,false,
ELEC,Virginia Tech - Research Center,900 N Glebe Rd,,Arlington,VA,22203,,703-243-7281,E,,Public,24 hours daily; pay lot,,,,,,2,,,Non-Networked,,GPS,38.8807914,-77.1157237,2025-12-12,117501,2026-02-02 23:16:24 UTC,P,,,2014-12-31,,,,,J1772,US,,,,Public,,public,,,COLLEGE_CAMPUS,,,,,,,free,,,,,,,,,,false,,,,,,,,LD,false,
ELEC,Crystal City Shops,2345 Crystal Dr,,Arlington,VA,22202,,703-842-2971,E,,Public,6am-12am M-F; pay lot,,,,,,3,,,Non-Networked,,GPS,38.85334,-77.0493,2025-12-12,117502,2026-02-02 23:16:24 UTC,P,,,2014-12-31,,,,,J1772,US,,,,Public,,public,,,SHOPPING_CENTER,,,,,,,$0.35 per kWh,,,,,,,,,,false,,,,,,,,LD,false,
ELEC,Mason Street Parking Deck,715 S Mason St,,Harrisonburg,VA,22801,,540-564-0200,E,,Public,24 hours daily; priority for guest use; paying lot,,,,,,4,,,Non-Networked,,200-9,38.441081,-78.871454,2025-12-12,117506,2026-02-02 23:16:24 UTC,P,,,2018-04-26,,,,,J1772,US,,,,Public,,public,,,PARKING_GARAGE,,,,,,,Free,,,,,,,,,,true,,,,,,,,LD,false,
ELEC,Shenandoah University - Wilkins Athletics & Events Center Parking,1188 Ralph Shockey Dr,Located past the Wilkins Athletics & Events Center,Winchester,VA,22602,,540-665-4500,E,,Public,24 hours daily,,,,,,4,,,Non-Networked,,GPS,39.167803,-78.152172,2024-02-12,117508,2025-02-12 00:16:32 UTC,P,,,2018-07-10,,,,,J1772 TESLA,US,,,,Public,,public,,,COLLEGE_CAMPUS,,,,,,,Free,,,,,,,,,,false,,,,,,,,LD,false,
ELEC,Residence Inn - Blacksburg,850 Prices Fork Rd,,Blacksburg,VA,24060,,540-750-4400,E,,Public,24 hours daily,,,,,,2,,,Non-Networked,,200-8,37.23173,-80.431354,2025-12-12,117511,2026-02-02 23:16:24 UTC,P,,,2018-08-09,,,,,J1772,US,,,,Public,,public,,,HOTEL,,,,,,,,,,,,,,,,,false,,,,,,,,LD,false,
ELEC,Wyndham - Patriots' Place,222 House of Burgesses Way,,Williamsburg,VA,23185,,757-220-5300,E,,Public,24 hours daily; for guest use only,,,,,,2,,,Non-Networked,,200-8,37.286687,-76.709641,2025-12-12,117512,2026-02-02 23:16:24 UTC,P,,,2019-01-01,,,,,J1772,US,,,,Public,,public,,,HOTEL,,,,,,,Free,,,,,,,,,,true,,,,,,,,LD,false,
ELEC,Classic Kitchen and Bath,1930 Deyerle Ave,,Harrisonburg,VA,22801,,540-437-1990,E,,Public,8am-5pm daily,,,,,,1,,,Non-Networked,,200-9,38.428265,-78.850296,2025-12-12,117513,2026-02-02 23:16:24 UTC,P,,,2018-09-15,,,,,J1772,US,,,,Public,,public,,,SHOPPING_CENTER,,,,,,,Free,,,,,,,,,,false,,,,,,,,LD,false,
ELEC,Shenandoah University - Brandt Student Center,703 University Dr,Located in the parking garage,Winchester,VA,22601,,540-665-4907,E,,Public,24 hours daily,,,,,,2,,,Non-Networked,,GPS,39.167978,-78.157785,2024-02-12,117514,2025-02-12 00:16:32 UTC,P,,,2018-10-21,,,,,J1772 TESLA,US,,,,Public,,public,,,COLLEGE_CAMPUS,,,,,,,Free,,,,,,,,,,false,,,,,,,,LD,false,
ELEC,Tru by Hilton,120 Crossing Way,,Staunton,VA,24401,,540-213-4000,E,,Public,24 hours daily; for guest use only,,,,,,3,,,Non-Networked,,GPS,38.131118,-79.036863,2025-12-12,117515,2026-02-02 23:16:24 UTC,P,,,2018-12-11,,,,,J1772 TESLA,US,,,,Public,,public,,,HOTEL,,,,,,,Free,,,,,,,,,,true,,,,,,,,LD,false,
ELEC,LOUDOUN COUNTY SJP L S3,39464 E Colonial Hwy,,Hamilton,VA,20158,,888-758-4389,E,,Public,24 hours daily,,,,,,1,,,ChargePoint Network,https://www.chargepoint.com,GPS,39.136327,-77.636014,2026-06-09,117561,2026-06-09 01:37:36 UTC,,,,2019-02-01,,,,,J1772,US,,,,Public,,public,,,,,,,,,,,,,,,,,,,,false,,,,,,,,,false,
ELEC,Richmond Spine Interventions,14404 Sommerville Ct,,Midlothian,VA,23113,,804-378-1800,E,,Public,24 hours daily,,,,,,1,,,Non-Networked,,200-9,37.509413,-77.674511,2024-01-09,117608,2024-01-31 22:07:01 UTC,P,,,2017-11-01,,,,,J1772,US,,,,Public,,public,,,OFFICE_BLDG,,,,,,,Free,,,,,,,,,,false,,,,,,,,LD,true,
ELEC,PHEV SHOP 01,11670 Midlothian Turnpike,Inside service bay 14,Midlothian,VA,23113,,888-758-4389,E,,Public,24 hours daily,,,,,,1,,,ChargePoint Network,https://www.chargepoint.com,GPS,37.505807,-77.613833,2026-06-09,120798,2026-06-09 01:34:37 UTC,,,,2019-03-12,,,,,J1772,US,,,,Public,,public,,,,,,,,,,,,,,,,,,,,false,,,,,,,,,false,
ELEC,LIBBIE MILL C2,5001 Libbie Mill E Blvd.,Location just west of the southside entrance of the Penstock Quarter Apt Bldg,Richmond,VA,23230,,888-758-4389,E,,Public,24 hours daily,,,,,,2,,,ChargePoint Network,https://www.chargepoint.com,GPS,37.589808,-77.495321,2026-06-09,120835,2026-06-09 01:38:41 UTC,,,,2019-03-14,,,,,J1772,US,,,,Public,,public,,,,,,,,,,,,,,,,,,,,false,,,,,,,,,false,
ELEC,CASEYHONDA STATION01,12943 Jefferson Ave,Showroom,Newport News,VA,23608,,888-758-4389,E,,Public,24 hours daily,,,,,,2,,,ChargePoint Network,https://www.chargepoint.com,GPS,37.153133,-76.532621,2026-06-09,120866,2026-06-09 01:38:10 UTC,,,,2019-03-15,,,,,J1772,US,,,,Public,,public,,,,,,,,,,,,,,,,,,,,false,,,,,,,,,false,
ELEC,Sheetz - Tesla Supercharger,1250 Richmond Avenue,,Stauton,VA,24402,,877-798-3752,E,,Public,24 hours daily. Please check Tesla's online station map to see if an adapter is required at this location.,,,,,,,8,,Tesla,https://www.tesla.com/supercharger,200-9,38.133369,-79.043478,2024-07-01,122310,2025-05-06 21:07:47 UTC,P,,,2019-03-01,,,,,TESLA,US,,,,Public,,public,,,,,,,,,,,,,,,,,,,,,,,,,,,,,false,
ELEC,The Row at GreenGate - Tesla Destination,12201 W Broad St,,Glen Allen,VA,23233,,877-798-3752,E,,Public,,,,,,,6,,,Tesla Destination,https://www.tesla.com/destination-charging,200-8,37.657489,-77.635977,2024-07-01,122578,2025-02-12 00:16:32 UTC,P,,,2018-10-10,,,,,J1772 TESLA,US,,,,Public,,public,,,,,,,,,,,,,,,,,,,,,,,,,,,,,false,
ELEC,"Sam's Club 6518 (Bristol, VA)",13249 Lee Highway,,Bristol,VA,24202,,833-632-2778,E,,Public,24 hours daily,,,,,,,4,,Electrify America,https://www.electrifyamerica.com,GPS,36.63576,-82.12762,2026-06-09,122837,2026-06-09 03:18:42 UTC,,,,2019-05-17,,,,,CHADEMO J1772COMBO,US,,,,Public,,public,,,,,,,,,,,,,,,,,,,,false,,,,,,,,,false,
ELEC,Two Liberty Center - Tesla Destination,4075 Wilson Blvd,,Arlington,VA,22203,,877-798-3752,E,,Public,,,,,,,6,,,Tesla Destination,https://www.tesla.com/destination-charging,GPS,38.880383,-77.108511,2024-07-01,137148,2025-02-12 00:16:32 UTC,P,,,2019-05-13,,,,,J1772 TESLA,US,,,,Public,,public,,,PARKING_GARAGE,,,,,,,,,,,,,,,,,,,,,,,,,,false,
ELEC,1701 Duke Street - Tesla Destination,1701 Duke St,,Alexandria,VA,22314,,877-798-3752,E,,Public,,,,,,,3,,,Tesla Destination,https://www.tesla.com/destination-charging,GPS,38.805082,-77.0596,2024-07-01,137181,2025-02-12 00:16:32 UTC,P,,,2019-04-04,,,,,J1772 TESLA,US,,,,Public,,public,,,PARKING_GARAGE,,,,,,,,,,,,,,,,,,,,,,,,,,false,
ELEC,1320 N Courthouse Garage - Tesla Destination,1320 N Courthouse Rd,,Arlington,VA,22201,,877-798-3752,E,,Public,,,,,,,4,,,Tesla Destination,https://www.tesla.com/destination-charging,GPS,38.888762,-77.084247,2024-07-01,137182,2025-02-12 00:16:32 UTC,P,,,2019-04-12,,,,,J1772 TESLA,US,,,,Public,,public,,,PARKING_GARAGE,,,,,,,,,,,,,,,,,,,,,,,,,,false,
ELEC,Clarendon Square - Tesla Destination,3033 Wilson Blvd,,Arlington,VA,22201,,877-798-3752,E,,Public,,,,,,,4,,,Tesla Destination,https://www.tesla.com/destination-charging,GPS,38.8882,-77.094484,2024-07-01,137183,2025-02-12 00:16:32 UTC,P,,,2019-04-05,,,,,J1772 TESLA,US,,,,Public,,public,,,PARKING_GARAGE,,,,,,,,,,,,,,,,,,,,,,,,,,false,
ELEC,SOUTHSIDE H-D DCFAST HOG,385 N Witchduck Rd,Outside - Customer facing,Virginia Beach,VA,23462,,888-758-4389,E,,Public,24 hours daily,,,,,,,1,,ChargePoint Network,https://www.chargepoint.com,GPS,36.84874,-76.155655,2026-06-09,143223,2026-06-09 01:43:09 UTC,,,,2019-08-15,,,,,J1772COMBO,US,,,,Public,,public,,,,,,,,,,,,,,,,,,,,false,,,,,,,,,false,
ELEC,POA STATION 4,8251 Greensboro Dr,P5 Level in parking garage,McLean,VA,22102,,888-758-4389,E,,Public,24 hours daily,,,,,,2,,,ChargePoint Network,https://www.chargepoint.com,GPS,38.922046,-77.229368,2026-06-09,143626,2026-06-09 01:32:26 UTC,,,,2019-08-15,,,,,J1772,US,,,,Public,,public,,,,,,,,,,,,,,,,,,,,false,,,,,,,,,false,
ELEC,LOUDOUN METRO STATION 12,43625 Croson lane,,Ashburn,VA,20147,,888-758-4389,E,,Public,"Mon: 12:00am-1:00am, 4:00am-11:59pm; Tue: 12:00am-1:00am, 4:00am-11:59pm; Wed: 12:00am-1:00am, 4:00am-11:59pm; Thu: 12:00am-1:00am, 4:00am-11:59pm; Fri: 12:00am-1:00am, 4:00am-11:59pm; Sat: 12:00am-1:00am, 4:00am-11:59pm; Sun: 12:00am-1:00am, 4:00am-11:59pm",,,,,,2,,,ChargePoint Network,https://www.chargepoint.com,GPS,39.005497,-77.49305,2026-06-09,144038,2026-06-09 01:42:39 UTC,,,,2019-08-24,,,,,J1772,US,,,,Public,,public,,,,,,,,,,,,,,,,,,,,false,,,,,,,,,false,
ELEC,LOUDOUN METRO STATION 1,43624 Croson Lane,,Ashburn,VA,20148,,888-758-4389,E,,Public,"Mon: 12:00am-1:00am, 4:00am-11:59pm; Tue: 12:00am-1:00am, 4:00am-11:59pm; Wed: 12:00am-1:00am, 4:00am-11:59pm; Thu: 12:00am-1:00am, 4:00am-11:59pm; Fri: 12:00am-1:00am, 4:00am-11:59pm; Sat: 12:00am-1:00am, 4:00am-11:59pm; Sun: 12:00am-1:00am, 4:00am-11:59pm",,,,,,2,,,ChargePoint Network,https://www.chargepoint.com,GPS,39.00513,-77.492615,2026-06-09,144045,2026-06-09 01:41:26 UTC,,,,2019-08-24,,,,,J1772,US,,,,Public,,public,,,,,,,,,,,,,,,,,,,,false,,,,,,,,,false,
ELEC,LOUDOUN METRO STATION 13,43625 Croson lame,,Ashburn,VA,20147,,888-758-4389,E,,Public,"Mon: 12:00am-1:00am, 4:00am-11:59pm; Tue: 12:00am-1:00am, 4:00am-11:59pm; Wed: 12:00am-1:00am, 4:00am-11:59pm; Thu: 12:00am-1:00am, 4:00am-11:59pm; Fri: 12:00am-1:00am, 4:00am-11:59pm; Sat: 12:00am-1:00am, 4:00am-11:59pm; Sun: 12:00am-1:00am, 4:00am-11:59pm",,,,,,2,,,ChargePoint Network,https://www.chargepoint.com,GPS,39.005455,-77.49295,2026-06-09,144050,2026-06-09 01:31:27 UTC,,,,2019-08-24,,,,,J1772,US,,,,Public,,public,,,,,,,,,,,,,,,,,,,,false,,,,,,,,,false,
ELEC,LOUDOUN METRO STATION 5,43625 Croson Lane,Floor 1,Ashburn,VA,20147,,888-758-4389,E,,Public,"Mon: 12:00am-1:00am, 4:00am-11:59pm; Tue: 12:00am-1:00am, 4:00am-11:59pm; Wed: 12:00am-1:00am, 4:00am-11:59pm; Thu: 12:00am-1:00am, 4:00am-11:59pm; Fri: 12:00am-1:00am, 4:00am-11:59pm; Sat: 12:00am-1:00am, 4:00am-11:59pm; Sun: 12:00am-1:00am, 4:00am-11:59pm",,,,,,2,,,ChargePoint Network,https://www.chargepoint.com,GPS,39.00557,-77.492925,2026-06-09,144051,2026-06-09 01:21:16 UTC,,,,2019-08-24,,,,,J1772,US,,,,Public,,public,,,,,,,,,,,,,,,,,,,,false,,,,,,,,,false,
ELEC,GEORGE MASON U RAPPAHANNOCK 3,4395 University Dr,,Fairfax,VA,22030,,888-758-4389,E,,Public,24 hours daily,,,,,,2,,,ChargePoint Network,https://www.chargepoint.com,GPS,38.83496,-77.306282,2026-06-09,145215,2026-06-09 01:44:49 UTC,,,,2019-09-14,,,,,J1772,US,,,,Public,,public,,,,,,,,,,,,,,,,,,,,false,,,,,,,,,false,
ELEC,GEORGE MASON U MASON POND 3,4500 Aquia Creek Ln,Level 2,Fairfax,VA,22030,,888-758-4389,E,,Public,24 hours daily,,,,,,2,,,ChargePoint Network,https://www.chargepoint.com,GPS,38.830251,-77.309386,2026-06-09,145217,2026-06-09 01:44:47 UTC,,,,2019-09-14,,,,,J1772,US,,,,Public,,public,,,,,,,,,,,,,,,,,,,,false,,,,,,,,,false,
ELEC,GEORGE MASON U SHENANDOAH 3,10433 Sandy Creek Way,,Fairfax,VA,22030,,888-758-4389,E,,Public,24 hours daily,,,,,,2,,,ChargePoint Network,https://www.chargepoint.com,GPS,38.82987,-77.304733,2026-06-09,145316,2026-06-09 01:44:54 UTC,,,,2019-09-17,,,,,J1772,US,,,,Public,,public,,,,,,,,,,,,,,,,,,,,false,,,,,,,,,false,
ELEC,"Target T1431 (Falls Church, VA)",6100 Arlington Blvd,,Falls Church,VA,22044,,833-632-2778,E,,Public,24 hours daily,,,,,,,6,,Electrify America,https://www.electrifyamerica.com,GPS,38.86735,-77.14268,2026-06-09,147079,2026-06-09 03:20:16 UTC,,,,2019-10-19,,,,,J1772COMBO,US,,,,Public,,public,,,,,,,,,,,,,,,,,,,,false,,,,,,,,,false,
ELEC,FOOD CITY STATION 01,151 Cook St,Behind gas and go,Abingdon,VA,24210,,888-758-4389,E,,Public,24 hours daily,,,,,,2,,,ChargePoint Network,https://www.chargepoint.com,GPS,36.703331,-81.971348,2026-06-09,147302,2026-06-09 01:47:07 UTC,,,,2019-10-26,,,,,J1772,US,,,,Public,,public,,,,,,,,,,,,,,,,,,,,false,,,,,,,,,false,
ELEC,Nokes Plaza,21305 Windmill Parc Drive,,Sterling,VA,20166,,888-998-2546,E,,Public,24 hours daily,,,,,,2,,,Blink Network,https://blinkcharging.com,GPS,39.0264789,-77.4179548,2026-06-09,148272,2026-06-09 00:33:20 UTC,,,,2016-04-26,,,,,J1772,US,,,,Public,,public,,,,,,,,,,"$1.00/Hr Parking Fee , $0.25/kWh Energy Fee",,,,,,,,,,false,,,,,,,,,false,
ELEC,Reston Town Center - Purple Garage,11951 Freedom Drive,,Reston,VA,20190,,888-998-2546,E,,Public,24 hours daily,,,,,,4,,,Blink Network,https://blinkcharging.com,GPS,38.95972241,-77.3594275,2026-06-09,148311,2026-06-09 00:29:52 UTC,,,,2015-12-02,,,,,J1772,US,,,,Public,,public,,,,,,,,,,"$0.00-$5.00/Hr Variable Parking Fee, $0.15/kWh Energy Fee",,,,,,,,,,false,,,,,,,,,false,
ELEC,Reston Town Center - Orange Garage,11955 Democracy Drive,,Reston,VA,20190,,888-998-2546,E,,Public,24 hours daily,,,,,,4,,,Blink Network,https://blinkcharging.com,GPS,38.9573635,-77.35888735,2026-06-09,148314,2026-06-09 00:28:13 UTC,,,,2015-04-11,,,,,J1772,US,,,,Public,,public,,,,,,,,,,"$0.00-$5.00/Hr Variable Parking Fee, $0.15/kWh Energy Fee",,,,,,,,,,false,,,,,,,,,false,
ELEC,Electrify America Reston Site,2003 Edmund Halley Drive,,Reston,VA,20191,,888-998-2546,E,,Public,24 hours daily,,,,,,12,,,Blink Network,https://blinkcharging.com,GPS,38.9513071,-77.3593733,2026-06-09,148318,2026-06-09 00:07:14 UTC,,,,2017-09-08,,,,,J1772,US,,,,Public,,public,,,,,,,,,,$0.00-$1.80/Hr Variable Parking Fee,,,,,,,,,,false,,,,,,,,,false,
ELEC,531701  Valo Park,7950 Jones Branch Drive,,McLean,VA,22107,,888-998-2546,E,,Public,24 hours daily,,,,,,4,,,Blink Network,https://blinkcharging.com,GPS,38.9316133,-77.2192237,2026-06-09,148343,2026-06-09 00:07:28 UTC,,,,2018-05-18,,,,,J1772,US,,,,Public,,public,,,,,,,,,,$0.00-$5.00/Hr Variable Parking Fee,,,,,,,,,,false,,,,,,,,,false,
ELEC,6862 Elm St Offices and Signet Condos Garage,6900 Fleetwood Road,,McLean,VA,22101,,888-998-2546,E,,Public,24 hours daily,,,,,,2,,,Blink Network,https://blinkcharging.com,GPS,38.9379928,-77.1809713,2026-06-09,148345,2026-06-09 00:07:32 UTC,,,,2018-08-08,,,,,J1772,US,,,,Public,,public,,,,,,,,,,FREE,,,,,,,,,,false,,,,,,,,,false,
ELEC,8150 Leesburg Pike,"8150 Leesburg Pike, Suite 1100",,Vienna,VA,22182,,888-998-2546,E,,Public,24 hours daily,,,,,,2,,,Blink Network,https://blinkcharging.com,GPS,38.9164397,-77.2267097,2026-06-09,148354,2026-06-09 00:26:35 UTC,,,,2014-07-18,,,,,J1772,US,,,,Public,,public,,,,,,,,,,$0.50-$1.00/Hr Variable Parking Fee,,,,,,,,,,false,,,,,,,,,false,
ELEC,Homewood Suites Arlington Rosslyn Key Bridge,1900 N Quinn St,,Arlington,VA,22209,,888-998-2546,E,,Public,24 hours daily,,,,,,1,,,Blink Network,https://blinkcharging.com,GPS,38.8970405,-77.078841,2026-06-09,148382,2026-06-09 00:07:39 UTC,,,,2016-03-19,,,,,J1772,US,,,,Public,,public,,,,,,,,,,FREE,,,,,,,,,,false,,,,,,,,,false,
ELEC,531703  4100 N Fairfax,4100 Fairfax Drive,,Arlington,VA,22203,,888-998-2546,E,,Public,24 hours daily,,,,,,6,,,Blink Network,https://blinkcharging.com,GPS,38.8820376,-77.1097729,2026-06-09,148402,2026-06-09 00:11:04 UTC,,,,2018-05-18,,,,,J1772,US,,,,Public,,public,,,,,,,,,,FREE,,,,,,,,,,false,,,,,,,,,false,
ELEC,Canal Center Plaza,44 Canal Center Plaza,,Alexandria,VA,22315,,888-998-2546,E,,Public,24 hours daily,,,,,,3,,,Blink Network,https://blinkcharging.com,GPS,38.814272,-77.038576,2026-06-09,148449,2026-06-09 00:05:38 UTC,,,,2016-05-23,,,,,J1772,US,,,,Public,,public,,,,,,,,,,FREE,,,,,,,,,,false,,,,,,,,,false,
ELEC,The Oronoco Condominium,601 North Fairfax Street,,Alexandria,VA,22314,,888-998-2546,E,,Public,24 hours daily,,,,,,2,,,Blink Network,https://blinkcharging.com,GPS,38.8108276,-77.0407047,2026-06-09,148451,2026-06-09 00:07:41 UTC,,,,2018-09-27,,,,,J1772,US,,,,Public,,public,,,,,,,,,,$0.12/kWh Energy Fee,,,,,,,,,,false,,,,,,,,,false,
ELEC,Beacon Hill Apartments,3100 Southgate Drive,,Alexandria,VA,22306,,888-998-2546,E,,Public,24 hours daily,,,,,,2,,,Blink Network,https://blinkcharging.com,GPS,38.7748131,-77.0849061,2026-06-09,148455,2026-06-09 00:23:15 UTC,,,,2015-10-02,,,,,J1772,US,,,,Public,,public,,,,,,,,,,$1.50/Hr Parking Fee,,,,,,,,,,false,,,,,,,,,false,
ELEC,"Walmart 2258 (Alexandria, VA)",7910 Richmond Hwy.,,Alexandria,VA,22306,,833-632-2778,E,,Public,24 hours daily,,,,,,1,3,,Electrify America,https://www.electrifyamerica.com,GPS,38.74252,-77.0867,2026-06-09,149152,2026-06-09 03:19:48 UTC,,,,2019-11-14,,,,,J1772 J1772COMBO,US,,,,Public,,public,,,,,,,,,,,,,,,,,,,,false,,,,,,,,,false,
ELEC,Market Common Clarendon - Tesla Supercharger,2800 Clarendon Boulevard,,Arlington,VA,22201,,877-798-3752,E,,Public,24 hours daily. Please check Tesla's online station map to see if an adapter is required at this location.,,,,,,,18,,Tesla,https://www.tesla.com/supercharger,200-9,38.887369,-77.092363,2024-07-01,149291,2025-05-06 21:07:47 UTC,P,,,2019-09-30,,,,,TESLA,US,,,,Public,,public,,,,,,,,,,,,,,,,,,,,,,,,,,,,,false,
ELEC,Village at Leesburg - Tesla Supercharger,"1602 Village Market Boulevard, Southeast",,Leesburg,VA,20737,,877-798-3752,E,,Public,24 hours daily. Please check Tesla's online station map to see if an adapter is required at this location.,,,,,,,10,,Tesla,https://www.tesla.com/supercharger,200-9,39.089761,-77.526543,2024-07-01,149324,2025-05-06 21:07:47 UTC,P,,,2019-09-30,,,,,TESLA,US,,,,Public,,public,,,,,,,,,,,,,,,,,,,,,,,,,,,,,false,
ELEC,Parking Terrace,415 N Boundary St,,Williamsburg,VA,23185,,757-220-2331,E,,Public,8am-5pm daily; 2 hour limit,,,,,,3,,,Non-Networked,,200-9,37.274779,-76.707207,2025-12-12,149655,2026-02-02 23:16:24 UTC,LG,,,2018-06-01,,,,,J1772 TESLA,US,,,,Public,,public,,,PARKING_LOT,,,,,,,,,,,,,,,,,false,,,,,,,,LD,false,
ELEC,"LaSalle - Tysons West (Vienna, VA)",1500 B Cornerside Blvd.,,Vienna,VA,22182,,833-632-2778,E,,Public,24 hours daily,,,,,,,4,,Electrify America,https://www.electrifyamerica.com,GPS,38.93018,-77.24553,2026-06-09,149793,2026-06-09 03:20:15 UTC,,,,2019-12-07,,,,,J1772COMBO,US,,,,Public,,public,,,,,,,,,,,,,,,,,,,,false,,,,,,,,,false,
ELEC,Patrick Henry Mall - Tesla Supercharger,12300 Jefferson Avenue,,Newport News,VA,23602,,877-798-3752,E,,Public,24 hours daily. Please check Tesla's online station map to see if an adapter is required at this location.,,,,,,,12,,Tesla,https://www.tesla.com/supercharger,GPS,37.114465,-76.497198,2024-07-01,150211,2025-05-06 21:07:47 UTC,P,,,2019-11-19,,,,,TESLA,US,,,,Public,,public,,,SHOPPING_MALL,,,,,,,,,,,,,,,,,,,,,,,,,,false,
ELEC,"Salem, VA - Tesla Supercharger",1340 West Main St,,Salem,VA,24153,,877-798-3752,E,,Public,24 hours daily. Please check Tesla's online station map to see if an adapter is required at this location.,,,,,,,8,,Tesla,https://www.tesla.com/supercharger,GPS,37.289541,-80.079404,2024-07-01,150213,2025-05-06 21:07:47 UTC,P,,,2019-11-19,,,,,TESLA,US,,,,Public,,public,,,SHOPPING_CENTER,,,,,,,,,,,,,,,,,,,,,,,,,,false,
ELEC,York Street Garage - Tesla Destination,215 West York St,,Norfolk,VA,23510,,877-798-3752,E,,Public,,,,,,,5,,,Tesla Destination,https://www.tesla.com/destination-charging,200-9,36.853232,-76.291144,2024-07-01,150591,2025-02-12 00:16:32 UTC,P,,,2019-08-21,,,,,J1772 TESLA,US,,,,Public,,public,,,,,,,,,,,,,,,,,,,,,,,,,,,,,false,
ELEC,Fountain Park Garage - Tesla Destination,130 Bank St,,Norfolk,VA,23510,,877-798-3752,E,,Public,,,,,,,6,,,Tesla Destination,https://www.tesla.com/destination-charging,200-9,36.846568,-76.289277,2024-07-01,150592,2025-02-12 00:16:32 UTC,P,,,2019-08-28,,,,,J1772 TESLA,US,,,,Public,,public,,,,,,,,,,,,,,,,,,,,,,,,,,,,,false,
ELEC,Freemason Garage - Tesla Destination,161 W Freemason St,,Norfolk,VA,23510,,877-798-3752,E,,Public,,,,,,,5,,,Tesla Destination,https://www.tesla.com/destination-charging,200-9,36.850997,-76.291053,2024-07-01,150593,2025-02-12 00:16:32 UTC,P,,,2019-09-30,,,,,J1772 TESLA,US,,,,Public,,public,,,,,,,,,,,,,,,,,,,,,,,,,,,,,false,
ELEC,Garage at The Main Hotel - Tesla Destination,100 E Main St,,Norfolk,VA,23510,,877-798-3752,E,,Public,,,,,,,5,,,Tesla Destination,https://www.tesla.com/destination-charging,200-9,36.846457,-76.292117,2024-07-01,150594,2025-02-12 00:16:32 UTC,P,,,2019-07-08,,,,,J1772 TESLA,US,,,,Public,,public,,,,,,,,,,,,,,,,,,,,,,,,,,,,,false,
ELEC,The Omni Homestead Resort - Tesla Destination,7696 Sam Snead Hwy,,Hot Springs,VA,24445,,877-798-3752,E,,Public,,,,,,,3,,,Tesla Destination,https://www.tesla.com/destination-charging,200-9,37.997323,-79.830561,2024-07-01,150613,2025-02-12 00:16:32 UTC,P,,,2019-07-25,,,,,TESLA,US,,,,Public,,public,,,,,,,,,,,,,,,,,,,,,,,,,,,,,false,
ELEC,"Off the Grid  -  Cafe, Market, Farm - Tesla Destination",11692 Lee Hwy,,Sperryville,VA,22740,,877-798-3752,E,,Public,,,,,,,3,,,Tesla Destination,https://www.tesla.com/destination-charging,200-9,38.650846,-78.255126,2024-07-01,150621,2025-02-12 00:16:32 UTC,P,,,2019-04-10,,,,,TESLA,US,,,,Public,,public,,,,,,,,,,,,,,,,,,,,,,,,,,,,,false,
ELEC,Brydgeworks Glass - Tesla Destination,3315 Harpine Hwy,,Harrisonburg,VA,22802,,877-798-3752,E,,Public,,,,,,,2,,,Tesla Destination,https://www.tesla.com/destination-charging,200-9,38.503166,-78.871503,2024-07-01,150622,2025-02-12 00:16:32 UTC,P,,,2019-04-24,,,,,TESLA,US,,,,Public,,public,,,,,,,,,,,,,,,,,,,,,,,,,,,,,false,
ELEC,Prince George Street Parking Garage - Tesla Destination,230 N Henry St,,Williamsburg,VA,23185,,877-798-3752,E,,Public,,,,,,,2,,,Tesla Destination,https://www.tesla.com/destination-charging,200-9,37.272852,-76.706824,2024-07-01,150631,2025-02-12 00:16:32 UTC,P,,,2019-04-25,,,,,TESLA,US,,,,Public,,public,,,,,,,,,,,,,,,,,,,,,,,,,,,,,false,
ELEC,Quarterpath Park Rec Center - Tesla Destination,202 Quarterpath Rd,,Williamsburg,VA,23185,,877-798-3752,E,,Public,,,,,,,3,,,Tesla Destination,https://www.tesla.com/destination-charging,200-9,37.264681,-76.681864,2024-07-01,150632,2025-02-12 00:16:32 UTC,P,,,2019-04-15,,,,,J1772 TESLA,US,,,,Public,,public,,,,,,,,,,,,,,,,,,,,,,,,,,,,,false,
ELEC,Kiwanis Park - Tesla Destination,125 Longhill Park,,Williamsburg,VA,23185,,877-798-3752,E,,Public,,,,,,,3,,,Tesla Destination,https://www.tesla.com/destination-charging,200-9,37.291591,-76.72934,2024-07-01,150633,2025-02-12 00:16:32 UTC,P,,,2019-04-16,,,,,J1772 TESLA,US,,,,Public,,public,,,,,,,,,,,,,,,,,,,,,,,,,,,,,false,
ELEC,Town Point Garage - Tesla Destination,110 W Main St,,Norfolk,VA,23510,,877-798-3752,E,,Public,,,,,,,5,,,Tesla Destination,https://www.tesla.com/destination-charging,200-9,36.846994,-76.292905,2024-07-01,150635,2025-02-12 00:16:32 UTC,P,,,2019-03-27,,,,,J1772 TESLA,US,,,,Public,,public,,,,,,,,,,,,,,,,,,,,,,,,,,,,,false,
ELEC,Bank Street Garage - Tesla Destination,440 Monticello Ave,,Norfolk,VA,23510,,877-798-3752,E,,Public,,,,,,,6,,,Tesla Destination,https://www.tesla.com/destination-charging,200-9,36.851285,-76.287756,2024-07-01,150636,2025-02-12 00:16:32 UTC,P,,,2019-03-27,,,,,J1772 TESLA,US,,,,Public,,public,,,,,,,,,,,,,,,,,,,,,,,,,,,,,false,
ELEC,Oakhurst Inn - Tesla Destination,100 Oakhurst Cir,,Charlottesville,VA,22903,,877-798-3752,E,,Public,,,,,,,2,,,Tesla Destination,https://www.tesla.com/destination-charging,200-9,38.031881,-78.507169,2024-07-01,150638,2026-02-01 19:27:04 UTC,P,,,2019-06-10,,,,,TESLA,US,,,,Public,,public,,,INN,,,,,,,,,,,,,,,,,true,,,,,,,,LD,false,
ELEC,MacArthur Center South Garage - Tesla Destination,500 City Hall Ave,,Norfolk,VA,23510,,877-798-3752,E,,Public,,,,,,,8,,,Tesla Destination,https://www.tesla.com/destination-charging,200-9,36.848262,-76.287787,2024-07-01,150710,2025-02-12 00:16:32 UTC,P,,,2019-03-27,,,,,J1772 TESLA,US,,,,Public,,public,,,,,,,,,,,,,,,,,,,,,,,,,,,,,false,
ELEC,Waterside Garage - Tesla Destination,50 Martins Ln,,Norfolk,VA,23510,,877-798-3752,E,,Public,,,,,,,5,,,Tesla Destination,https://www.tesla.com/destination-charging,200-9,36.845252,-76.290806,2024-07-01,150711,2025-02-12 00:16:32 UTC,P,,,2019-04-01,,,,,J1772 TESLA,US,,,,Public,,public,,,,,,,,,,,,,,,,,,,,,,,,,,,,,false,
ELEC,Central Place Office - B1 - Gray Section,1800 N. Lynn Street,,Arlington,VA,22209,,888-998-2546,E,,Public,24 hours daily,,,,,,6,,,Blink Network,https://blinkcharging.com,GPS,38.895493,-77.071236,2026-06-09,150822,2026-06-09 00:13:28 UTC,,,,2019-12-27,,,,,J1772,US,,,,Public,,public,,,,,,,,,,Free,,,,,,,,,,false,,,,,,,,,false,
ELEC,POINTE 14 EV2,1351 N Rolfe St,,Arlington,VA,22209,,888-758-4389,E,,Public,24 hours daily,,,,,,2,,,ChargePoint Network,https://www.chargepoint.com,GPS,38.889263,-77.079477,2026-06-09,152528,2026-06-09 01:49:38 UTC,,,,2020-01-18,,,,,J1772,US,,,,Public,,public,,,,,,,,,,,,,,,,,,,,false,,,,,,,,,false,
ELEC,"Smith Point Marina, Inc",989 Smith Point Rd,,Reedville,VA,22539,,804-453-4077,E,,Public - Limited hours,7:30am - 4:30pm M-F; by appointment at all other times; Drivers must bring their own J1772 cordset for Level 1 charging,A Cash D Debit M V,,,,,1,,,Non-Networked,,GPS,37.88372527108362,-76.2512256772461,2025-11-13,153027,2026-02-02 23:16:24 UTC,P,,,2020-01-03,,,,,J1772,US,,,,Public - Heures limitées,,public,LIMITED_HOURS,,OTHER,,,,,,,$10 per session,,,,,,,,,,true,,,,,,,,LD,false,
ELEC,Pentagon Row,1101 S Joyce Street,,Arlington,VA,22202,,888-998-2546,E,,Public,24 hours daily,,,,,,1,,,Blink Network,https://blinkcharging.com,GPS,38.864189,-77.063009,2026-06-09,153114,2026-06-09 00:23:59 UTC,,,,2020-01-29,,,,,J1772,US,,,,Public,,public,,,,,,,,,,Free,,,,,,,,,,false,,,,,,,,,false,
ELEC,Sheetz - Tesla Supercharger,14480 Wards Road,,Lynchburg,VA,24501,,877-798-3752,E,,Public,24 hours daily. Please check Tesla's online station map to see if an adapter is required at this location.,,,,,,,8,,Tesla,https://www.tesla.com/supercharger,GPS,37.324741,-79.190621,2024-07-01,153540,2025-05-06 21:07:47 UTC,P,,,2020-02-20,,,,,TESLA,US,,,,Public,,public,,,CONVENIENCE_STORE,,,,,,,,,,,,,,,,,,,,,,,,,,false,
ELEC,Sheetz - Tesla Supercharger,2902 South Seminole Trail,,Madison,VA,22727,,877-798-3752,E,,Public,24 hours daily. Please check Tesla's online station map to see if an adapter is required at this location.,,,,,,,8,,Tesla,https://www.tesla.com/supercharger,GPS,38.346257,-78.286476,2024-07-01,153789,2025-05-06 21:07:47 UTC,P,,,2020-02-14,,,,,TESLA,US,,,,Public,,public,,,CONVENIENCE_STORE,,,,,,,,,,,,,,,,,,,,,,,,,,false,
ELEC,Harris Teeter - Tesla Supercharger,43300 Southern Walk Plaza,,Ashburn,VA,20148,,877-798-3752,E,,Public,24 hours daily. Please check Tesla's online station map to see if an adapter is required at this location.,,,,,,,8,,Tesla,https://www.tesla.com/supercharger,GPS,39.008411,-77.501811,2024-07-01,153885,2025-05-06 21:07:47 UTC,P,,,2020-02-21,,,,,TESLA,US,,,,Public,,public,,,SHOPPING_CENTER,,,,,,,,,,,,,,,,,,,,,,,,,,false,
ELEC,LOUDOUN METRO STATION 4,43625 Croson Lane,,Ashburn,VA,20148,,888-758-4389,E,,Public,"Mon: 12:00am-1:00am, 4:00am-11:59pm; Tue: 12:00am-1:00am, 4:00am-11:59pm; Wed: 12:00am-1:00am, 4:00am-11:59pm; Thu: 12:00am-1:00am, 4:00am-11:59pm; Fri: 12:00am-1:00am, 4:00am-11:59pm; Sat: 12:00am-1:00am, 4:00am-11:59pm; Sun: 12:00am-1:00am, 4:00am-11:59pm",,,,,,2,,,ChargePoint Network,https://www.chargepoint.com,GPS,39.005353,-77.492951,2026-06-09,154093,2026-06-09 01:42:37 UTC,,,,2020-02-27,,,,,J1772,US,,,,Public,,public,,,,,,,,,,,,,,,,,,,,false,,,,,,,,,false,
ELEC,CO LAB CHARGER STATION 1,2757 Hartland Rd,,Falls Church,VA,22043,,888-758-4389,E,,Public,24 hours daily,,,,,,,1,,ChargePoint Network,https://www.chargepoint.com,GPS,38.877745,-77.222397,2026-06-09,154787,2026-06-09 01:40:38 UTC,,,,2020-03-27,,,,,CHADEMO J1772COMBO,US,,,,Public,,public,,,,,,,,,,,,,,,,,,,,false,,,,,,,,,false,
ELEC,Best Western Richmond City Gateway,4303 Commerce Rd,,Richmond,VA,23234,,888-998-2546,E,,Public,24 hours daily,,,,,,2,,,Blink Network,https://blinkcharging.com,GPS,37.4661401,-77.4290942,2026-06-09,155592,2026-06-09 00:52:26 UTC,,,,2019-09-18,,,,,J1772,US,,,,Public,,public,,,,,,,,,,$2.00/kWh Energy Fee,,,,,,,,,,false,,,,,,,,,false,
ELEC,DULLES GREENE STATION 1,2150 Astoria Cir,Outside leasing center,Herndon,VA,20170,,888-758-4389,E,,Public,24 hours daily,,,,,,2,,,ChargePoint Network,https://www.chargepoint.com,GPS,38.968161,-77.414485,2026-06-09,155887,2026-06-09 01:52:58 UTC,,,,2020-04-30,,,,,J1772,US,,,,Public,,public,,,,,,,,,,,,,,,,,,,,false,,,,,,,,,false,
ELEC,"Walmart 3077 (Haymarket, VA)",6530 Trading Square,,Haymarket,VA,20169,,833-632-2778,E,,Public,24 hours daily,,,,,,,4,,Electrify America,https://www.electrifyamerica.com,GPS,38.81883,-77.64618,2026-06-09,155888,2026-06-09 03:18:09 UTC,,,,2020-04-30,,,,,J1772COMBO,US,,,,Public,,public,,,,,,,,,,,,,,,,,,,,false,,,,,,,,,false,
ELEC,TRAINING CENTER VMDAEC,1293 Salem Church Rd,Near the side entrance of the building,Palmyra,VA,22963,,888-758-4389,E,,Public,24 hours daily,,,,,,2,,,ChargePoint Network,https://www.chargepoint.com,GPS,37.922038,-78.257681,2026-06-09,156301,2026-06-09 01:56:59 UTC,,,,2020-05-15,,,,,J1772,US,,,,Public,,public,,,,,,,,,,,,,,,,,,,,false,,,,,,,,,false,
ELEC,CC PROPERTIES 6 RIVERSIDE 3,6 Riverside Circle,1st floor in parking garage,Roanoke,VA,24016,,888-758-4389,E,,Public,24 hours daily,,,,,,2,,,ChargePoint Network,https://www.chargepoint.com,GPS,37.256565,-79.943726,2026-06-09,158558,2026-06-09 01:55:42 UTC,,,,2020-06-06,,,,,J1772,US,,,,Public,,public,,,,,,,,,,,,,,,,,,,,false,,,,,,,,,false,
ELEC,MWH LOT C1,1001 Sam Perry Blvd,,Fredericksburg,VA,22401,,888-758-4389,E,,Public,24 hours daily,,,,,,2,,,ChargePoint Network,https://www.chargepoint.com,GPS,38.311073,-77.48226,2026-06-09,158599,2026-06-09 01:58:51 UTC,,,,2020-06-10,,,,,J1772,US,,,,Public,,public,,,,,,,,,,,,,,,,,,,,false,,,,,,,,,false,
ELEC,BOCC BOCC EV,2 E Main St,,Berryville,VA,22630,,888-758-4389,E,,Public,24 hours daily,,,,,,2,,,ChargePoint Network,https://www.chargepoint.com,GPS,39.150918,-77.980543,2026-06-09,163496,2026-06-09 01:58:38 UTC,,,,2020-06-19,,,,,J1772,US,,,,Public,,public,,,,,,,,,,,,,,,,,,,,false,,,,,,,,,false,
ELEC,FOOD CITY FOOD CITY #858,1701 Tyler Ave,,Radford,VA,24141,,888-758-4389,E,,Public,24 hours daily,,,,,,2,,,ChargePoint Network,https://www.chargepoint.com,GPS,37.119746,-80.531395,2026-06-09,163618,2026-06-09 01:58:47 UTC,,,,2020-06-25,,,,,J1772,US,,,,Public,,public,,,,,,,,,,,,,,,,,,,,false,,,,,,,,,false,
ELEC,"Spotsylvania Towne Center (Spotsylvania, VA)",137 Spotsylvania Mall Dr,,Fredericksburg,VA,22407,,833-632-2778,E,,Public,24 hours daily,,,,,,,4,,Electrify America,https://www.electrifyamerica.com,GPS,38.29396,-77.51235,2026-06-09,163740,2026-06-09 03:19:35 UTC,,,,2020-07-01,,,,,CHADEMO J1772COMBO,US,,,,Public,,public,,,,,,,,,,,,,,,,,,,,false,,,,,,,,,false,
ELEC,MWH LOT B1,2600 Mary Washington Blvd,Upper doctors parking gated,Fredericksburg,VA,22401,,888-758-4389,E,,Public,24 hours daily,,,,,,2,,,ChargePoint Network,https://www.chargepoint.com,GPS,38.312088,-77.483025,2026-06-09,163813,2026-06-09 02:00:07 UTC,,,,2020-07-02,,,,,J1772,US,,,,Public,,public,,,,,,,,,,,,,,,,,,,,false,,,,,,,,,false,
ELEC,MWH LOT B2,1201 Sam Perry Blvd,Doctors parking gates,Fredericksburg,VA,22401,,888-758-4389,E,,Public,24 hours daily,,,,,,2,,,ChargePoint Network,https://www.chargepoint.com,GPS,38.312084,-77.4833,2026-06-09,163814,2026-06-09 02:00:06 UTC,,,,2020-07-02,,,,,J1772,US,,,,Public,,public,,,,,,,,,,,,,,,,,,,,false,,,,,,,,,false,
ELEC,Sheetz - Tesla Supercharger,2016 S Main Street,,Farmville,VA,23901,,877-798-3752,E,,Public,24 hours daily. Please check Tesla's online station map to see if an adapter is required at this location.,,,,,,,8,,Tesla,https://www.tesla.com/supercharger,GPS,37.271757,-78.401649,2024-07-01,163877,2025-05-06 21:07:47 UTC,P,,,2020-06-26,,,,,TESLA,US,,,,Public,,public,,,CONVENIENCE_STORE,,,,,,,,,,,,,,,,,,,,,,,,,,false,
ELEC,Reston Station - Tesla Supercharger,1886 Metro Center Drive,,Reston,VA,20190,,877-798-3752,E,,Public,24 hours daily. Please check Tesla's online station map to see if an adapter is required at this location.,,,,,,,8,,Tesla,https://www.tesla.com/supercharger,GPS,38.948668,-77.339832,2024-07-01,163878,2025-05-06 21:07:47 UTC,P,,,2020-06-26,,,,,TESLA,US,,,,Public,,public,,,SHOPPING_MALL,,,,,,,,,,,,,,,,,,,,,,,,,,false,
ELEC,Electrify America HQ,2003 Edmund Halley Drive,,Reston,VA,20191,,866-816-7584,E,,Public,24 hours daily,,,,,,13,,,EV Connect,https://www.evconnect.com,GPS,38.951307,-77.359373,2026-06-09,163941,2026-06-09 03:28:19 UTC,,,,2020-06-26,,,,,J1772,US,,,,Public,,public,,,,,,,,,,,,,,,,,,,,false,,,,,,,,,false,
ELEC,"EA Reston Office (Reston, VA)",2003 Edmund Halley Drive,,Reston,VA,20191,,833-632-2778,E,,Public,24 hours daily,,,,,,,4,,Electrify America,https://www.electrifyamerica.com,GPS,38.95083,-77.35847,2026-06-09,164086,2026-06-09 03:20:36 UTC,,,,2020-07-09,,,,,CHADEMO J1772COMBO,US,,,,Public,,public,,,,,,,,,,,,,,,,,,,,false,,,,,,,,,false,
ELEC,Northwest Federal Credit Union,220 Spring St,,Herndon,VA,20170,,888-998-2546,E,,Public,24 hours daily,,,,,,2,,,Blink Network,https://blinkcharging.com,GPS,38.960833,-77.374444,2026-06-09,164251,2026-06-09 00:04:42 UTC,,,,2020-07-16,,,,,J1772,US,,,,Public,,public,,,,,,,,,,Free,,,,,,,,,,false,,,,,,,,,false,
ELEC,Royal Farms - Tesla Supercharger,25451 Lizzio Center Drive,,South Riding,VA,20152,,877-798-3752,E,,Public,24 hours daily. Please check Tesla's online station map to see if an adapter is required at this location.,,,,,,,8,,Tesla,https://www.tesla.com/supercharger,GPS,38.913097,-77.486426,2024-07-01,164283,2025-05-06 21:07:47 UTC,P,,,2020-07-16,,,,,TESLA,US,,,,Public,,public,,,CONVENIENCE_STORE,,,,,,,,,,,,,,,,,,,,,,,,,,false,
ELEC,Wawa - Tesla Supercharger,465 Maple Avenue,,Vienna,VA,22180,,877-798-3752,E,,Public,24 hours daily. Please check Tesla's online station map to see if an adapter is required at this location.,,,,,,,8,,Tesla,https://www.tesla.com/supercharger,GPS,38.895145,-77.273766,2024-07-01,164284,2025-05-06 21:07:47 UTC,P,,,2020-07-16,,,,,TESLA,US,,,,Public,,public,,,CONVENIENCE_STORE,,,,,,,,,,,,,,,,,,,,,,,,,,false,
ELEC,"Target 1416 (Springfield, VA)",6600 Springfield Mall,,Springfield,VA,22150,,833-632-2778,E,,Public,24 hours daily,,,,,,1,3,,Electrify America,https://www.electrifyamerica.com,GPS,38.77602,-77.172,2026-06-09,164537,2026-06-09 03:19:46 UTC,,,,2020-07-25,,,,,J1772 J1772COMBO,US,,,,Public,,public,,,,,,,,,,,,,,,,,,,,false,,,,,,,,,false,
ELEC,Saul Centers,750 N Glebe Rd,,Arlington,VA,22203,,888-998-2546,E,,Public,24 hours daily,,,,,,11,,,Blink Network,https://blinkcharging.com,GPS,38.8794,-77.1146,2026-06-09,164780,2026-06-09 00:15:21 UTC,,,,2020-03-23,,,,,J1772,US,,,,Public,,public,,,,,,,,,,Free,,,,,,,,,,false,,,,,,,,,false,
ELEC,"Sheetz Store 622 (Sterling, VA)",45550 Dulles Plz,,Sterling,VA,20166,,833-632-2778,E,,Public,24 hours daily,,,,,,,4,,Electrify America,https://www.electrifyamerica.com,GPS,38.97793,-77.42589,2026-06-09,165516,2026-06-09 03:20:05 UTC,,,,2020-08-26,,,,,J1772COMBO,US,,,,Public,,public,,,,,,,,,,,,,,,,,,,,false,,,,,,,,,false,
ELEC,"Old Lee Hwy (Fairfax, VA)",3251 Old Lee Hwy,,Fairfax,VA,22030,,833-632-2778,E,,Public,24 hours daily,,,,,,,4,,Electrify America,https://www.electrifyamerica.com,GPS,38.86169,-77.27574,2026-06-09,165517,2026-06-09 03:20:14 UTC,,,,2020-08-26,,,,,J1772COMBO,US,,,,Public,,public,,,,,,,,,,,,,,,,,,,,false,,,,,,,,,false,
ELEC,Dulles Airport,44701 Propeller Ct,,Dulles,VA,20166,,855-885-9571,E,,Public,24 hours daily,,,,,,14,,,OpConnect,https://opconnect-ev.com,GPS,38.95225,-77.45464,2026-06-09,165592,2026-06-09 03:24:29 UTC,,,,2020-08-27,,,,,J1772,US,,,,Public,,public,,,,,,,,,,,,,,,,,,,,false,,,,,,,,,false,
ELEC,ALTRIA CRT 1 LEFT,600 E Jackson St,"CRT Parking Deck, Level 5 , West",Richmond,VA,23219,,888-758-4389,E,,Public,24 hours daily,,,,,,2,,,ChargePoint Network,https://www.chargepoint.com,GPS,37.546659,-77.431968,2026-06-09,165816,2026-06-09 02:02:37 UTC,,,,2020-09-01,,,,,J1772,US,,,,Public,,public,,,,,,,,,,,,,,,,,,,,false,,,,,,,,,false,
ELEC,"Walmart 2295 (Richmond, VA)",7901 Brook Road,,Richmond,VA,23227,,833-632-2778,E,,Public,24 hours daily,,,,,,,8,,Electrify America,https://www.electrifyamerica.com,GPS,37.63222,-77.45814,2026-06-09,166857,2026-06-09 03:20:12 UTC,,,,2020-09-15,,,,,J1772COMBO,US,,,,Public,,public,,,,,,,,,,,,,,,,,,,,false,,,,,,,,,false,
ELEC,JBG - Central Place Office Tower - P4,1201 Wilson Boulevard,,Arlington,VA,22209,,888-998-2546,E,,Public,24 hours daily,,,,,,4,,,Blink Network,https://blinkcharging.com,GPS,38.895418,-77.071232,2026-06-09,166890,2026-06-09 00:17:05 UTC,,,,2020-01-02,,,,,J1772,US,,,,Public,,public,,,,,,,,,,Free,,,,,,,,,,false,,,,,,,,,false,
ELEC,Fenwyck Manor,1805 Kerwyck Pl,,Chesapeake,VA,23320,,888-998-2546,E,,Public,24 hours daily,,,,,,2,,,Blink Network,https://blinkcharging.com,GPS,36.787583,-76.216407,2026-06-09,166969,2026-06-09 00:54:19 UTC,,,,2020-09-22,,,,,J1772,US,,,,Public,,public,,,,,,,,,,FREE,,,,,,,,,,false,,,,,,,,,false,
ELEC,4040 WILSON SUB STATION 1,4040 Wilson Blvd,P2 ramp going to P3 left side,Arlington,VA,22203,,888-758-4389,E,,Public,24 hours daily,,,,,,2,,,ChargePoint Network,https://www.chargepoint.com,GPS,38.87941,-77.10874,2026-06-09,167046,2026-06-09 01:54:58 UTC,,,,2020-09-24,,,,,J1772,US,,,,Public,,public,,,,,,,,,,,,,,,,,,,,false,,,,,,,,,false,
ELEC,"Sheetz 491 - Zion Crossroads, VA",135 Market Street,,Zion Crossroads,VA,22942,,833-632-2778,E,,Public,24 hours daily,,,,,,,4,,Electrify America,https://www.electrifyamerica.com,GPS,37.97972,-78.21062,2026-06-09,167049,2026-06-09 03:16:00 UTC,,,,2020-09-24,,,,,J1772COMBO,US,,,,Public,,public,,,,,,,,,,,,,,,,,,,,false,,,,,,,,,false,
ELEC,Virginia International Raceway,1025 Raceplex Dr,,Alton,VA,24520,,434-822-7700,E,,Public,24 hours daily,,,,,,2,,,Non-Networked,,GPS,36.554029,-79.197694,2023-01-10,167117,2025-12-18 14:56:47 UTC,P,,,2020-09-14,,,,,J1772,US,,,,Public,,public,,,STADIUM,,,,,,,,,,,,,,,,,false,,,,,,,,LD,false,
ELEC,"Walmart 2805 (Emporia, VA)",303 Market Drive,,Emporia,VA,23847,,833-632-2778,E,,Public,24 hours daily,,,,,,,4,,Electrify America,https://www.electrifyamerica.com,GPS,36.70684,-77.54609,2026-06-09,167146,2026-06-09 03:16:19 UTC,,,,2020-09-26,,,,,CHADEMO J1772COMBO,US,,,,Public,,public,,,,,,,,,,,,,,,,,,,,false,,,,,,,,,false,
ELEC,"Walmart 2438 (Stafford, VA)",217 Garrisonville Rd,,Stafford,VA,23602,,833-632-2778,E,,Public,24 hours daily,,,,,,,10,,Electrify America,https://www.electrifyamerica.com,GPS,38.47234,-77.41656,2026-06-09,167503,2026-06-09 03:16:21 UTC,,,,2020-10-13,,,,,CHADEMO J1772COMBO,US,,,,Public,,public,,,,,,,,,,,,,,,,,,,,false,,,,,,,,,false,
ELEC,"Walmart 5969 (Chantilly, VA)",4368 Chantilly Shopping Center Chantilly,,Chantilly,VA,20151,,833-632-2778,E,,Public,24 hours daily,,,,,,,4,,Electrify America,https://www.electrifyamerica.com,GPS,38.88847,-77.44386,2026-06-09,167679,2026-06-09 03:19:39 UTC,,,,2020-10-22,,,,,J1772COMBO,US,,,,Public,,public,,,,,,,,,,,,,,,,,,,,false,,,,,,,,,false,
ELEC,"Sheetz 197 - Stephens City, VA",747 Fairfax Street,,Stephens City,VA,22655,,833-632-2778,E,,Public,24 hours daily,,,,,,,4,,Electrify America,https://www.electrifyamerica.com,GPS,39.08198,-78.21676,2026-06-09,167891,2026-06-09 03:19:20 UTC,,,,2020-10-28,,,,,J1772COMBO,US,,,,Public,,public,,,,,,,,,,,,,,,,,,,,false,,,,,,,,,false,
ELEC,"Walmart 1344 (Staunton, VA)",1028 Richmond Ave C,,Staunton,VA,24401,,833-632-2778,E,,Public,24 hours daily,,,,,,,4,,Electrify America,https://www.electrifyamerica.com,GPS,38.13504,-79.04716,2026-06-09,167892,2026-06-09 03:19:59 UTC,,,,2020-10-28,,,,,CHADEMO J1772COMBO,US,,,,Public,,public,,,,,,,,,,,,,,,,,,,,false,,,,,,,,,false,
ELEC,"Sheetz 407 (Wytheville, VA)",1340 North Fourth Street,,Wytheville,VA,24382,,833-632-2778,E,,Public,24 hours daily,,,,,,,4,,Electrify America,https://www.electrifyamerica.com,GPS,36.9595,-81.0951,2026-06-09,168007,2026-06-09 03:19:21 UTC,,,,2020-10-29,,,,,J1772COMBO,US,,,,Public,,public,,,,,,,,,,,,,,,,,,,,false,,,,,,,,,false,
ELEC,CIRC STATION 2,507 Stuart Cir,,Richmond,VA,23220,,888-758-4389,E,,Public,24 hours daily,,,,,,2,,,ChargePoint Network,https://www.chargepoint.com,GPS,37.552946,-77.45701,2026-06-09,168478,2026-06-09 02:07:33 UTC,,,,2020-11-14,,,,,J1772,US,,,,Public,,public,,,,,,,,,,,,,,,,,,,,false,,,,,,,,,false,
ELEC,"Walmart 2647 (Woodstock, VA)",461 W. Reservoir Road,,Woodstock,VA,22664,,833-632-2778,E,,Public,24 hours daily,,,,,,,4,,Electrify America,https://www.electrifyamerica.com,GPS,38.86963,-78.52963,2026-06-09,168490,2026-06-09 03:16:10 UTC,,,,2020-11-14,,,,,CHADEMO J1772COMBO,US,,,,Public,,public,,,,,,,,,,,,,,,,,,,,false,,,,,,,,,false,
ELEC,Best Western Plus Inn At Valley View - Tesla Destination,5050 Valley View Blvd NW,,Roanoke,VA,24012,,877-798-3752,E,,Public,,,,,,,6,,,Tesla Destination,https://www.tesla.com/destination-charging,200-9,37.309133,-79.97091,2024-07-01,168623,2025-02-12 00:16:32 UTC,P,,,2017-12-05,,,,,J1772 TESLA,US,,,,Public,,public,,,,,,,,,,,,,,,,,,,,,,,,,,,,,false,
ELEC,Captain George's Seafood Restaurant - Tesla Destination,1956 Laskin Rd,,Virginia Beach,VA,23454,,877-798-3752,E,,Public,,,,,,,2,,,Tesla Destination,https://www.tesla.com/destination-charging,200-9,36.847635,-76.035971,2024-07-01,168662,2025-02-12 00:16:32 UTC,P,,,2017-05-01,,,,,TESLA,US,,,,Public,,public,,,,,,,,,,,,,,,,,,,,,,,,,,,,,false,
ELEC,Peninsula Town Center - Tesla Destination,1600 Merchant Lane,,Hampton,VA,23666,,877-798-3752,E,,Public,,,,,,,24,,,Tesla Destination,https://www.tesla.com/destination-charging,200-8,37.045567,-76.393371,2024-07-01,169021,2025-02-12 00:16:32 UTC,P,,,2018-10-12,,,,,J1772 TESLA,US,,,,Public,,public,,,,,,,,,,,,,,,,,,,,,,,,,,,,,false,
ELEC,Thatch Winery - Tesla Destination,1650 Harris Creek Rd,,Charlottesville,VA,22902,,877-798-3752,E,,Public,,,,,,,4,,,Tesla Destination,https://www.tesla.com/destination-charging,200-8,37.892855,-78.556809,2024-07-01,169165,2025-02-12 00:16:32 UTC,P,,,2019-10-04,,,,,TESLA,US,,,,Public,,public,,,,,,,,,,,,,,,,,,,,,,,,,,,,,false,
ELEC,Idylwood Plaza - Tesla Supercharger,7501 Leesburg Place,,Falls Church,VA,22043,,877-798-3752,E,,Public,24 hours daily. Please check Tesla's online station map to see if an adapter is required at this location.,,,,,,,8,,Tesla,https://www.tesla.com/supercharger,GPS,38.902531,-77.203257,2024-07-01,169533,2025-05-06 21:07:47 UTC,P,,,2020-11-23,,,,,TESLA,US,,,,Public,,public,,,SHOPPING_MALL,,,,,,,,,,,,,,,,,,,,,,,,,LD,false,
ELEC,"Walmart 1773 (Newport News, VA)",12401 Jefferson Ave.,,Newport News,VA,23602,,833-632-2778,E,,Public,24 hours daily,,,,,,,10,,Electrify America,https://www.electrifyamerica.com,GPS,37.11959,-76.50742,2026-06-09,169947,2026-06-09 03:20:39 UTC,,,,2020-12-05,,,,,CHADEMO J1772COMBO,US,,,,Public,,public,,,,,,,,,,,,,,,,,,,,false,,,,,,,,,false,
ELEC,City of Fairfax City Hall,10455 Armstrong Street,,Fairfax,VA,22030,,888-998-2546,E,,Public,24 hours daily,,,,,,2,,,Blink Network,https://blinkcharging.com,GPS,38.8407875,-77.3082469,2026-06-09,170018,2026-06-09 00:57:24 UTC,,,,2020-05-26,,,,,J1772,US,,,,Public,,public,,,,,,,,,,FREE,,,,,,,,,,false,,,,,,,,,false,
ELEC,"Brughs Mill Country Store (Fincastle, VA)",345 Brughs Mill Rd,,Fincastle,VA,24090,,833-632-2778,E,,Public,24 hours daily,,,,,,,4,,Electrify America,https://www.electrifyamerica.com,GPS,37.45557,-79.83802,2026-06-09,170318,2026-06-09 03:19:17 UTC,,,,2020-12-18,,,,,J1772COMBO,US,,,,Public,,public,,,,,,,,,,,,,,,,,,,,false,,,,,,,,,false,
ELEC,"Simon Leesburg Premium Outlets (Leesburg, VA)",235 Fort Evans Road NE,,Leesburg,VA,20176,,833-632-2778,E,,Public,24 hours daily,,,,,,,4,,Electrify America,https://www.electrifyamerica.com,GPS,39.10904,-77.53838,2026-06-09,170321,2026-06-09 03:20:14 UTC,,,,2020-12-18,,,,,J1772COMBO,US,,,,Public,,public,,,,,,,,,,,,,,,,,,,,false,,,,,,,,,false,
ELEC,Sheetz - Tesla Supercharger,151 Wagner Road,,Petersburg,VA,23805,,877-798-3752,E,,Public,24 hours daily. Please check Tesla's online station map to see if an adapter is required at this location.,,,,,,,8,,Tesla,https://www.tesla.com/supercharger,GPS,37.190626,-77.366349,2024-07-01,170433,2025-05-06 21:07:47 UTC,P,,,2020-12-14,,,,,TESLA,US,,,,Public,,public,,,CONVENIENCE_STORE,,,,,,,,,,,,,,,,,,,,,,,,,LD,false,
ELEC,SHOPPESATCLGPRK SHOPPES # 3,1401 S Main St College Plaza Shopping Center,S.Main & Gilliam Between Buffalo Wild Wings and Walgreens,Farmville,VA,23901,,888-758-4389,E,,Public,24 hours daily,,,,,,2,,,ChargePoint Network,https://www.chargepoint.com,GPS,37.28648,-78.397282,2026-06-09,170469,2026-06-09 02:10:53 UTC,,,,2020-12-23,,,,,J1772,US,,,,Public,,public,,,,,,,,,,,,,,,,,,,,false,,,,,,,,,false,
ELEC,SHOPPESATCLGPRK SHOPPES #2,1401 S Main St College Plaza Shopping Center,S.Main & Gilliam Between Buffalo Wild Wings and Walgreens,Farmville,VA,23901,,888-758-4389,E,,Public,24 hours daily,,,,,,2,,,ChargePoint Network,https://www.chargepoint.com,GPS,37.286485,-78.397337,2026-06-09,170470,2026-06-09 02:10:53 UTC,,,,2020-12-23,,,,,J1772,US,,,,Public,,public,,,,,,,,,,,,,,,,,,,,false,,,,,,,,,false,
ELEC,Wawa - Tesla Supercharger,842 Merrimac Trail,,Williamsburg,VA,23185,,877-798-3752,E,,Public,24 hours daily. Please check Tesla's online station map to see if an adapter is required at this location.,,,,,,,8,,Tesla,https://www.tesla.com/supercharger,GPS,37.266316,-76.676871,2024-07-01,170523,2025-05-06 21:07:47 UTC,P,,,2020-12-21,,,,,TESLA,US,,,,Public,,public,,,CONVENIENCE_STORE,,,,,,,,,,,,,,,,,,,,,,,,,LD,false,
ELEC,"Downtown Parking Lot - Woodstock, VA",118 S Church St,,Woodstock,VA,22664,,540-459-3621,E,,Public,24 hours daily,,,,,,2,,,Non-Networked,,GPS,38.881153,-78.504715,2024-11-06,170567,2025-02-12 00:16:32 UTC,P,,,2020-12-21,,,,,J1772 TESLA,US,,,,Public,,public,,,PARKING_LOT,,,,,,,Free,,,,,,,,,,false,,,,,,,,MD,false,
ELEC,Regatta Point YC,137 Neptune Lane,,Deltaville,VA,23043,,888-998-2546,E,,Public,24 hours daily,,,,,,2,,,Blink Network,https://blinkcharging.com,GPS,37.5595246,-76.3123021,2026-06-09,170671,2026-06-09 00:57:30 UTC,,,,2020-12-14,,,,,J1772,US,,,,Public,,public,,,,,,,,,,"$0.90-$1.75/Hr Variable Parking Fee, $0.20/kWh Energy Fee",,,,,,,,,,false,,,,,,,,,false,
ELEC,INN RICHMOND STATION 3,5406 Glenside Dr,Side entrance,Richmond,VA,23228,,888-758-4389,E,,Public,24 hours daily,,,,,,2,,,ChargePoint Network,https://www.chargepoint.com,GPS,37.610513,-77.516046,2026-06-09,170686,2026-06-09 02:01:56 UTC,,,,2020-12-31,,,,,J1772,US,,,,Public,,public,,,,,,,,,,,,,,,,,,,,false,,,,,,,,,false,
ELEC,INN RICHMOND STATION 1,5416 Glenside Dr,,Richmond,VA,23228,,888-758-4389,E,,Public,24 hours daily,,,,,,2,,,ChargePoint Network,https://www.chargepoint.com,GPS,37.610584,-77.516023,2026-06-09,170687,2026-06-09 01:58:30 UTC,,,,2020-12-31,,,,,J1772,US,,,,Public,,public,,,,,,,,,,,,,,,,,,,,false,,,,,,,,,false,
ELEC,Ramada Strasburg,21 Signal Knob Dr,,Strasburg,VA,22657,,888-998-2546,E,,Public,24 hours daily,,,,,,1,,,Blink Network,https://blinkcharging.com,GPS,39.00027084,-78.34512329,2026-06-09,171228,2026-06-09 00:17:07 UTC,,,,2021-01-09,,,,,J1772,US,,,,Public,,public,,,,,,,,,,Free,,,,,,,,,,false,,,,,,,,,false,
ELEC,"BoA VA9-532 (Jermantown, VA)",11190 MAIN ST,,Fairfax,VA,22030,,833-632-2778,E,,Public,24 hours daily,,,,,,,4,,Electrify America,https://www.electrifyamerica.com,GPS,38.85652,-77.33124,2026-06-09,171423,2026-06-09 03:20:11 UTC,,,,2021-01-22,,,,,J1772COMBO,US,,,,Public,,public,,,,,,,,,,,,,,,,,,,,false,,,,,,,,,false,
ELEC,Sheetz - Tesla Supercharger,1804 Tappahannock,,Tappahannock,VA,22560,,877-798-3752,E,,Public,24 hours daily. Please check Tesla's online station map to see if an adapter is required at this location.,,,,,,,8,,Tesla,https://www.tesla.com/supercharger,GPS,37.903873,-76.865803,2024-07-01,171470,2025-02-12 00:16:32 UTC,P,,,2021-01-11,,,,,TESLA,US,,,,Public,,public,,,CONVENIENCE_STORE,,,,,,,,,,,,,,,,,,,,,,,,,LD,false,
ELEC,GEORGE MASON U SHENANDOAH 1,4400 University Dr,1st level-adjacent to stairwell and elevator Shenandoah deck - Middle Station,Fairfax,VA,22030,,888-758-4389,E,,Public,24 hours daily,,,,,,2,,,ChargePoint Network,https://www.chargepoint.com,GPS,38.829259,-77.304649,2026-06-09,171631,2026-06-09 01:28:20 UTC,,,,2021-01-27,,,,,J1772,US,,,,Public,,public,,,,,,,,,,,,,,,,,,,,false,,,,,,,,,false,
ELEC,POA STATION 2,8421 Broad St,Parking garage level P5,McLean,VA,22102,,888-758-4389,E,,Public,24 hours daily,,,,,,2,,,ChargePoint Network,https://www.chargepoint.com,GPS,38.927627,-77.23809,2026-06-09,171701,2026-06-09 01:32:33 UTC,,,,2021-01-27,,,,,J1772,US,,,,Public,,public,,,,,,,,,,,,,,,,,,,,false,,,,,,,,,false,
ELEC,TYSON TOWER TYSONS TOWER 1,7900 Tysons One Pl,,Tysons Corner,VA,22102,,888-758-4389,E,,Public,24 hours daily,,,,,,1,,,ChargePoint Network,https://www.chargepoint.com,GPS,38.919557,-77.221169,2026-06-09,171789,2026-06-09 01:06:34 UTC,,,,2021-01-27,,,,,J1772,US,,,,Public,,public,,,,,,,,,,,,,,,,,,,,false,,,,,,,,,false,
ELEC,TYSON TOWER TYSONS TOWER 3,7900 Tysons One Pl,,Tysons Corner,VA,22102,,888-758-4389,E,,Public,24 hours daily,,,,,,1,,,ChargePoint Network,https://www.chargepoint.com,GPS,38.919557,-77.221094,2026-06-09,171790,2026-06-09 01:06:34 UTC,,,,2021-01-27,,,,,J1772,US,,,,Public,,public,,,,,,,,,,,,,,,,,,,,false,,,,,,,,,false,
ELEC,TYSON TOWER TYSONS TOWER 2,7900 Tysons One Pl,,Tysons Corner,VA,22102,,888-758-4389,E,,Public,24 hours daily,,,,,,1,,,ChargePoint Network,https://www.chargepoint.com,GPS,38.919563,-77.221129,2026-06-09,171791,2026-06-09 01:06:34 UTC,,,,2021-01-27,,,,,J1772,US,,,,Public,,public,,,,,,,,,,,,,,,,,,,,false,,,,,,,,,false,
ELEC,LIBBIE MILL B1,4900 Libbie Mill E Blvd.,Located in the southwest corner of the parking lot north of Tanner Row (4900 Libbie Mill East Blvd).,Richmond,VA,23230,,888-758-4389,E,,Public,24 hours daily,,,,,,2,,,ChargePoint Network,https://www.chargepoint.com,GPS,37.591803,-77.494247,2026-06-09,171843,2026-06-09 01:17:02 UTC,,,,2021-01-27,,,,,J1772,US,,,,Public,,public,,,,,,,,,,,,,,,,,,,,false,,,,,,,,,false,
ELEC,LIBBIE MILL A1,4901 Libbie Mill E Blvd.,,Richmond,VA,23230,,888-758-4389,E,,Public,24 hours daily,,,,,,2,,,ChargePoint Network,https://www.chargepoint.com,GPS,37.59006,-77.494079,2026-06-09,171897,2026-06-09 01:08:23 UTC,,,,2021-01-27,,,,,J1772,US,,,,Public,,public,,,,,,,,,,,,,,,,,,,,false,,,,,,,,,false,
ELEC,TYCON COURTHOUS FAR LEFT,2070 Chain Bridge Rd,,Vienna,VA,22182,,888-758-4389,E,,Public,24 hours daily,,,,,,2,,,ChargePoint Network,https://www.chargepoint.com,GPS,38.917379,-77.237149,2026-06-09,172201,2026-06-09 01:18:40 UTC,,,,2021-01-27,,,,,J1772,US,,,,Public,,public,,,,,,,,,,,,,,,,,,,,false,,,,,,,,,false,
ELEC,TYCON COURTHOUS FAR RIGHT,2070 Chain Bridge Rd,,Vienna,VA,22182,,888-758-4389,E,,Public,24 hours daily,,,,,,2,,,ChargePoint Network,https://www.chargepoint.com,GPS,38.917718,-77.237432,2026-06-09,172202,2026-06-09 01:18:05 UTC,,,,2021-01-27,,,,,J1772,US,,,,Public,,public,,,,,,,,,,,,,,,,,,,,false,,,,,,,,,false,
ELEC,GEORGE MASON U MASON POND 2,Mason Pond Parking Deck,2nd level-adjacent to stairwell and elevator,Fairfax,VA,22030,,888-758-4389,E,,Public,24 hours daily,,,,,,2,,,ChargePoint Network,https://www.chargepoint.com,GPS,38.830561,-77.309856,2026-06-09,173435,2026-06-09 01:28:34 UTC,,,,2021-01-27,,,,,J1772,US,,,,Public,,public,,,,,,,,,,,,,,,,,,,,false,,,,,,,,,false,
ELEC,GEORGE MASON U VAN METRE 2,3351 Fairfax Dr,,Arlington,VA,22201,,888-758-4389,E,,Public,24 hours daily,,,,,,2,,,ChargePoint Network,https://www.chargepoint.com,GPS,38.885165,-77.101229,2026-06-09,173441,2026-06-09 01:28:33 UTC,,,,2021-01-27,,,,,J1772,US,,,,Public,,public,,,,,,,,,,,,,,,,,,,,false,,,,,,,,,false,
ELEC,GEORGE MASON U VAN METRE 1,3351 Fairfax Dr,Founders Garage B1 level adjacent to elevators,Arlington,VA,22201,,888-758-4389,E,,Public,24 hours daily,,,,,,2,,,ChargePoint Network,https://www.chargepoint.com,GPS,38.885142,-77.101158,2026-06-09,173442,2026-06-09 01:28:19 UTC,,,,2021-01-27,,,,,J1772,US,,,,Public,,public,,,,,,,,,,,,,,,,,,,,false,,,,,,,,,false,
ELEC,GEORGE MASON U RAPPAHANNOCK 1,4393 University Dr,1st level-visitor area-back wall north side stairwell,Fairfax,VA,22030,,888-758-4389,E,,Public,24 hours daily,,,,,,2,,,ChargePoint Network,https://www.chargepoint.com,GPS,38.835043,-77.306344,2026-06-09,173443,2026-06-09 01:28:20 UTC,,,,2021-01-27,,,,,J1772,US,,,,Public,,public,,,,,,,,,,,,,,,,,,,,false,,,,,,,,,false,
ELEC,SIMON FASHIONCENTER 3,1100 S Hayes St,,Arlington,VA,22202,,888-758-4389,E,,Public,24 hours daily,,,,,,1,,,ChargePoint Network,https://www.chargepoint.com,GPS,38.861417,-77.058564,2026-06-09,173701,2026-06-09 01:37:03 UTC,,,,2021-01-27,,,,,J1772,US,,,,Public,,public,,,,,,,,,,,,,,,,,,,,false,,,,,,,,,false,
ELEC,SIMON FASHIONCENTER 4,1100 S Hayes St,,Arlington,VA,22202,,888-758-4389,E,,Public,24 hours daily,,,,,,1,,,ChargePoint Network,https://www.chargepoint.com,GPS,38.861394,-77.058575,2026-06-09,173702,2026-06-09 01:37:02 UTC,,,,2021-01-27,,,,,J1772,US,,,,Public,,public,,,,,,,,,,,,,,,,,,,,false,,,,,,,,,false,
ELEC,SIMON FASHIONCENTER 2,1100 S Hayes St,,Arlington,VA,22202,,888-758-4389,E,,Public,24 hours daily,,,,,,1,,,ChargePoint Network,https://www.chargepoint.com,GPS,38.861446,-77.05855,2026-06-09,173703,2026-06-09 01:37:01 UTC,,,,2021-01-27,,,,,J1772,US,,,,Public,,public,,,,,,,,,,,,,,,,,,,,false,,,,,,,,,false,
ELEC,LOUDOUN COUNTY SJP L S1,39464 E Colonial Hwy,,Hamilton,VA,20158,,888-758-4389,E,,Public,24 hours daily,,,,,,1,,,ChargePoint Network,https://www.chargepoint.com,GPS,39.136307,-77.635721,2026-06-09,173755,2026-06-09 01:37:36 UTC,,,,2021-01-27,,,,,J1772,US,,,,Public,,public,,,,,,,,,,,,,,,,,,,,false,,,,,,,,,false,
ELEC,LOUDOUN COUNTY SJP L S2,39464 E Colonial Hwy,,Hamilton,VA,20158,,888-758-4389,E,,Public,24 hours daily,,,,,,1,,,ChargePoint Network,https://www.chargepoint.com,GPS,39.136158,-77.636038,2026-06-09,173756,2026-06-09 01:37:36 UTC,,,,2021-01-27,,,,,J1772,US,,,,Public,,public,,,,,,,,,,,,,,,,,,,,false,,,,,,,,,false,
ELEC,LOUDOUN COUNTY SJP L D1,39464 E Colonial Hwy,,Hamilton,VA,20158,,888-758-4389,E,,Public,24 hours daily,,,,,,2,,,ChargePoint Network,https://www.chargepoint.com,GPS,39.136325,-77.636077,2026-06-09,173758,2026-06-09 01:35:56 UTC,,,,2021-01-27,,,,,J1772,US,,,,Public,,public,,,,,,,,,,,,,,,,,,,,false,,,,,,,,,false,
ELEC,LIBBIE MILL C1,5001 Libbie Mill E Blvd.,Located just west of the southside entrance of the Penstock Quarter Apt Bldg.,Richmond,VA,23230,,888-758-4389,E,,Public,24 hours daily,,,,,,2,,,ChargePoint Network,https://www.chargepoint.com,GPS,37.589806,-77.495388,2026-06-09,173887,2026-06-09 01:38:27 UTC,,,,2021-01-27,,,,,J1772,US,,,,Public,,public,,,,,,,,,,,,,,,,,,,,false,,,,,,,,,false,
ELEC,CASEYHONDA SHOP02,12943 Jefferson Ave,Break room,Newport News,VA,23608,,888-758-4389,E,,Public,24 hours daily,,,,,,1,,,ChargePoint Network,https://www.chargepoint.com,GPS,37.153023,-76.533028,2026-06-09,173892,2026-06-09 01:38:10 UTC,,,,2021-01-27,,,,,J1772,US,,,,Public,,public,,,,,,,,,,,,,,,,,,,,false,,,,,,,,,false,
ELEC,CASEYHONDA SHOP01,12943 Jefferson Ave,"Service bay 1,2",Newport News,VA,23608,,888-758-4389,E,,Public,24 hours daily,,,,,,1,,,ChargePoint Network,https://www.chargepoint.com,GPS,37.153009,-76.532885,2026-06-09,173893,2026-06-09 01:38:10 UTC,,,,2021-01-27,,,,,J1772,US,,,,Public,,public,,,,,,,,,,,,,,,,,,,,false,,,,,,,,,false,
ELEC,POA STATION 1,8251 Greensboro Dr,Parking garage level P5,McLean,VA,22102,,888-758-4389,E,,Public,24 hours daily,,,,,,2,,,ChargePoint Network,https://www.chargepoint.com,GPS,38.922118,-77.229356,2026-06-09,174341,2026-06-09 01:29:46 UTC,,,,2021-01-27,,,,,J1772,US,,,,Public,,public,,,,,,,,,,,,,,,,,,,,false,,,,,,,,,false,
ELEC,LOUDOUN METRO STATION 2,43625 Croson lane,,Ashburn,VA,20147,,888-758-4389,E,,Public,"Mon: 12:00am-1:00am, 4:00am-11:59pm; Tue: 12:00am-1:00am, 4:00am-11:59pm; Wed: 12:00am-1:00am, 4:00am-11:59pm; Thu: 12:00am-1:00am, 4:00am-11:59pm; Fri: 12:00am-1:00am, 4:00am-11:59pm; Sat: 12:00am-1:00am, 4:00am-11:59pm; Sun: 12:00am-1:00am, 4:00am-11:59pm",,,,,,2,,,ChargePoint Network,https://www.chargepoint.com,GPS,39.005074,-77.492935,2026-06-09,174372,2026-06-09 01:42:38 UTC,,,,2021-01-27,,,,,J1772,US,,,,Public,,public,,,,,,,,,,,,,,,,,,,,false,,,,,,,,,false,
ELEC,LOUDOUN METRO STATION 3,43625 Croson lane,,Ashburn,VA,20147,,888-758-4389,E,,Public,"Mon: 12:00am-1:00am, 4:00am-11:59pm; Tue: 12:00am-1:00am, 4:00am-11:59pm; Wed: 12:00am-1:00am, 4:00am-11:59pm; Thu: 12:00am-1:00am, 4:00am-11:59pm; Fri: 12:00am-1:00am, 4:00am-11:59pm; Sat: 12:00am-1:00am, 4:00am-11:59pm; Sun: 12:00am-1:00am, 4:00am-11:59pm",,,,,,2,,,ChargePoint Network,https://www.chargepoint.com,GPS,39.00557,-77.49293,2026-06-09,174373,2026-06-09 01:41:26 UTC,,,,2021-01-27,,,,,J1772,US,,,,Public,,public,,,,,,,,,,,,,,,,,,,,false,,,,,,,,,false,
ELEC,LOUDOUN METRO STATION 14,43625 Croson lane,,Ashburn,VA,20147,,888-758-4389,E,,Public,"Mon: 12:00am-1:00am, 4:00am-11:59pm; Tue: 12:00am-1:00am, 4:00am-11:59pm; Wed: 12:00am-1:00am, 4:00am-11:59pm; Thu: 12:00am-1:00am, 4:00am-11:59pm; Fri: 12:00am-1:00am, 4:00am-11:59pm; Sat: 12:00am-1:00am, 4:00am-11:59pm; Sun: 12:00am-1:00am, 4:00am-11:59pm",,,,,,2,,,ChargePoint Network,https://www.chargepoint.com,GPS,39.005383,-77.49307,2026-06-09,174374,2026-06-09 01:41:26 UTC,,,,2021-01-27,,,,,J1772,US,,,,Public,,public,,,,,,,,,,,,,,,,,,,,false,,,,,,,,,false,
ELEC,LOUDOUN METRO STATION 9,43625 Croson Lane,,Ashburn,VA,20147,,888-758-4389,E,,Public,"Mon: 12:00am-1:00am, 4:00am-11:59pm; Tue: 12:00am-1:00am, 4:00am-11:59pm; Wed: 12:00am-1:00am, 4:00am-11:59pm; Thu: 12:00am-1:00am, 4:00am-11:59pm; Fri: 12:00am-1:00am, 4:00am-11:59pm; Sat: 12:00am-1:00am, 4:00am-11:59pm; Sun: 12:00am-1:00am, 4:00am-11:59pm",,,,,,2,,,ChargePoint Network,https://www.chargepoint.com,GPS,39.005344,-77.493065,2026-06-09,174375,2026-06-09 01:41:10 UTC,,,,2021-01-27,,,,,J1772,US,,,,Public,,public,,,,,,,,,,,,,,,,,,,,false,,,,,,,,,false,
ELEC,LOUDOUN METRO STATION 11,43625 Croson lane,,Ashburn,VA,20147,,888-758-4389,E,,Public,"Mon: 12:00am-1:00am, 4:00am-11:59pm; Tue: 12:00am-1:00am, 4:00am-11:59pm; Wed: 12:00am-1:00am, 4:00am-11:59pm; Thu: 12:00am-1:00am, 4:00am-11:59pm; Fri: 12:00am-1:00am, 4:00am-11:59pm; Sat: 12:00am-1:00am, 4:00am-11:59pm; Sun: 12:00am-1:00am, 4:00am-11:59pm",,,,,,2,,,ChargePoint Network,https://www.chargepoint.com,GPS,39.005356,-77.492905,2026-06-09,174376,2026-06-09 01:31:29 UTC,,,,2021-01-27,,,,,J1772,US,,,,Public,,public,,,,,,,,,,,,,,,,,,,,false,,,,,,,,,false,
ELEC,LOUDOUN METRO STATION 10,43625 Croson lane,,Ashburn,VA,20147,,888-758-4389,E,,Public,"Mon: 12:00am-1:00am, 4:00am-11:59pm; Tue: 12:00am-1:00am, 4:00am-11:59pm; Wed: 12:00am-1:00am, 4:00am-11:59pm; Thu: 12:00am-1:00am, 4:00am-11:59pm; Fri: 12:00am-1:00am, 4:00am-11:59pm; Sat: 12:00am-1:00am, 4:00am-11:59pm; Sun: 12:00am-1:00am, 4:00am-11:59pm",,,,,,2,,,ChargePoint Network,https://www.chargepoint.com,GPS,39.005325,-77.49284,2026-06-09,174377,2026-06-09 01:31:27 UTC,,,,2021-01-27,,,,,J1772,US,,,,Public,,public,,,,,,,,,,,,,,,,,,,,false,,,,,,,,,false,
ELEC,LOUDOUN METRO STATION 15,43625 Croson lane,,Ashburn,VA,20147,,888-758-4389,E,,Public,"Mon: 12:00am-1:00am, 4:00am-11:59pm; Tue: 12:00am-1:00am, 4:00am-11:59pm; Wed: 12:00am-1:00am, 4:00am-11:59pm; Thu: 12:00am-1:00am, 4:00am-11:59pm; Fri: 12:00am-1:00am, 4:00am-11:59pm; Sat: 12:00am-1:00am, 4:00am-11:59pm; Sun: 12:00am-1:00am, 4:00am-11:59pm",,,,,,2,,,ChargePoint Network,https://www.chargepoint.com,GPS,39.005424,-77.49307,2026-06-09,174378,2026-06-09 01:31:26 UTC,,,,2021-01-27,,,,,J1772,US,,,,Public,,public,,,,,,,,,,,,,,,,,,,,false,,,,,,,,,false,
ELEC,LOUDOUN METRO STATION 7,43625 Croson lane,,Ashburn,VA,20147,,888-758-4389,E,,Public,"Mon: 12:00am-1:00am, 4:00am-11:59pm; Tue: 12:00am-1:00am, 4:00am-11:59pm; Wed: 12:00am-1:00am, 4:00am-11:59pm; Thu: 12:00am-1:00am, 4:00am-11:59pm; Fri: 12:00am-1:00am, 4:00am-11:59pm; Sat: 12:00am-1:00am, 4:00am-11:59pm; Sun: 12:00am-1:00am, 4:00am-11:59pm",,,,,,2,,,ChargePoint Network,https://www.chargepoint.com,GPS,39.00557,-77.49297,2026-06-09,174379,2026-06-09 01:22:01 UTC,,,,2021-01-27,,,,,J1772,US,,,,Public,,public,,,,,,,,,,,,,,,,,,,,false,,,,,,,,,false,
ELEC,LOUDOUN METRO STATION 8,43625 Croson Ln,,Ashburn,VA,20147,,888-758-4389,E,,Public,"Mon: 12:00am-1:00am, 4:00am-11:59pm; Tue: 12:00am-1:00am, 4:00am-11:59pm; Wed: 12:00am-1:00am, 4:00am-11:59pm; Thu: 12:00am-1:00am, 4:00am-11:59pm; Fri: 12:00am-1:00am, 4:00am-11:59pm; Sat: 12:00am-1:00am, 4:00am-11:59pm; Sun: 12:00am-1:00am, 4:00am-11:59pm",,,,,,2,,,ChargePoint Network,https://www.chargepoint.com,GPS,39.005413,-77.4929,2026-06-09,174380,2026-06-09 01:14:47 UTC,,,,2021-01-27,,,,,J1772,US,,,,Public,,public,,,,,,,,,,,,,,,,,,,,false,,,,,,,,,false,
ELEC,POINTE 14 EV1,1351 N Rolfe St,Main Garage Level,Arlington,VA,22209,,888-758-4389,E,,Public,24 hours daily,,,,,,2,,,ChargePoint Network,https://www.chargepoint.com,GPS,38.88944,-77.079233,2026-06-09,174997,2026-06-09 01:44:18 UTC,,,,2021-01-27,,,,,J1772,US,,,,Public,,public,,,,,,,,,,,,,,,,,,,,false,,,,,,,,,false,
ELEC,CC PROPERTIES 6 RIVERSIDE 2,6 Riverside Circle,Level 1 in parking garage,Roanoke,VA,24016,,888-758-4389,E,,Public,24 hours daily,,,,,,2,,,ChargePoint Network,https://www.chargepoint.com,GPS,37.256714,-79.94377,2026-06-09,175809,2026-06-09 01:55:42 UTC,,,,2021-01-27,,,,,J1772,US,,,,Public,,public,,,,,,,,,,,,,,,,,,,,false,,,,,,,,,false,
ELEC,CC PROPERTIES 6 RIVERSIDE 1,6 Riverside Circle,Level 1 in parking garage,Roanoke,VA,24016,,888-758-4389,E,,Public,24 hours daily,,,,,,2,,,ChargePoint Network,https://www.chargepoint.com,GPS,37.256573,-79.943726,2026-06-09,175810,2026-06-09 01:55:41 UTC,,,,2021-01-27,,,,,J1772,US,,,,Public,,public,,,,,,,,,,,,,,,,,,,,false,,,,,,,,,false,
ELEC,MWH STATION 1,1001 Sam Perry Blvd,2nd floor parking deck,Fredericksburg,VA,22401,,888-758-4389,E,,Public,24 hours daily,,,,,,2,,,ChargePoint Network,https://www.chargepoint.com,GPS,38.31058,-77.48471,2026-06-09,175817,2026-06-09 01:55:51 UTC,,,,2021-01-27,,,,,J1772,US,,,,Public,,public,,,,,,,,,,,,,,,,,,,,false,,,,,,,,,false,
ELEC,MWH STATION 2,1001 Sam Perry Blvd,,Fredericksburg,VA,22401,,888-758-4389,E,,Public,24 hours daily,,,,,,2,,,ChargePoint Network,https://www.chargepoint.com,GPS,38.310516,-77.48449,2026-06-09,175818,2026-06-09 01:55:41 UTC,,,,2021-01-27,,,,,J1772,US,,,,Public,,public,,,,,,,,,,,,,,,,,,,,false,,,,,,,,,false,
ELEC,ALTRIA CRT 2 RIGHT,600 E Jackson St,,Richmond,VA,23219,,888-758-4389,E,,Public,24 hours daily,,,,,,2,,,ChargePoint Network,https://www.chargepoint.com,GPS,37.546702,-77.431745,2026-06-09,181144,2026-06-09 02:02:33 UTC,,,,2021-01-27,,,,,J1772,US,,,,Public,,public,,,,,,,,,,,,,,,,,,,,false,,,,,,,,,false,
ELEC,CIRC STATION 1,507 Stuart Cir,,Richmond,VA,23220,,888-758-4389,E,,Public,24 hours daily,,,,,,2,,,ChargePoint Network,https://www.chargepoint.com,GPS,37.552942,-77.457026,2026-06-09,181721,2026-06-09 02:07:28 UTC,,,,2021-01-27,,,,,J1772,US,,,,Public,,public,,,,,,,,,,,,,,,,,,,,false,,,,,,,,,false,
ELEC,SHOPPESATCLGPRK SHOPPES #1,1401 S Main St College Plaza Shopping Center,S.Main & Gilliam Between Buffalo Wild Wings and Walgreens,Farmville,VA,23901,,888-758-4389,E,,Public,24 hours daily,,,,,,2,,,ChargePoint Network,https://www.chargepoint.com,GPS,37.286494,-78.397397,2026-06-09,182074,2026-06-09 02:10:52 UTC,,,,2021-01-27,,,,,J1772,US,,,,Public,,public,,,,,,,,,,,,,,,,,,,,false,,,,,,,,,false,
ELEC,INN RICHMOND STATION 2,5416 Glenside Dr,,Richmond,VA,23228,,888-758-4389,E,,Public,24 hours daily,,,,,,2,,,ChargePoint Network,https://www.chargepoint.com,GPS,37.610561,-77.516052,2026-06-09,182161,2026-06-09 01:58:29 UTC,,,,2021-01-27,,,,,J1772,US,,,,Public,,public,,,,,,,,,,,,,,,,,,,,false,,,,,,,,,false,
ELEC,SOVA-IH STATION 1,715 Wilborn Ave,The station is located in the parking lot behind the building,South Boston,VA,24592,,888-758-4389,E,,Public,24 hours daily,,,,,,2,,,ChargePoint Network,https://www.chargepoint.com,GPS,36.700229,-78.902271,2026-06-09,183718,2026-06-09 02:11:53 UTC,,,,2021-02-02,,,,,J1772,US,,,,Public,,public,,,,,,,,,,,,,,,,,,,,false,,,,,,,,,false,
ELEC,Publix #1588,3535 Ellwood Ave,,Richmond,VA,23221,,804-253-6372,E,,Public,Store business hours; customer use only while shopping at Publix,,,,,,2,,,Non-Networked,,GPS,37.5569,-77.48806,2024-12-10,184084,2025-02-12 00:16:32 UTC,P,,,2020-12-09,,,,,J1772,US,,,,Public,,public,,,GROCERY,,,,,,,"Free, only while shopping in Publix",,,,,,,,,,true,,,,,,,,LD,false,
ELEC,GEORGE MASON U VAN METRE 3,3351 Fairfax Dr,,Arlington,VA,22201,,888-758-4389,E,,Public,24 hours daily,,,,,,2,,,ChargePoint Network,https://www.chargepoint.com,GPS,38.885056,-77.100665,2026-06-09,185706,2026-06-09 01:45:02 UTC,,,,2021-03-08,,,,,J1772,US,,,,Public,,public,,,,,,,,,,,,,,,,,,,,false,,,,,,,,,false,
ELEC,Sheetz - Tesla Supercharger,17188 Owens Drive,,King George,VA,22485,,877-798-3752,E,,Public,24 hours daily. Please check Tesla's online station map to see if an adapter is required at this location.,,,,,,,8,,Tesla,https://www.tesla.com/supercharger,GPS,38.353588,-77.048846,2024-07-01,186334,2025-02-12 00:16:32 UTC,P,,,2021-03-15,,,,,TESLA,US,,,,Public,,public,,,CONVENIENCE_STORE,,,,,,,,,,,,,,,,,,,,,,,,,,false,
ELEC,CITYOFMANASSAS CITY HALL 01,9027 Center St,,Manassas,VA,20110,,888-758-4389,E,,Public,24 hours daily,,,,,,2,,,ChargePoint Network,https://www.chargepoint.com,GPS,38.750961,-77.469589,2026-06-09,186400,2026-06-09 02:13:15 UTC,,,,2021-03-20,,,,,J1772,US,,,,Public,,public,,,,,,,,,,,,,,,,,,,,false,,,,,,,,,false,
ELEC,CITYOFMANASSAS MUSEUM EVSE 01,9101 Prince William St,,Manassas,VA,20110,,888-758-4389,E,,Public,24 hours daily,,,,,,2,,,ChargePoint Network,https://www.chargepoint.com,GPS,38.749516,-77.471807,2026-06-09,186401,2026-06-09 02:13:17 UTC,,,,2021-03-20,,,,,J1772,US,,,,Public,,public,,,,,,,,,,,,,,,,,,,,false,,,,,,,,,false,
ELEC,CITYOFMANASSAS VRE GARAGE 01,9102 Prince William St,D1,Manassas,VA,20110,,888-758-4389,E,,Public,24 hours daily,,,,,,2,,,ChargePoint Network,https://www.chargepoint.com,GPS,38.749767,-77.472008,2026-06-09,186402,2026-06-09 02:13:19 UTC,,,,2021-03-20,,,,,J1772,US,,,,Public,,public,,,,,,,,,,,,,,,,,,,,false,,,,,,,,,false,
ELEC,CITYOFMANASSAS PUBLIC WORKS 01,8500 Public Works Dr,Next to dumpster,Manassas,VA,20110,,888-758-4389,E,,Public,24 hours daily,,,,,,2,,,ChargePoint Network,https://www.chargepoint.com,GPS,38.770965,-77.460352,2026-06-09,186403,2026-06-09 02:13:20 UTC,,,,2021-03-20,,,,,J1772,US,,,,Public,,public,,,,,,,,,,,,,,,,,,,,false,,,,,,,,,false,
ELEC,LIBBIE MILL B3,4900 Libbie Mill E Blvd.,Located in the southwest corner of the parking lot north of Tanner Row (4900 Libbie Mill East Blvd).,Richmond,VA,23230,,888-758-4389,E,,Public,24 hours daily,,,,,,2,,,ChargePoint Network,https://www.chargepoint.com,GPS,37.591631,-77.494241,2026-06-09,186852,2026-06-09 02:14:33 UTC,,,,2021-04-02,,,,,J1772,US,,,,Public,,public,,,,,,,,,,,,,,,,,,,,false,,,,,,,,,false,
ELEC,LIBBIE MILL C3,5001 Libbie Mill E Blvd.,Located just west of the southside entrance of the Penstock Quarter Apt Bldg.,Richmond,VA,23230,,888-758-4389,E,,Public,24 hours daily,,,,,,2,,,ChargePoint Network,https://www.chargepoint.com,GPS,37.58981,-77.495249,2026-06-09,186853,2026-06-09 02:14:33 UTC,,,,2021-04-02,,,,,J1772,US,,,,Public,,public,,,,,,,,,,,,,,,,,,,,false,,,,,,,,,false,
ELEC,DENBIGH FF1,341 Chatham Dr,,Newport News,VA,23602,,888-758-4389,E,,Public,24 hours daily,,,,,,,1,,ChargePoint Network,https://www.chargepoint.com,GPS,37.122246,-76.513077,2026-06-09,186951,2026-06-09 02:08:37 UTC,,,,2021-04-03,,,,,CHADEMO J1772COMBO,US,,,,Public,,public,,,,,,,,,,,,,,,,,,,,false,,,,,,,,,false,
ELEC,DENBIGH FF2,341 Chatham Dr,,Newport News,VA,23602,,888-758-4389,E,,Public,24 hours daily,,,,,,,1,,ChargePoint Network,https://www.chargepoint.com,GPS,37.122263,-76.51305,2026-06-09,187031,2026-06-09 02:14:44 UTC,,,,2021-04-03,,,,,CHADEMO J1772COMBO,US,,,,Public,,public,,,,,,,,,,,,,,,,,,,,false,,,,,,,,,false,
ELEC,The Point at Dunn Loring,2677 Avenir Place,,Vienna,VA,22180,,888-998-2546,E,,Public,24 hours daily,,,,,,2,,,Blink Network,https://blinkcharging.com,GPS,38.8812448,-77.2292084,2026-06-09,187358,2026-06-09 00:57:41 UTC,,,,2012-01-10,,,,,J1772,US,,,,Public,,public,,,,,,,,,,FREE,,,,,,,,,,false,,,,,,,,,false,
ELEC,LIBBIE MILL A3,4901 Libbie Mill E Blvd.,,Richmond,VA,23230,,888-758-4389,E,,Public,24 hours daily,,,,,,2,,,ChargePoint Network,https://www.chargepoint.com,GPS,37.590162,-77.494079,2026-06-09,187678,2026-06-09 02:14:32 UTC,,,,2021-04-16,,,,,J1772,US,,,,Public,,public,,,,,,,,,,,,,,,,,,,,false,,,,,,,,,false,
ELEC,LIBBIE MILL C4,5001 Libbie Mill E Blvd.,Located just west of the southside entrance of the Penstock Quarter Apt Bldg.,Richmond,VA,23230,,888-758-4389,E,,Public,24 hours daily,,,,,,2,,,ChargePoint Network,https://www.chargepoint.com,GPS,37.589816,-77.495178,2026-06-09,187679,2026-06-09 02:14:33 UTC,,,,2021-04-16,,,,,J1772,US,,,,Public,,public,,,,,,,,,,,,,,,,,,,,false,,,,,,,,,false,
ELEC,LIBBIE MILL C5,5001 Libbie Mill E Blvd.,Located just west of the southside entrance of the Penstock Quarter Apt Bldg.,Richmond,VA,23230,,888-758-4389,E,,Public,24 hours daily,,,,,,2,,,ChargePoint Network,https://www.chargepoint.com,GPS,37.589816,-77.495112,2026-06-09,187692,2026-06-09 02:15:18 UTC,,,,2021-04-16,,,,,J1772,US,,,,Public,,public,,,,,,,,,,,,,,,,,,,,false,,,,,,,,,false,
ELEC,1812 N Moore,1812 N Moore Street,,Arlington,VA,22209,,888-998-2546,E,,Public,24 hours daily,,,,,,4,,,Blink Network,https://blinkcharging.com,GPS,38.8963347,-77.0721839,2026-06-09,187727,2026-06-09 00:52:44 UTC,,,,2019-11-21,,,,,J1772,US,,,,Public,,public,,,,,,,,,,FREE,,,,,,,,,,false,,,,,,,,,false,
ELEC,LYNX VENTURES RIGHT CHARGER,1001 E 4th St,"Located in the parking area surrounding Building V (the newest on site), near the doors to the main entrance.",Richmond,VA,23224,,888-758-4389,E,,Public,24 hours daily,,,,,,2,,,ChargePoint Network,https://www.chargepoint.com,GPS,37.517257,-77.430996,2026-06-09,187899,2026-06-09 02:15:27 UTC,,,,2021-04-23,,,,,J1772,US,,,,Public,,public,,,,,,,,,,,,,,,,,,,,false,,,,,,,,,false,
ELEC,ALBEMARLE COB 5TH-UNIT 1,1600 5th Street Extension,,Charlottesville,VA,22902,,888-758-4389,E,,Public,24 hours daily,,,,,,2,,,ChargePoint Network,https://www.chargepoint.com,GPS,38.004812,-78.518201,2026-06-09,187932,2026-06-09 02:14:41 UTC,,,,2021-04-24,,,,,J1772,US,,,,Public,,public,,,,,,,,,,,,,,,,,,,,false,,,,,,,,,false,
ELEC,FRANKLINFARMS FRANKLINFARMS,8000 Franklin Farms Dr,,Richmond,VA,23229,,888-758-4389,E,,Public,24 hours daily,,,,,,2,,,ChargePoint Network,https://www.chargepoint.com,GPS,37.601807,-77.545456,2026-06-09,188059,2026-06-09 02:15:52 UTC,,,,2021-04-28,,,,,J1772,US,,,,Public,,public,,,,,,,,,,,,,,,,,,,,false,,,,,,,,,false,
ELEC,LYNX VENTURES LEFT CHARGER,1001 E 4th St,"Located in the parking area surrounding Building V (the newest on site), near the doors to the main entrance.",Richmond,VA,23224,,888-758-4389,E,,Public,24 hours daily,,,,,,2,,,ChargePoint Network,https://www.chargepoint.com,GPS,37.517325,-77.430902,2026-06-09,188105,2026-06-09 02:15:27 UTC,,,,2021-04-29,,,,,J1772,US,,,,Public,,public,,,,,,,,,,,,,,,,,,,,false,,,,,,,,,false,
ELEC,Virginia Museum of Transportation,303 Norfolk Avenue SW,,Roanoke,VA,24016,,888-998-2546,E,,Public,24 hours daily,,,,,,1,,,Blink Network,https://blinkcharging.com,GPS,37.27289,-79.946207,2026-06-09,189114,2026-06-09 00:56:53 UTC,,,,2021-05-03,,,,,J1772,US,,,,Public,,public,,,,,,,,,,Free,,,,,,,,,,false,,,,,,,,,false,
ELEC,TRU RADFORD STATION 2,2300 Tyler Rd,Parking lot,Christiansburg,VA,24073,,888-758-4389,E,,Public,24 hours daily,,,,,,2,,,ChargePoint Network,https://www.chargepoint.com,GPS,37.102229,-80.515952,2026-06-09,189789,2026-06-09 01:57:15 UTC,,,,2021-05-19,,,,,J1772,US,,,,Public,,public,,,,,,,,,,,,,,,,,,,,false,,,,,,,,,false,
ELEC,"Target T1088 (Reston, VA)",12197 Sunset Hills Rd,,Reston,VA,20190,,833-632-2778,E,,Public,24 hours daily,,,,,,,4,,Electrify America,https://www.electrifyamerica.com,GPS,38.95524,-77.36899,2026-06-09,190194,2026-06-09 03:20:11 UTC,,,,2021-05-27,,,,,J1772COMBO,US,,,,Public,,public,,,,,,,,,,,,,,,,,,,,false,,,,,,,,,false,
ELEC,"Tyson's Corner Center (McLean, VA)",8000 Tysons Corner Center,,McLean,VA,22102,,833-632-2778,E,,Public,24 hours daily,,,,,,,4,,Electrify America,https://www.electrifyamerica.com,GPS,38.91694,-77.22058,2026-06-09,190384,2026-06-09 03:19:53 UTC,,,,2021-05-29,,,,,J1772COMBO,US,,,,Public,,public,,,,,,,,,,,,,,,,,,,,false,,,,,,,,,false,
ELEC,Wawa - Tesla Supercharger,3267 Proffit Road,,Charlottesville,VA,22901,,877-798-3752,E,,Public,24 hours daily. Please check Tesla's online station map to see if an adapter is required at this location.,,,,,,,8,,Tesla,https://www.tesla.com/supercharger,GPS,38.1321,-78.43472,2024-07-01,190465,2025-02-12 00:16:32 UTC,P,,,2021-05-23,,,,,TESLA,US,,,,Public,,public,,,CONVENIENCE_STORE,,,,,,,,,,,,,,,,,,,,,,,,,LD,false,
ELEC,Wawa - Tesla Supercharger,2501 Virginia Beach Boulevard,,Virginia Beach,VA,23452,,877-798-3752,E,,Public,24 hours daily. Please check Tesla's online station map to see if an adapter is required at this location.,,,,,,,8,,Tesla,https://www.tesla.com/supercharger,GPS,36.84068,-76.05528,2024-07-01,190477,2025-02-12 00:16:32 UTC,P,,,2021-05-23,,,,,TESLA,US,,,,Public,,public,,,CONVENIENCE_STORE,,,,,,,,,,,,,,,,,,,,,,,,,,false,
ELEC,Wawa - Tesla Supercharger,105 Garrisonville Road,,Stafford Courthouse,VA,22554,,877-798-3752,E,,Public,24 hours daily. Please check Tesla's online station map to see if an adapter is required at this location.,,,,,,,8,,Tesla,https://www.tesla.com/supercharger,GPS,38.46749,-77.41211,2024-07-01,190480,2025-02-12 00:16:32 UTC,P,,,2021-05-23,,,,,TESLA,US,,,,Public,,public,,,CONVENIENCE_STORE,,,,,,,,,,,,,,,,,,,,,,,,,,false,
ELEC,Wawa - Tesla Supercharger,23055 Oakgrove Road,,Sterling,VA,20166,,877-798-3752,E,,Public,24 hours daily. Please check Tesla's online station map to see if an adapter is required at this location.,,,,,,,8,,Tesla,https://www.tesla.com/supercharger,GPS,38.97786,-77.41192,2024-07-01,190503,2025-02-12 00:16:32 UTC,P,,,2021-05-23,,,,,TESLA,US,,,,Public,,public,,,CONVENIENCE_STORE,,,,,,,,,,,,,,,,,,,,,,,,,LD,false,
ELEC,Sheetz - Tesla Supercharger,533 University Boulevard,,Harrisonburg,VA,22801,,877-798-3752,E,,Public,24 hours daily. Please check Tesla's online station map to see if an adapter is required at this location.,,,,,,,8,,Tesla,https://www.tesla.com/supercharger,GPS,38.42964,-78.85657,2024-07-01,190511,2025-02-12 00:16:32 UTC,P,,,2021-05-23,,,,,TESLA,US,,,,Public,,public,,,CONVENIENCE_STORE,,,,,,,,,,,,,,,,,,,,,,,,,,false,
ELEC,"Simon Potomac Mills (Woodbridge, VA)",2700 Potomac Mills Cir,,Woodbridge,VA,22192,,833-632-2778,E,,Public,24 hours daily,,,,,,,4,,Electrify America,https://www.electrifyamerica.com,GPS,38.6449,-77.29896,2026-06-09,190762,2026-06-09 03:20:07 UTC,,,,2021-06-05,,,,,J1772COMBO,US,,,,Public,,public,,,,,,,,,,,,,,,,,,,,false,,,,,,,,,false,
ELEC,ALBEMARLE MIDDLE LOT 3,401 McIntire Rd,,Charlottesville,VA,22902,,888-758-4389,E,,Public,24 hours daily,,,,,,2,,,ChargePoint Network,https://www.chargepoint.com,GPS,38.035409,-78.482316,2026-06-09,190796,2026-06-09 02:13:49 UTC,,,,2021-06-08,,,,,J1772,US,,,,Public,,public,,,,,,,,,,,,,,,,,,,,false,,,,,,,,,false,
ELEC,ALBEMARLE MIDDLE LOT 1,401 McIntire Rd,,Charlottesville,VA,22902,,888-758-4389,E,,Public,24 hours daily,,,,,,2,,,ChargePoint Network,https://www.chargepoint.com,GPS,38.035386,-78.482356,2026-06-09,190803,2026-06-09 02:17:48 UTC,,,,2021-06-08,,,,,J1772,US,,,,Public,,public,,,,,,,,,,,,,,,,,,,,false,,,,,,,,,false,
ELEC,ALBEMARLE MIDDLE LOT 2,401 McIntire Rd,,Charlottesville,VA,22902,,888-758-4389,E,,Public,24 hours daily,,,,,,2,,,ChargePoint Network,https://www.chargepoint.com,GPS,38.035426,-78.482279,2026-06-09,190804,2026-06-09 02:17:48 UTC,,,,2021-06-08,,,,,J1772,US,,,,Public,,public,,,,,,,,,,,,,,,,,,,,false,,,,,,,,,false,
ELEC,SYMBOL SYMBOL 1,1814 Highpoint Ave,This station is in a restricted garage and not available for use by the general public,Richmond,VA,23230,,888-758-4389,E,,Public,24 hours daily,,,,,,2,,,ChargePoint Network,https://www.chargepoint.com,GPS,37.571212,-77.468471,2026-06-09,190864,2026-06-09 01:35:57 UTC,,,,2021-06-10,,,,,J1772,US,,,,Public,,public,,,,,,,,,,,,,,,,,,,,false,,,,,,,,,false,
ELEC,VTS CHAPEL GARDEN,3591 Deanery Dr,,Alexandria,VA,22302,,888-758-4389,E,,Public,24 hours daily,,,,,,2,,,ChargePoint Network,https://www.chargepoint.com,GPS,38.819972,-77.091893,2026-06-09,190990,2026-06-09 02:15:15 UTC,,,,2021-06-15,,,,,J1772,US,,,,Public,,public,,,,,,,,,,,,,,,,,,,,false,,,,,,,,,false,
ELEC,Hilton Crystal City at Washington Reagan National Airport,2399 Jefferson Davis Highway,,Arlington,VA,22202,,888-998-2546,E,,Public,24 hours daily,,,,,,2,,,Blink Network,https://blinkcharging.com,GPS,38.852599,-77.052326,2026-06-09,191047,2026-06-09 00:22:16 UTC,,,,2021-06-16,,,,,J1772,US,,,,Public,,public,,,,,,,,,,Free,,,,,,,,,,false,,,,,,,,,false,
ELEC,ALBEMARLE FAST MIDDLE 2,401 McIntire Rd,,Charlottesville,VA,22902,,888-758-4389,E,,Public,24 hours daily,,,,,,,1,,ChargePoint Network,https://www.chargepoint.com,GPS,38.035404,-78.48206,2026-06-09,191132,2026-06-09 02:10:06 UTC,,,,2021-06-18,,,,,CHADEMO J1772COMBO,US,,,,Public,,public,,,,,,,,,,,,,,,,,,,,false,,,,,,,,,false,
ELEC,ALBEMARLE FAST MIDDLE 3,401 McIntire Rd,,Charlottesville,VA,22902,,888-758-4389,E,,Public,24 hours daily,,,,,,,1,,ChargePoint Network,https://www.chargepoint.com,GPS,38.035408,-78.48204,2026-06-09,191133,2026-06-09 02:10:57 UTC,,,,2021-06-18,,,,,CHADEMO J1772COMBO,US,,,,Public,,public,,,,,,,,,,,,,,,,,,,,false,,,,,,,,,false,
ELEC,ALBEMARLE FAST MIDDLE 1,401 McIntire Rd,,Charlottesville,VA,22902,,888-758-4389,E,,Public,24 hours daily,,,,,,,1,,ChargePoint Network,https://www.chargepoint.com,GPS,38.03539,-78.48209,2026-06-09,191155,2026-06-09 02:18:19 UTC,,,,2021-06-18,,,,,CHADEMO J1772COMBO,US,,,,Public,,public,,,,,,,,,,,,,,,,,,,,false,,,,,,,,,false,
ELEC,Sheetz - Tesla Supercharger,2415 Lee Highway,,Bristol,VA,24202,,877-798-3752,E,,Public,24 hours daily. Please check Tesla's online station map to see if an adapter is required at this location.,,,,,,,8,,Tesla,https://www.tesla.com/supercharger,GPS,36.62855,-82.14891,2024-07-01,191516,2025-02-12 00:16:32 UTC,P,,,2021-06-19,,,,,TESLA,US,,,,Public,,public,,,CONVENIENCE_STORE,,,,,,,,,,,,,,,,,,,,,,,,,,false,
ELEC,SAI STATION 1,2000 Wilkes Ridge Dr,On the left as you enter parking lot,Ridge,VA,23233,,888-758-4389,E,,Public,24 hours daily,,,,,,1,,,ChargePoint Network,https://www.chargepoint.com,GPS,37.65925,-77.65619,2026-06-09,191660,2026-06-09 02:17:37 UTC,,,,2021-07-01,,,,,J1772,US,,,,Public,,public,,,,,,,,,,,,,,,,,,,,false,,,,,,,,,false,
ELEC,SAI STATION 2,2000 Wilkes Ridge Dr,On left as you enter parking lot,Ridge,VA,23233,,888-758-4389,E,,Public,24 hours daily,,,,,,1,,,ChargePoint Network,https://www.chargepoint.com,GPS,37.659233,-77.656158,2026-06-09,191661,2026-06-09 02:17:37 UTC,,,,2021-07-01,,,,,J1772,US,,,,Public,,public,,,,,,,,,,,,,,,,,,,,false,,,,,,,,,false,
ELEC,SAI STATION 3,2000 Wilkes Ridge Dr,Parking lot on left as you enter,Ridge,VA,23233,,888-758-4389,E,,Public,24 hours daily,,,,,,1,,,ChargePoint Network,https://www.chargepoint.com,GPS,37.659718,-77.65634,2026-06-09,191662,2026-06-09 02:17:37 UTC,,,,2021-07-01,,,,,J1772,US,,,,Public,,public,,,,,,,,,,,,,,,,,,,,false,,,,,,,,,false,
ELEC,"Woodstock, VA - Tesla Supercharger",111 West Resevoir Road,,Woodstock,VA,22664,,877-798-3752,E,,Public,24 hours daily. Please check Tesla's online station map to see if an adapter is required at this location.,A D Debit M V,,,,,,8,,Tesla,https://www.tesla.com/supercharger,GPS,38.86674,-78.51919,2024-07-01,191695,2025-02-12 00:16:32 UTC,P,,,2021-06-25,,,,,TESLA,US,,,,Public,,public,,,CONVENIENCE_STORE,,,,,,,,,,,,,,,,,,,,,,,,,LD,false,
ELEC,Livingston Apartments Flats,15560 Cosby Road,,Chesterfield,VA,23832,,888-998-2546,E,,Public,24 hours daily,,,,,,2,,,Blink Network,https://blinkcharging.com,GPS,37.402023,-77.710973,2026-06-09,191706,2026-06-09 00:55:23 UTC,,,,2021-07-01,,,,,J1772,US,,,,Public,,public,,,,,,,,,,Free,,,,,,,,,,false,,,,,,,,,false,
ELEC,TRU RADFORD STATION 1,2300 Tyler Rd,Parking lot,Christiansburg,VA,24073,,888-758-4389,E,,Public,24 hours daily,,,,,,2,,,ChargePoint Network,https://www.chargepoint.com,GPS,37.102172,-80.515898,2026-06-09,191775,2026-06-09 01:57:15 UTC,,,,2021-07-04,,,,,J1772,US,,,,Public,,public,,,,,,,,,,,,,,,,,,,,false,,,,,,,,,false,
ELEC,SYMBOL SYMBOL 2,1814 Highpoint Ave,This station is in a restricted garage and not available for use by the general public,Richmond,VA,23230,,888-758-4389,E,,Public,24 hours daily,,,,,,2,,,ChargePoint Network,https://www.chargepoint.com,GPS,37.571238,-77.468449,2026-06-09,192617,2026-06-09 01:35:57 UTC,,,,2021-07-08,,,,,J1772,US,,,,Public,,public,,,,,,,,,,,,,,,,,,,,false,,,,,,,,,false,
ELEC,Bayside Ford,16057 James Madison Pkwy,,King George,VA,22485,,888-998-2546,E,,Public,24 hours daily,,,,,,2,,,Blink Network,https://blinkcharging.com,GPS,38.193263,-77.180332,2026-06-09,192709,2026-06-09 00:30:53 UTC,,,,2021-07-09,,,,,J1772,US,,,,Public,,public,,,,,,,,,,Free,,,,,,,,,,false,,,,,,,,,false,
ELEC,11480 Commerce Park DR,11480 Commerce Park Drive,,Reston,VA,20191,,888-998-2546,E,,Public,24 hours daily,,,,,,1,,,Blink Network,https://blinkcharging.com,GPS,38.9470139,-77.3425824,2026-06-09,192799,2026-06-09 00:52:34 UTC,,,,2015-07-06,,,,,J1772,US,,,,Public,,public,,,,,,,,,,FREE,,,,,,,,,,false,,,,,,,,,false,
ELEC,3101 Wilson BLVD,3101 Wilson Boulevard,,Arlington,VA,22201,,888-998-2546,E,,Public,24 hours daily,,,,,,3,,,Blink Network,https://blinkcharging.com,GPS,38.8876531,-77.0954574,2026-06-09,192800,2026-06-09 00:52:34 UTC,,,,2012-02-02,,,,,J1772,US,,,,Public,,public,,,,,,,,,,FREE,,,,,,,,,,false,,,,,,,,,false,
ELEC,VOLVO MIDLO STATION 1,9703 Midlothian Turnpike,"Near front entrance, close to Volvo sign",Richmond,VA,23235,,888-758-4389,E,,Public,24 hours daily,,,,,,2,,,ChargePoint Network,https://www.chargepoint.com,GPS,37.502863,-77.577202,2026-06-09,193433,2026-06-09 02:15:08 UTC,,,,2021-08-03,,,,,J1772,US,,,,Public,,public,,,,,,,,,,,,,,,,,,,,false,,,,,,,,,false,
ELEC,PENROSE 2 STATION 1,14401 Penrose Pl,,Chantilly,VA,20151,,888-758-4389,E,,Public,24 hours daily,,,,,,2,,,ChargePoint Network,https://www.chargepoint.com,GPS,38.893964,-77.444654,2026-06-09,194020,2026-06-09 02:21:05 UTC,,,,2021-08-18,,,,,J1772,US,,,,Public,,public,,,,,,,,,,,,,,,,,,,,false,,,,,,,,,false,
ELEC,Wawa - Tesla Supercharger,6301 N Military Hwy,,Norfolk,VA,23518,,877-798-3752,E,,Public,24 hours daily. Please check Tesla's online station map to see if an adapter is required at this location.,A D Debit M V,,,,,,8,,Tesla,https://www.tesla.com/supercharger,GPS,36.89738,-76.22651,2024-07-01,194070,2025-02-12 00:16:32 UTC,P,,,2021-07-13,,,,,TESLA,US,,,,Public,,public,,,CONVENIENCE_STORE,,,,,,,,,,,,,,,,,,,,,,,,,LD,false,
ELEC,Sheetz - Tesla Supercharger,1007 Philpott Road,,South Boston,VA,24592,,877-798-3752,E,,Public,24 hours daily. Please check Tesla's online station map to see if an adapter is required at this location.,A D Debit M V,,,,,,4,,Tesla,https://www.tesla.com/supercharger,GPS,36.68661,-78.90085,2024-07-01,194078,2025-02-12 00:16:32 UTC,P,,,2021-07-29,,,,,TESLA,US,,,,Public,,public,,,CONVENIENCE_STORE,,,,,,,,,,,,,,,,,,,,,,,,,LD,false,
ELEC,Valo Park,7950 Jones Branch Drive,,McLean,VA,22107,,888-998-2546,E,,Public,24 hours daily,,,,,,4,,,Blink Network,https://blinkcharging.com,GPS,38.9323022,-77.2189651,2026-06-09,194870,2026-06-09 00:31:42 UTC,,,,2021-09-02,,,,,J1772,US,,,,Public,,public,,,,,,,,,,$0.00-$5.00/Hr Variable Parking Fee,,,,,,,,,,false,,,,,,,,,false,
ELEC,The View,4000 Wilson Blvd.,,Arlington,VA,22203,,888-998-2546,E,,Public,24 hours daily,,,,,,1,,,Blink Network,https://blinkcharging.com,GPS,38.8794876,-77.107941,2026-06-09,194876,2026-06-09 00:33:30 UTC,,,,2021-09-02,,,,,J1772,US,,,,Public,,public,,,,,,,,,,FREE,,,,,,,,,,false,,,,,,,,,false,
ELEC,Heritage Center,7619 Little River Turnpike,,Annandale,VA,22003,,888-998-2546,E,,Public,Mon: 8:00am-4:00pm; Tue: 8:00am-4:00pm; Wed: 8:00am-4:00pm; Thu: 8:00am-4:00pm; Fri: 8:00am-4:00pm; Sat: 12:00am-11:59pm; Sun: 12:00am-11:59pm,,,,,,5,,,Blink Network,https://blinkcharging.com,GPS,38.8315179,-77.2098419,2026-06-09,194877,2026-06-09 00:49:15 UTC,,,,2017-08-09,,,,,J1772,US,,,,Public,,public,,,,,,,,,,FREE,,,,,,,,,,false,,,,,,,,,false,
ELEC,Riverside Clubhouse,14120 Big Crest Lane,,Woodbridge,VA,22191,,888-998-2546,E,,Public,24 hours daily,,,,,,2,,,Blink Network,https://blinkcharging.com,GPS,38.6109724,-77.2572672,2026-06-09,194882,2026-06-09 00:52:53 UTC,,,,2020-05-14,,,,,J1772,US,,,,Public,,public,,,,,,,,,,$1.00/Hr Parking Fee,,,,,,,,,,false,,,,,,,,,false,
ELEC,MILL CREEK MILL CREEK 1,1345 Parham Cir,,Charlottesville,VA,22902,,888-758-4389,E,,Public,24 hours daily,,,,,,,1,,ChargePoint Network,https://www.chargepoint.com,GPS,38.000268,-78.497725,2026-06-09,194971,2026-06-09 02:21:54 UTC,,,,2021-09-02,,,,,CHADEMO J1772COMBO,US,,,,Public,,public,,,,,,,,,,,,,,,,,,,,false,,,,,,,,,false,
ELEC,MILL CREEK MILL CREEK 2,1345 Parham Cir,,Charlottesville,VA,22902,,888-758-4389,E,,Public,24 hours daily,,,,,,,1,,ChargePoint Network,https://www.chargepoint.com,GPS,38.000248,-78.497698,2026-06-09,194972,2026-06-09 02:21:54 UTC,,,,2021-09-02,,,,,CHADEMO J1772COMBO,US,,,,Public,,public,,,,,,,,,,,,,,,,,,,,false,,,,,,,,,false,
ELEC,Two Discovery Square,12012 Sunset Hills Road,,Reston,VA,20190,,888-998-2546,E,,Public,24 hours daily,,,,,,4,,,Blink Network,https://blinkcharging.com,GPS,38.9560719,-77.3578354,2026-06-09,195014,2026-06-09 00:14:17 UTC,,,,2019-03-29,,,,,J1772,US,,,,Public,,public,,,,,,,,,,"$0.00-$5.00/Hr Variable Parking Fee, $0.15/kWh Energy Fee",,,,,,,,,,false,,,,,,,,,false,
ELEC,Overlook One and Overlook Two,12011 Sunset Hills Road,,Reston,VA,20190,,888-998-2546,E,,Public,24 hours daily,,,,,,5,,,Blink Network,https://blinkcharging.com,GPS,38.9544612,-77.3574295,2026-06-09,195016,2026-06-09 00:54:17 UTC,,,,2020-03-19,,,,,J1772,US,,,,Public,,public,,,,,,,,,,"$0.00-$5.00/Hr Variable Parking Fee, $0.15/kWh Energy Fee",,,,,,,,,,false,,,,,,,,,false,
ELEC,One Discovery Square,12010 Sunset Hills Road,,Reston,VA,20190,,888-998-2546,E,,Public,24 hours daily,,,,,,2,,,Blink Network,https://blinkcharging.com,GPS,38.9560074,-77.3563771,2026-06-09,195342,2026-06-09 00:10:51 UTC,,,,2021-09-06,,,,,J1772,US,,,,Public,,public,,,,,,,,,,"$0.00-$5.00/Hr Variable Parking Fee, $0.15/kWh Energy Fee",,,,,,,,,,false,,,,,,,,,false,
ELEC,Reston Corner 1,12001 Sunrise Valley Dr,,Reston,VA,20191,,888-998-2546,E,,Public,24 hours daily,,,,,,2,,,Blink Network,https://blinkcharging.com,GPS,38.9457189,-77.360576,2026-06-09,195343,2026-06-09 00:24:44 UTC,,,,2019-02-25,,,,,J1772,US,,,,Public,,public,,,,,,,,,,"$0.00-$4.00/Hr Variable Parking Fee, $0.00-$0.15/kWh Variable Energy Fee",,,,,,,,,,false,,,,,,,,,false,
ELEC,Washington Lee Apts,2202 2nd Street North,,Arlington,VA,22201,,888-998-2546,E,,Public,24 hours daily,,,,,,5,,,Blink Network,https://blinkcharging.com,GPS,38.876188,-77.0922779,2026-06-09,195348,2026-06-09 00:56:09 UTC,,,,2020-11-25,,,,,J1772,US,,,,Public,,public,,,,,,,,,,"$0.00-$4.00/Hr Variable Parking Fee, $0.25/kWh Energy Fee",,,,,,,,,,false,,,,,,,,,false,
ELEC,Riverfront Plaza,901 East Byrd Street,,Richmond,VA,23219,,888-998-2546,E,,Public,24 hours daily,,,,,,2,,,Blink Network,https://blinkcharging.com,GPS,37.5353599,-77.4387881,2026-06-09,195401,2026-06-09 00:07:14 UTC,,,,2018-01-24,,,,,J1772,US,,,,Public,,public,,,,,,,,,,FREE,,,,,,,,,,false,,,,,,,,,false,
ELEC,Reston Town Center - Green Garage,11922 Freedom Drive,,Reston,VA,20190,,888-998-2546,E,,Public,24 hours daily,,,,,,7,,,Blink Network,https://blinkcharging.com,GPS,38.9599591,-77.3576877,2026-06-09,195458,2026-06-09 00:07:32 UTC,,,,2020-12-28,,,,,J1772,US,,,,Public,,public,,,,,,,,,,"$0.00-$5.00/Hr Variable Parking Fee, $0.15/kWh Energy Fee",,,,,,,,,,false,,,,,,,,,false,
ELEC,Arboretum III,"300 Arboretum Place, Suite 330",,Richmond,VA,23236,,888-998-2546,E,,Public,24 hours daily,,,,,,2,,,Blink Network,https://blinkcharging.com,GPS,37.4934172,-77.5657692,2026-06-09,195467,2026-06-09 00:29:48 UTC,,,,2014-06-23,,,,,J1772,US,,,,Public,,public,,,,,,,,,,$0.00-$3.00/Hr Variable Parking Fee,,,,,,,,,,false,,,,,,,,,false,
ELEC,Federal Reserve Bank of Richmond,701 E Byrd Street,,Richmond,VA,23219,,866-816-7584,E,,Public,24 hours daily,,,,,,4,,,EV Connect,https://www.evconnect.com,GPS,37.535518,-77.440677,2026-06-09,195785,2026-06-09 03:28:12 UTC,,,,2021-09-04,,,,,J1772,US,,,,Public,,public,,,,,,,,,,,,,,,,,,,,false,,,,,,,,,false,
ELEC,G1 EV CHARGER CHARGE 1,12751 Fair Lakes Cir,G1,Fairfax,VA,22033,,888-758-4389,E,,Public,24 hours daily,,,,,,2,,,ChargePoint Network,https://www.chargepoint.com,GPS,38.857477,-77.385293,2026-06-09,195829,2026-06-09 02:20:47 UTC,,,,2021-09-11,,,,,J1772,US,,,,Public,,public,,,,,,,,,,,,,,,,,,,,false,,,,,,,,,false,
ELEC,G1 EV CHARGER CHARGE 2,12751 Fair Lakes Cir,G1,Fairfax,VA,22033,,888-758-4389,E,,Public,24 hours daily,,,,,,2,,,ChargePoint Network,https://www.chargepoint.com,GPS,38.85741,-77.385314,2026-06-09,196133,2026-06-09 02:20:48 UTC,,,,2021-09-21,,,,,J1772,US,,,,Public,,public,,,,,,,,,,,,,,,,,,,,false,,,,,,,,,false,
ELEC,2300 Wilson Blvd - 93613,2300 Wilson Boulevard,,Arlington,VA,22201,,888-998-2546,E,,Public,24 hours daily,,,,,,3,,,Blink Network,https://blinkcharging.com,GPS,38.8904702,-77.0872272,2026-06-09,196387,2026-06-09 00:59:32 UTC,,,,2019-01-09,,,,,J1772,US,,,,Public,,public,,,,,,,,,,FREE,,,,,,,,,,false,,,,,,,,,false,
ELEC,ROBIOUS BLUE RIDGE BANK,11450 Robious Road,,North Chesterfield,VA,23235,,888-758-4389,E,,Public,24 hours daily,,,,,,2,,,ChargePoint Network,https://www.chargepoint.com,GPS,37.52156,-77.60849,2026-06-09,196434,2026-06-09 02:22:57 UTC,,,,2021-09-28,,,,,J1772,US,,,,Public,,public,,,,,,,,,,,,,,,,,,,,false,,,,,,,,,false,
ELEC,The Jamestown Apartment Flats,500 W 14th Street,,Richmond,VA,23224,,888-998-2546,E,,Public,24 hours daily,,,,,,3,,,Blink Network,https://blinkcharging.com,GPS,37.52423677,-77.4499194,2026-06-09,196448,2026-06-09 00:17:12 UTC,,,,2021-09-28,,,,,J1772,US,,,,Public,,public,,,,,,,,,,Free,,,,,,,,,,false,,,,,,,,,false,
ELEC,FWS INL-All,5275 Leesburg Pike,,Falls Church,VA,22041,,,E,,Public,24 hours daily; Drivers must bring their own J1772 cordset for Level 1 charging,,,,,2,1,,,Non-Networked,,GPS,38.845816,-77.120044,2021-10-12,197025,2026-02-02 23:16:24 UTC,FG,16,Department of the Interior,2021-09-21,,,,,J1772 NEMA1450,US,,,,Public,,public,,DOI,FED_GOV,,,,,,,,,,,,,,,,,false,,,,,,,,LD,true,
ELEC,VUE WESTCHESTER STATION 1,15752 WC Main St,,Midlothian,VA,23113,,888-758-4389,E,,Public,24 hours daily,,,,,,2,,,ChargePoint Network,https://www.chargepoint.com,GPS,37.515784,-77.69106,2026-06-09,197560,2026-06-09 02:22:56 UTC,,,,2021-10-09,,,,,J1772,US,,,,Public,,public,,,,,,,,,,,,,,,,,,,,false,,,,,,,,,false,
ELEC,SERVICE BACK SERVICE FRONT,1010 W Mercury Blvd,Customer parking next to service bay,Hampton,VA,23666,,888-758-4389,E,,Public,24 hours daily,,,,,,2,,,ChargePoint Network,https://www.chargepoint.com,GPS,37.044352,-76.37963,2026-06-09,197770,2026-06-09 02:22:31 UTC,,,,2021-10-15,,,,,J1772,US,,,,Public,,public,,,,,,,,,,,,,,,,,,,,false,,,,,,,,,false,
ELEC,Parc Reston Condominium,1713 Ascot Way,,Reston,VA,20190,,866-816-7584,E,,Public,24 hours daily,,,,,,2,,,EV Connect,https://www.evconnect.com,GPS,38.963398,-77.352744,2026-06-09,198019,2026-06-09 03:28:26 UTC,,,,2021-10-19,,,,,J1772,US,,,,Public,,public,,,,,,,,,,,,,,,,,,,,false,,,,,,,,,false,
ELEC,Yorktowne Center,8130 Arlington Blvd,,Falls Church,VA,22042,,877-455-3833,E,,Public,24 hours daily,,,,,,,4,,eVgo Network,https://www.evgo.com,GPS,38.8659549,-77.2252757,2026-06-09,198185,2026-06-09 00:02:08 UTC,,,,2021-07-04,,,,,CHADEMO J1772COMBO,US,,,,Public,,public,,,,,,,,,,,,,,,,,,,,false,,,,,,,,,false,
ELEC,Ashburn Village Shopping Center,44110 Ashburn Shopping Plz,,Ashburn,VA,20147,,877-455-3833,E,,Public,24 hours daily,,,,,,1,2,,eVgo Network,https://www.evgo.com,GPS,39.044952,-77.475057,2026-06-08,198663,2026-06-08 23:58:38 UTC,,,,2018-03-07,,,,,CHADEMO J1772 J1772COMBO,US,,,,Public,,public,,,,,,,,,,,,,,,,,,,,false,,,,,,,,,false,
ELEC,FRED VOLVO STATION 1,1001 noble way,"Near front entrance, close to Volvo sign",Fredericksburg,VA,22401,,888-758-4389,E,,Public,24 hours daily,,,,,,2,,,ChargePoint Network,https://www.chargepoint.com,GPS,38.31217,-77.506069,2026-06-09,199176,2026-06-09 02:24:43 UTC,,,,2021-10-27,,,,,J1772,US,,,,Public,,public,,,,,,,,,,,,,,,,,,,,false,,,,,,,,,false,
ELEC,"Walmart 3639 (Dulles, VA)",24635 Dulles Landing Dr,,Dulles,VA,20166,,833-632-2778,E,,Public,24 hours daily,,,,,,,4,,Electrify America,https://www.electrifyamerica.com,GPS,38.93505,-77.52265,2026-06-09,199182,2026-06-09 03:20:23 UTC,,,,2021-10-27,,,,,J1772COMBO,US,,,,Public,,public,,,,,,,,,,,,,,,,,,,,false,,,,,,,,,false,
ELEC,Tru by Hilton,6524 Dominion Raceway Ave,,Woodford,VA,22580,,804-606-9222,E,,Public,24 hours daily; for guest use only,,,,,,2,,,Non-Networked,,GPS,38.1364453,-77.5076236,2025-11-13,199226,2026-02-02 23:16:24 UTC,P,,,2021-10-27,,,,,J1772,US,,,,Public,,public,,,HOTEL,,,,,,,Free,,,,,,,,,,true,,,,,,,,LD,false,
ELEC,Creekside Commons Pocket Park,1 S Broad St,,Luray,VA,22835,,540-843-0770,E,,Public,24 hours daily,,,,,,1,,,Non-Networked,,200-8,38.665525,-78.459898,2025-12-12,199231,2026-02-02 23:16:24 UTC,P,,,2021-10-27,,,,,J1772,US,,,,Public,,public,,,PARK,,,,,,,Free,,,,,,,,,,false,,,,,,,,LD,false,
ELEC,Best Western,599 N Main St,,Kilmarnock,VA,22482,,804-436-1500,E,,Public,24 hours daily; for guest use only; drivers must bring their own J1772 cordset for Level 1 charging,,,,,2,1,,,Non-Networked,,200-8,37.726251,-76.389633,2025-10-13,199237,2026-02-02 23:16:24 UTC,P,,,2021-10-27,,,,,J1772 NEMA1450,US,,,,Public,,public,,,HOTEL,,,,,,,Free,,,,,,,,,,true,,,,,,,,LD,false,
ELEC,Bay Diesel & Generator Chesapeake,3736 Cook Blvd,,Chesapeake,VA,23323,,757-485-0075,E,,Public,24 hours daily,,,,,,1,,,Non-Networked,,200-9,36.784827,-76.369096,2025-12-12,199238,2026-02-02 23:16:24 UTC,P,,,2021-10-27,,,,,J1772,US,,,,Public,,public,,,HARDWARE_STORE,,,,,,,Free,,,,,,,,,,false,,,,,,,,LD,false,
ELEC,Delta Hotels by Marriott,2800 Shore Dr,,Virginia Beach,VA,23451,,757-481-9000,E,,Public,24 hours daily; for guest use only,,,,,,2,,,Non-Networked,,200-9,36.91287,-76.068129,2025-11-13,199239,2026-02-02 23:16:24 UTC,P,,,2021-10-27,,,,,J1772,US,,,,Public,,public,,,HOTEL,,,,,,,Free; parking fee,,,,,,,,,,true,,,,,,,,LD,false,
ELEC,Avid Hotels Staunton,42 Sangers Ln,,Staunton,VA,24401,,540-712-3939,E,,Public,24 hours daily; for guest use only; see front desk for access,,,,,,2,,,Non-Networked,,200-9,38.127481,-79.031861,2025-10-13,199247,2026-02-02 23:16:24 UTC,P,,,2021-10-27,,,,,J1772,US,,,,Public,,public,,,HOTEL,,,,,,,Free,,,,,,,,,,true,,,,,,,,LD,false,
ELEC,Acclaim at Belmont Bay,13875 Clear Lake Cir,,Woodbridge,VA,22191,,571-378-5721,E,,Public,24 hours daily; for resident and guest use only,,,,,,2,,,Non-Networked,,200-9,38.652064,-77.237398,2025-12-12,199248,2026-02-02 23:16:24 UTC,P,,,2021-10-27,,,,,J1772,US,,,,Public,,public,,,MULTI_UNIT_DWELLING,,,,,,,Free,,,,,,,,,,true,,,,,,,,LD,false,
ELEC,Checkered Flag Chrysler Jeep Dodge Ram,12629 Jefferson Ave,,Newport News,VA,23602,,,E,,Public,For customer use only,,,,,,2,,,Non-Networked,,200-8,37.133279,-76.516263,2025-12-12,199249,2026-02-02 23:16:24 UTC,P,,,2021-10-27,,,,,J1772,US,,,,Public,,public,,,CAR_DEALER,,,,,,,Free,,,,,,,,,,true,,,,,,,,LD,false,
ELEC,General RV Center,12500 Harley Club Dr,,Ashland,VA,23005,,804-570-2264,E,,Public,24 hours daily; for customer use only,,,,,,1,,,Non-Networked,,200-8,37.73034960868061,-77.45375979629517,2025-12-12,199251,2026-02-02 23:16:24 UTC,P,,,2021-10-27,,,,,J1772,US,,,,Public,,public,,,CAR_DEALER,,,,,,,Free,,,,,,,,,,true,,,,,,,,LD,false,
ELEC,The Farmhouse at Veritas,72 Saddleback Farm,,Afton,VA,22920,,540-456-8100,E,,Public,9am-9pm daily; for guest use only; drivers must bring their own J1772 cordset for Level 1 charging,,,,,2,,,,Non-Networked,,200-9,38.014996,-78.840875,2025-12-12,199256,2026-02-02 23:16:24 UTC,P,,,2021-10-27,,,,,NEMA1450,US,,,,Public,,public,,,B_AND_B,,,,,,,Free,,,,,,,,,,true,,,,,,,,LD,false,
ELEC,Camden Potomac Yard Parking,3535 S Ball St,,Arlington,VA,22202,,571-701-1224,E,,Public,9am-5pm daily,,,,,,2,,,Non-Networked,,200-9,38.843534,-77.050772,2025-12-12,199258,2026-02-02 23:16:24 UTC,P,,,2021-10-27,,,,,J1772,US,,,,Public,,public,,,PARKING_GARAGE,,,,,,,Free,,,,,,,,,,false,,,,,,,,LD,false,
ELEC,Enterprise Court,15100 Enterprise Ct,,Chantilly,VA,20151,,703-378-5853,E,,Public,24 hours daily,,,,,,4,,,Non-Networked,,200-9,38.907017,-77.468696,2026-01-13,199259,2026-02-02 23:16:24 UTC,P,,,2021-10-27,,,,,J1772 TESLA,US,,,,Public,,public,,,PLACE_OF_WORSHIP,,,,,,,Free,,,,,,,,,,false,,,,,,,,LD,false,
ELEC,LIBBIE MILL E1,5000 Libbie Mill E Blvd.,Located in the extension parking lot northside of Wellsmith Apt Bldg.,Richmond,VA,23230,,888-758-4389,E,,Public,24 hours daily,,,,,,2,,,ChargePoint Network,https://www.chargepoint.com,GPS,37.592368,-77.494917,2026-06-09,200459,2026-06-09 02:24:35 UTC,,,,2021-11-03,,,,,J1772,US,,,,Public,,public,,,,,,,,,,,,,,,,,,,,false,,,,,,,,,false,
ELEC,LIBBIE MILL D1,5000 Libbie Mill E Blvd.,Located in the northeast corner of the parking lot northside of Wellsmith Apt Bldg.,Richmond,VA,23230,,888-758-4389,E,,Public,24 hours daily,,,,,,2,,,ChargePoint Network,https://www.chargepoint.com,GPS,37.592174,-77.494635,2026-06-09,200460,2026-06-09 02:24:35 UTC,,,,2021-11-03,,,,,J1772,US,,,,Public,,public,,,,,,,,,,,,,,,,,,,,false,,,,,,,,,false,
ELEC,LIBBIE MILL D2,5000 Libbie Mill E Blvd.,Located in the northeast corner of the parking lot northside of Wellsmith Apt Bldg.,Richmond,VA,23230,,888-758-4389,E,,Public,24 hours daily,,,,,,2,,,ChargePoint Network,https://www.chargepoint.com,GPS,37.592174,-77.494704,2026-06-09,200461,2026-06-09 02:24:36 UTC,,,,2021-11-03,,,,,J1772,US,,,,Public,,public,,,,,,,,,,,,,,,,,,,,false,,,,,,,,,false,
ELEC,LIBBIE MILL E2,5000 Libbie Mill E Blvd.,Located in the extension parking lot northside of Wellsmith Apt Bldg.,Richmond,VA,23230,,888-758-4389,E,,Public,24 hours daily,,,,,,2,,,ChargePoint Network,https://www.chargepoint.com,GPS,37.592358,-77.494996,2026-06-09,200462,2026-06-09 02:24:36 UTC,,,,2021-11-03,,,,,J1772,US,,,,Public,,public,,,,,,,,,,,,,,,,,,,,false,,,,,,,,,false,
ELEC,ROBIOUS TUCKAHOE BRB,900 N Parham Rd,,Richmond,VA,23229,,888-758-4389,E,,Public,24 hours daily,,,,,,2,,,ChargePoint Network,https://www.chargepoint.com,GPS,37.592899,-77.56737,2026-06-09,200745,2026-06-09 02:25:04 UTC,,,,2021-11-09,,,,,J1772,US,,,,Public,,public,,,,,,,,,,,,,,,,,,,,false,,,,,,,,,false,
ELEC,Sheetz - Tesla Supercharger,1683 Berryville Pike,,Winchester,VA,22602,,877-798-3752,E,,Public,24 hours daily. Please check Tesla's online station map to see if an adapter is required at this location.,A D Debit M V,,,,,,8,,Tesla,https://www.tesla.com/supercharger,GPS,39.1882,-78.12576,2024-07-01,200861,2025-02-12 00:16:32 UTC,P,,,2021-10-21,,,,,TESLA,US,,,,Public,,public,,,GAS_STATION,,,,,,,,,,,,,,,,,false,,,,,,,,LD,false,
ELEC,VCU WBSD STATION 1,1111 W Broad St,"From Harrison Street, station is on right at top of entrance ramp.  From Shafer Street, station is on left at top of entrance ramp.",Richmond,VA,23220,,888-758-4389,E,,Public,24 hours daily,,,,,,2,,,ChargePoint Network,https://www.chargepoint.com,GPS,37.551307,-77.452121,2026-06-09,201076,2026-06-09 02:25:25 UTC,,,,2021-11-13,,,,,J1772,US,,,,Public,,public,,,,,,,,,,,,,,,,,,,,false,,,,,,,,,false,
ELEC,VCU WBSD STATION 2,1111 US-250,"From Harrison Street, station is on the right at the top of entrance ramp.  From Shafer Street, station is on left at top of entrance ramp.",Richmond,VA,23220,,888-758-4389,E,,Public,24 hours daily,,,,,,2,,,ChargePoint Network,https://www.chargepoint.com,GPS,37.551435,-77.452281,2026-06-09,201077,2026-06-09 02:25:30 UTC,,,,2021-11-13,,,,,J1772,US,,,,Public,,public,,,,,,,,,,,,,,,,,,,,false,,,,,,,,,false,
ELEC,VCU N DECK 3,601 N 10th St,3rd floor near Leigh Street elevator,Richmond,VA,23298,,888-758-4389,E,,Public,24 hours daily,,,,,,2,,,ChargePoint Network,https://www.chargepoint.com,GPS,37.543431,-77.429663,2026-06-09,201086,2026-06-09 02:25:50 UTC,,,,2021-11-13,,,,,J1772,US,,,,Public,,public,,,,,,,,,,,,,,,,,,,,false,,,,,,,,,false,
ELEC,VCU N DECK 2,601 N 10th St,3rd floor near Leigh Street elevator,Richmond,VA,23298,,888-758-4389,E,,Public,24 hours daily,,,,,,2,,,ChargePoint Network,https://www.chargepoint.com,GPS,37.543419,-77.429675,2026-06-09,201087,2026-06-09 02:25:50 UTC,,,,2021-11-13,,,,,J1772,US,,,,Public,,public,,,,,,,,,,,,,,,,,,,,false,,,,,,,,,false,
ELEC,VCU D DECK 1,601 N 10th St,"4th floor, must have D Deck VCU parking permit",Richmond,VA,23298,,888-758-4389,E,,Public,24 hours daily,,,,,,2,,,ChargePoint Network,https://www.chargepoint.com,GPS,37.5407,-77.4283,2026-06-09,201088,2026-06-09 02:25:50 UTC,,,,2021-11-13,,,,,J1772,US,,,,Public,,public,,,,,,,,,,,,,,,,,,,,false,,,,,,,,,false,
ELEC,VCU D DECK 2,515 N 13th St,"4th floor, must have D Deck VCU parking permit",Richmond,VA,23298,,888-758-4389,E,,Public,24 hours daily,,,,,,2,,,ChargePoint Network,https://www.chargepoint.com,GPS,37.54073,-77.428283,2026-06-09,201089,2026-06-09 02:25:50 UTC,,,,2021-11-13,,,,,J1772,US,,,,Public,,public,,,,,,,,,,,,,,,,,,,,false,,,,,,,,,false,
ELEC,VCU N DECK 1,601 N 10th St,3rd floor parking deck by elevator,Richmond,VA,23298,,888-758-4389,E,,Public,24 hours daily,,,,,,2,,,ChargePoint Network,https://www.chargepoint.com,GPS,37.543402,-77.429697,2026-06-09,201090,2026-06-09 02:25:51 UTC,,,,2021-11-13,,,,,J1772,US,,,,Public,,public,,,,,,,,,,,,,,,,,,,,false,,,,,,,,,false,
ELEC,MB OF MIDLO CUSTOMERPARKING,12200 Midlothian Turnpike,Near parts department on side of building,Midlothian,VA,23113,,888-758-4389,E,,Public,24 hours daily,,,,,,2,,,ChargePoint Network,https://www.chargepoint.com,GPS,37.504746,-77.624108,2026-06-09,201221,2026-06-09 02:25:11 UTC,,,,2021-11-17,,,,,J1772,US,,,,Public,,public,,,,,,,,,,,,,,,,,,,,false,,,,,,,,,false,
ELEC,EV CHARGIING SQUIRES LOT 1,217A College Ave,,Blacksburg,VA,24060,,888-758-4389,E,,Public,24 hours daily,,,,,,2,,,ChargePoint Network,https://www.chargepoint.com,GPS,37.229616,-80.416577,2026-06-09,201381,2026-06-09 02:25:35 UTC,,,,2021-11-19,,,,,J1772,US,,,,Public,,public,,,,,,,,,,,,,,,,,,,,false,,,,,,,,,false,
ELEC,EV CHARGIING SQUIRES LOT 2,217A College Ave,,Blacksburg,VA,24060,,888-758-4389,E,,Public,24 hours daily,,,,,,2,,,ChargePoint Network,https://www.chargepoint.com,GPS,37.229574,-80.416541,2026-06-09,201382,2026-06-09 02:25:35 UTC,,,,2021-11-19,,,,,J1772,US,,,,Public,,public,,,,,,,,,,,,,,,,,,,,false,,,,,,,,,false,
ELEC,EV CHARGIING SQUIRES LOT 3,217A College Ave,,Blacksburg,VA,24060,,888-758-4389,E,,Public,24 hours daily,,,,,,2,,,ChargePoint Network,https://www.chargepoint.com,GPS,37.229536,-80.416506,2026-06-09,201383,2026-06-09 02:25:35 UTC,,,,2021-11-19,,,,,J1772,US,,,,Public,,public,,,,,,,,,,,,,,,,,,,,false,,,,,,,,,false,
ELEC,Sheetz - Tesla Supercharger,10101 James Madison Highway,,Bealeton,VA,22712,,877-798-3752,E,,Public,24 hours daily. Please check Tesla's online station map to see if an adapter is required at this location.,A D Debit M V,,,,,,8,,Tesla,https://www.tesla.com/supercharger,GPS,38.61989,-77.80024,2024-07-01,201673,2025-02-12 00:16:32 UTC,P,,,2021-11-18,,,,,TESLA,US,,,,Public,,public,,,GAS_STATION,,,,,,,,,,,,,,,,,false,,,,,,,,LD,false,
ELEC,Wawa - Tesla Supercharger,101  Hillcrest Parkway,,Chesapeake,VA,23322,,877-798-3752,E,,Public,24 hours daily. Please check Tesla's online station map to see if an adapter is required at this location.,A D Debit M V,,,,,,8,,Tesla,https://www.tesla.com/supercharger,GPS,36.65782,-76.22447,2024-07-01,201928,2025-02-12 00:16:32 UTC,P,,,2021-11-26,,,,,TESLA,US,,,,Public,,public,,,GAS_STATION,,,,,,,,,,,,,,,,,false,,,,,,,,LD,false,
ELEC,THE CURRENT STATION 1,424 Hull St,"Station is located inside a paid parking garage, first 30 min are free to park.",Richmond,VA,23224,,888-758-4389,E,,Public,24 hours daily,,,,,,2,,,ChargePoint Network,https://www.chargepoint.com,GPS,37.523963,-77.437503,2026-06-09,202080,2026-06-09 02:23:01 UTC,,,,2021-12-07,,,,,J1772,US,,,,Public,,public,,,,,,,,,,,,,,,,,,,,false,,,,,,,,,false,
ELEC,THE CURRENT STATION 6,424 Hull St,,Richmond,VA,23224,,888-758-4389,E,,Public,24 hours daily,,,,,,2,,,ChargePoint Network,https://www.chargepoint.com,GPS,37.523821,-77.438108,2026-06-09,202128,2026-06-09 02:23:02 UTC,,,,2021-12-08,,,,,J1772,US,,,,Public,,public,,,,,,,,,,,,,,,,,,,,false,,,,,,,,,false,
ELEC,THE CURRENT STATION 4,424 Hull St,"Station is located inside a paid parking garage, first 30 min are free to park.",Richmond,VA,23224,,888-758-4389,E,,Public,24 hours daily,,,,,,2,,,ChargePoint Network,https://www.chargepoint.com,GPS,37.523891,-77.438097,2026-06-09,202129,2026-06-09 02:23:02 UTC,,,,2021-12-08,,,,,J1772,US,,,,Public,,public,,,,,,,,,,,,,,,,,,,,false,,,,,,,,,false,
ELEC,THE CURRENT STATION 3,424 Hull St,"Station is located inside a paid parking garage, first 30 min are free to park.",Richmond,VA,23224,,888-758-4389,E,,Public,24 hours daily,,,,,,2,,,ChargePoint Network,https://www.chargepoint.com,GPS,37.523858,-77.438074,2026-06-09,202130,2026-06-09 02:23:02 UTC,,,,2021-12-08,,,,,J1772,US,,,,Public,,public,,,,,,,,,,,,,,,,,,,,false,,,,,,,,,false,
ELEC,THE CURRENT STATION 5,424 Hull St,"Station is located inside a paid parking garage, first 30 min are free to park.",Richmond,VA,23224,,888-758-4389,E,,Public,24 hours daily,,,,,,2,,,ChargePoint Network,https://www.chargepoint.com,GPS,37.524024,-77.438234,2026-06-09,202131,2026-06-09 02:23:03 UTC,,,,2021-12-08,,,,,J1772,US,,,,Public,,public,,,,,,,,,,,,,,,,,,,,false,,,,,,,,,false,
ELEC,THE CURRENT STATION 7,424 Hull St,"Station is located inside a paid parking garage, first 30 min are free to park.",Richmond,VA,23224,,888-758-4389,E,,Public,24 hours daily,,,,,,2,,,ChargePoint Network,https://www.chargepoint.com,GPS,37.523735,-77.438157,2026-06-09,202132,2026-06-09 02:23:04 UTC,,,,2021-12-08,,,,,J1772,US,,,,Public,,public,,,,,,,,,,,,,,,,,,,,false,,,,,,,,,false,
ELEC,GEORGE MASON U RAPPAHANNOCK 2,4393 University Dr,1st level-visitor area-back wall north side stairwell,Fairfax,VA,22030,,888-758-4389,E,,Public,24 hours daily,,,,,,2,,,ChargePoint Network,https://www.chargepoint.com,GPS,38.835091,-77.306435,2026-06-09,202174,2026-06-09 01:33:18 UTC,,,,2021-12-09,,,,,J1772,US,,,,Public,,public,,,,,,,,,,,,,,,,,,,,false,,,,,,,,,false,
ELEC,THE CURRENT STATION 10,424 Hull St,"Station is located inside a paid parking garage, first 30 min are free to park.",Manchester,VA,23224,,888-758-4389,E,,Public,24 hours daily,,,,,,2,,,ChargePoint Network,https://www.chargepoint.com,GPS,37.524351,-77.437113,2026-06-09,202236,2026-06-09 02:23:03 UTC,,,,2021-12-09,,,,,J1772,US,,,,Public,,public,,,,,,,,,,,,,,,,,,,,false,,,,,,,,,false,
ELEC,THE CURRENT STATION 8,424 Hull St,"Located inside a paid parking garage, first 30 min free to park.",Richmond,VA,23224,,888-758-4389,E,,Public,24 hours daily,,,,,,2,,,ChargePoint Network,https://www.chargepoint.com,GPS,37.523871,-77.438118,2026-06-09,202237,2026-06-09 02:23:04 UTC,,,,2021-12-09,,,,,J1772,US,,,,Public,,public,,,,,,,,,,,,,,,,,,,,false,,,,,,,,,false,
ELEC,THE CURRENT STATION 11,424 Hull St,"Station is located inside a paid parking garage, first 30 min are free to park.",Richmond,VA,23224,,888-758-4389,E,,Public,24 hours daily,,,,,,2,,,ChargePoint Network,https://www.chargepoint.com,GPS,37.524133,-77.437486,2026-06-09,202238,2026-06-09 02:23:06 UTC,,,,2021-12-09,,,,,J1772,US,,,,Public,,public,,,,,,,,,,,,,,,,,,,,false,,,,,,,,,false,
ELEC,THE CURRENT STATION 9,424 Hull St,"Station is located inside a paid parking garage, first 30 min are free to park.",Richmond,VA,23224,,888-758-4389,E,,Public,24 hours daily,,,,,,2,,,ChargePoint Network,https://www.chargepoint.com,GPS,37.524707,-77.437226,2026-06-09,202239,2026-06-09 02:23:06 UTC,,,,2021-12-09,,,,,J1772,US,,,,Public,,public,,,,,,,,,,,,,,,,,,,,false,,,,,,,,,false,
ELEC,Sheetz - Tesla Supercharger,4089 S Amherst Hwy,,Madison Heights,VA,24572,,877-798-3752,E,,Public,24 hours daily. Please check Tesla's online station map to see if an adapter is required at this location.,A D Debit M V,,,,,,8,,Tesla,https://www.tesla.com/supercharger,GPS,37.46604,-79.11773,2024-07-01,202617,2025-02-12 00:16:32 UTC,P,,,2021-12-09,,,,,TESLA,US,,,,Public,,public,,,GAS_STATION,,,,,,,,,,,,,,,,,false,,,,,,,,LD,false,
ELEC,Wawa - Tesla Supercharger,10691 Davidson Place,,Manassas,VA,20109,,877-798-3752,E,,Public,24 hours daily. Please check Tesla's online station map to see if an adapter is required at this location.,A D Debit M V,,,,,,8,,Tesla,https://www.tesla.com/supercharger,GPS,38.79302,-77.51554,2024-07-01,202626,2025-02-12 00:16:32 UTC,P,,,2021-12-13,,,,,TESLA,US,,,,Public,,public,,,GAS_STATION,,,,,,,,,,,,,,,,,false,,,,,,,,LD,false,
ELEC,URICHMOND WEINSTEIN HALL,8 Richmond Way,,Richmond,VA,23173,,888-758-4389,E,,Public,24 hours daily,,,,,,2,,,ChargePoint Network,https://www.chargepoint.com,GPS,37.5779,-77.538184,2026-06-09,202867,2026-06-09 02:27:59 UTC,,,,2021-12-21,,,,,J1772,US,,,,Public,,public,,,,,,,,,,,,,,,,,,,,false,,,,,,,,,false,
ELEC,APERTURE RESTON STATION,11401 Sunset Hills Rd,,Reston,VA,20190,,888-758-4389,E,,Public,24 hours daily,,,,,,2,,,ChargePoint Network,https://www.chargepoint.com,GPS,38.950155,-77.340355,2026-06-09,202893,2026-06-09 01:22:44 UTC,,,,2021-12-22,,,,,J1772,US,,,,Public,,public,,,,,,,,,,,,,,,,,,,,false,,,,,,,,,false,
ELEC,URICHMOND WBC 1,363 College Road,Not Visible,Richmond,VA,23173,,888-758-4389,E,,Public,24 hours daily,,,,,,2,,,ChargePoint Network,https://www.chargepoint.com,GPS,37.579236,-77.539878,2026-06-09,202896,2026-06-09 02:09:23 UTC,,,,2021-12-22,,,,,J1772,US,,,,Public,,public,,,,,,,,,,,,,,,,,,,,false,,,,,,,,,false,
ELEC,URICHMOND MARYLAND HALL,110 UR Drive,Near side entrance door,Richmond,VA,23173,,888-758-4389,E,,Public,24 hours daily,,,,,,2,,,ChargePoint Network,https://www.chargepoint.com,GPS,37.576628,-77.537161,2026-06-09,202897,2026-06-09 02:19:53 UTC,,,,2021-12-22,,,,,J1772,US,,,,Public,,public,,,,,,,,,,,,,,,,,,,,false,,,,,,,,,false,
ELEC,URICHMOND HUMANITIES 2,106 Ryland Circle,,Richmond,VA,23173,,888-758-4389,E,,Public,24 hours daily,,,,,,2,,,ChargePoint Network,https://www.chargepoint.com,GPS,37.57724,-77.53668,2026-06-09,202901,2026-06-09 02:24:05 UTC,,,,2021-12-22,,,,,J1772,US,,,,Public,,public,,,,,,,,,,,,,,,,,,,,false,,,,,,,,,false,
ELEC,URICHMOND HUMANITIES 1,4 Ryland Circle,,Richmond,VA,23173,,888-758-4389,E,,Public,24 hours daily,,,,,,2,,,ChargePoint Network,https://www.chargepoint.com,GPS,37.577172,-77.536656,2026-06-09,202902,2026-06-09 02:24:05 UTC,,,,2021-12-22,,,,,J1772,US,,,,Public,,public,,,,,,,,,,,,,,,,,,,,false,,,,,,,,,false,
ELEC,MBA200 OUTSIDE SALES 3,200 South Pickett Street,,Alexandria,VA,22304,,888-758-4389,E,,Public,24 hours daily,,,,,,,1,,ChargePoint Network,https://www.chargepoint.com,GPS,38.808699,-77.122703,2026-06-09,203128,2026-06-09 02:23:49 UTC,,,,2021-12-29,,,,,J1772COMBO,US,,,,Public,,public,,,,,,,,,,,,,,,,,,,,false,,,,,,,,,false,
ELEC,GEORGE MASON U MASON GLOBAL 1,4352 Mason Pond Dr,,Fairfax,VA,22030,,888-758-4389,E,,Public,24 hours daily,,,,,,2,,,ChargePoint Network,https://www.chargepoint.com,GPS,38.829149,-77.314418,2026-06-09,203336,2026-06-09 01:44:55 UTC,,,,2021-12-31,,,,,J1772,US,,,,Public,,public,,,,,,,,,,,,,,,,,,,,false,,,,,,,,,false,
ELEC,CASEY KIA STATION 1,11999 Jefferson Ave,,Newport News,VA,23606,,888-758-4389,E,,Public,24 hours daily,,,,,,1,,,ChargePoint Network,https://www.chargepoint.com,GPS,37.096478,-76.48968,2026-06-09,204455,2026-06-09 02:28:33 UTC,,,,2022-01-07,,,,,J1772,US,,,,Public,,public,,,,,,,,,,,,,,,,,,,,false,,,,,,,,,false,
ELEC,Premier Corporate Center,3701 Pender Drive,,Fairfax,VA,22030,,888-998-2546,E,,Public,24 hours daily,,,,,,2,,,Blink Network,https://blinkcharging.com,GPS,38.8621752,-77.3310515,2026-06-09,205181,2026-06-09 01:02:48 UTC,,,,2021-09-07,,,,,J1772,US,,,,Public,,public,,,,,,,,,,"$1.50/Hr Parking Fee , $1.50/kWh Energy Fee",,,,,,,,,,false,,,,,,,,,false,
ELEC,Courthouse Tower,1515 North Courthouse Road,,Arlington,VA,22201,,888-998-2546,E,,Public,24 hours daily,,,,,,5,,,Blink Network,https://blinkcharging.com,GPS,38.8912482,-77.0831477,2026-06-09,205434,2026-06-09 01:02:51 UTC,,,,2018-03-23,,,,,J1772,US,,,,Public,,public,,,,,,,,,,FREE,,,,,,,,,,false,,,,,,,,,false,
ELEC,Patton Ave Parking,1806 Summit Ave,,Richmond,VA,23230,,804-993-2714,E,,Public - Credit card at all times,24 hours daily,A D Debit M V,,,,,4,,,Non-Networked,,GPS,37.5704625210528,-77.4677633513601,2024-12-10,205511,2025-02-12 00:16:32 UTC,P,,,2022-01-24,,,,,J1772,US,,,,Public - Carte de crédit en tout temps,,public,CREDIT_CARD_ALWAYS,,PARKING_LOT,,,,,,,,,,,,,,,,,false,,,,,,,,LD,false,
ELEC,Bon Secours St. Mary’s Hospital - Parking Deck,5801 Bremo Rd,,Richmond,VA,23226,,804-285-2011,E,,Public - Credit card at all times,24 hours daily,A D Debit M V,,,,,4,,,Non-Networked,,GPS,37.5845524899627,-77.5135994053834,2024-12-10,205512,2025-02-12 00:16:32 UTC,P,,,2022-01-24,,,,,J1772,US,,,,Public - Carte de crédit en tout temps,,public,CREDIT_CARD_ALWAYS,,PARKING_GARAGE,,,,,,,Free,,,,,,,,,,false,,,,,,,,LD,false,
ELEC,Dairy Queen,14031 Midlothian Turnpike,,Midlothian,VA,23113,,804-357-0120,E,,Public - Credit card at all times,24 hours daily,A D Debit M V,,,,,1,,,Non-Networked,,GPS,37.5052078140161,-77.6607132497976,2024-12-10,205513,2025-02-12 00:16:32 UTC,P,,,2022-01-24,,,,,J1772,US,,,,Public - Carte de crédit en tout temps,,public,CREDIT_CARD_ALWAYS,,RESTAURANT,,,,,,,,,,,,,,,,,false,,,,,,,,LD,false,
ELEC,Franklin Chevrolet Buick GMC,1201 Armory Dr,,Franklin,VA,23851,,757-304-8962,E,,Public - Credit card at all times,24 hours daily,A D Debit M V,,,,,1,,,Non-Networked,,GPS,36.6704937850699,-76.9433198061901,2024-12-10,205515,2025-02-12 00:16:32 UTC,P,,,2022-01-24,,,,,J1772,US,,,,Public - Carte de crédit en tout temps,,public,CREDIT_CARD_ALWAYS,,CAR_DEALER,,,,,,,Free,,,,,,,,,,false,,,,,,,,LD,false,
ELEC,First Team Subaru,4834 Bridge Rd,,Suffolk,VA,23435,,757-372-9156,E,,Public - Credit card at all times,24 hours daily,A D Debit M V,,,,,2,,,Non-Networked,,GPS,36.8659633908256,-76.4230658140912,2024-12-10,205516,2025-02-12 00:16:32 UTC,P,,,2022-01-24,,,,,J1772,US,,,,Public - Carte de crédit en tout temps,,public,CREDIT_CARD_ALWAYS,,CAR_DEALER,,,,,,,Free,,,,,,,,,,false,,,,,,,,LD,false,
ELEC,Hampton Roads Executive Airport,5164 W Military Hwy,,Chesapeake,VA,23321,,757-465-0260,E,,Public - Credit card at all times,24 hours daily; for tenants only,A D Debit M V,,,,,2,,,Non-Networked,,GPS,36.7778985561238,-76.4473544745407,2024-12-10,205518,2025-02-12 00:16:32 UTC,P,,,2022-01-24,,,,,TESLA,US,,,,Public - Carte de crédit en tout temps,,public,CREDIT_CARD_ALWAYS,,AIRPORT,,,,,,,,,,,,,,,,,true,,,,,,,,LD,false,
ELEC,MacArthur Center - Parking Garage,500 E City Hall Ave,,Norfolk,VA,23510,,757-664-6222,E,,Public - Credit card at all times,24 hours daily,A D Debit M V,,,,,,1,,Non-Networked,,GPS,36.8479536382711,-76.2863680457534,2024-12-10,205519,2025-02-12 00:16:32 UTC,P,,,2022-01-24,,,,,CHADEMO J1772COMBO,US,,,,Public - Carte de crédit en tout temps,,public,CREDIT_CARD_ALWAYS,,PARKING_GARAGE,,,,,,,,,,,,,,,,,false,,,,,,,,LD,false,
ELEC,CHKD Visitor Parking Garage,725 W Olney Rd,,Norfolk,VA,23507,,757-668-7000,E,,Public - Credit card at all times,24 hours daily; for visitors only,A D Debit M V,,,,,2,,,Non-Networked,,GPS,36.8606425758415,-76.3013269780446,2024-12-10,205520,2025-02-12 00:16:32 UTC,P,,,2022-01-24,,,,,J1772,US,,,,Public - Carte de crédit en tout temps,,public,CREDIT_CARD_ALWAYS,,PARKING_GARAGE,,,,,,,,,,,,,,,,,true,,,,,,,,LD,false,
ELEC,Audi Virginia Beach,2865 Virginia Beach Blvd,,Virginia Beach,VA,23452,,888-475-3593,E,,Public - Credit card at all times,24 hours daily; service use only,A D Debit M V,,,,,2,,,Non-Networked,,GPS,36.8434979878882,-76.0708333465108,2024-12-10,205522,2025-02-12 00:16:32 UTC,P,,,2022-01-24,,,,,J1772,US,,,,Public - Carte de crédit en tout temps,,public,CREDIT_CARD_ALWAYS,,CAR_DEALER,,,,,,,,,,,,,,,,,true,,,,,,,,LD,false,
ELEC,Checkered Flag Porsche,2865 Virginia Beach Blvd,,Virginia Beach,VA,23452,,757-490-1111,E,,Public - Credit card at all times,24 hours daily; service use only,A D Debit M V,,,,,2,,,Non-Networked,,GPS,36.8430110773116,-76.0704059448123,2024-12-10,205523,2025-02-12 00:16:32 UTC,P,,,2022-01-24,,,,,J1772,US,,,,Public - Carte de crédit en tout temps,,public,CREDIT_CARD_ALWAYS,,CAR_DEALER,,,,,,,,,,,,,,,,,true,,,,,,,,LD,false,
ELEC,Flow Chrysler Dodge Jeep,960 Hilton Heights Rd,,Charlottesville,VA,22901,,434-200-2665,E,,Public - Credit card at all times,24 hours daily; for service use and customers only,A D Debit M V,,,,,1,,,Non-Networked,,GPS,38.0991595056188,-78.4637473993192,2024-12-10,205525,2025-02-12 00:16:32 UTC,P,,,2022-01-24,,,,,J1772,US,,,,Public - Carte de crédit en tout temps,,public,CREDIT_CARD_ALWAYS,,CAR_DEALER,,,,,,,,,,,,,,,,,true,,,,,,,,LD,false,
ELEC,Knight's Gambit Vineyard,218 Knole Farm Ln,,Charlottesville,VA,22901,,434-260-9424,E,,Public - Credit card at all times,During business hours; for customers only,A D Debit M V,,,,,1,,,Non-Networked,,GPS,38.0952995039477,-78.6192321777008,2024-12-10,205526,2025-02-12 00:16:32 UTC,P,,,2022-01-24,,,,,J1772,US,,,,Public - Carte de crédit en tout temps,,public,CREDIT_CARD_ALWAYS,,BREWERY_DISTILLERY_WINERY,,,,,,,Free,,,,,,,,,,true,,,,,,,,LD,false,
ELEC,El Rodeo Mexican Restaurant,2032 W Main St,,Salem,VA,24153,,540-387-4045,E,,Public - Credit card at all times,24 hours daily,A D Debit M V,,,,,2,,,Non-Networked,,GPS,37.2874622367223,-80.0936224248591,2024-12-10,205527,2025-02-12 00:16:32 UTC,P,,,2022-01-24,,,,,J1772,US,,,,Public - Carte de crédit en tout temps,,public,CREDIT_CARD_ALWAYS,,RESTAURANT,,,,,,,,,,,,,,,,,false,,,,,,,,LD,false,
ELEC,Shelor Chevrolet,2265 Roanoke St,,Christiansburg,VA,24073,,540-251-7615,E,,Public - Credit card at all times,24 hours daily; for customers only,A D Debit M V,,,,,1,,,Non-Networked,,GPS,37.1351237162989,-80.3639672878592,2024-12-10,205528,2025-02-12 00:16:32 UTC,P,,,2022-01-24,,,,,J1772,US,,,,Public - Carte de crédit en tout temps,,public,CREDIT_CARD_ALWAYS,,CAR_DEALER,,,,,,,Free,,,,,,,,,,true,,,,,,,,LD,false,
ELEC,Gigi's Cupcakes,210 Laurel St NE,,Christiansburg,VA,24073,,540-251-3361,E,,Public - Credit card at all times,24 hours daily,A D Debit M V,,,,,2,,,Non-Networked,,GPS,37.16316026276,-80.4188552025339,2024-12-10,205530,2025-02-12 00:16:32 UTC,P,,,2022-01-24,,,,,J1772,US,,,,Public - Carte de crédit en tout temps,,public,CREDIT_CARD_ALWAYS,,RESTAURANT,,,,,,,,,,,,,,,,,false,,,,,,,,LD,false,
ELEC,Hethwood Recreation Center,2210 Tall Oaks Dr,,Blacksburg,VA,24060,,757-465-0260,E,,Public - Credit card at all times,24 hours daily,A D Debit M V,,,,,1,,,Non-Networked,,GPS,37.2173909570292,-80.4473980989607,2024-12-10,205533,2025-02-12 00:16:32 UTC,P,,,2022-01-24,,,,,J1772,US,,,,Public - Carte de crédit en tout temps,,public,CREDIT_CARD_ALWAYS,,REC_SPORTS_FACILITY,,,,,,,,,,,,,,,,,false,,,,,,,,LD,false,
ELEC,TOWNEPLACE SUITES BY MARRIOTT,5 Caroline Dr,,Front Royal,VA,22630,,866-816-7584,E,,Public,24 hours daily,,,,,,2,,,EV Connect,https://www.evconnect.com,GPS,38.965716,-78.18715,2026-06-09,205821,2026-06-09 03:28:53 UTC,,,,2022-02-04,,,,,J1772,US,,,,Public,,public,,,,,,,,,,,,,,,,,,,,false,,,,,,,,,false,
ELEC,Reston Station,1900 Reston Station Boulevard,,Reston,VA,20190,,888-998-2546,E,,Public,24 hours daily,,,,,,4,,,Blink Network,https://blinkcharging.com,GPS,38.9484462,-77.337535,2026-06-09,205900,2026-06-09 00:14:24 UTC,,,,2019-03-12,,,,,J1772,US,,,,Public,,public,,,,,,,,,,FREE,,,,,,,,,,false,,,,,,,,,false,
ELEC,PWC MCCOART #9-10,1 County Complex Ct,,Woodbridge,VA,22192,,888-758-4389,E,,Public,24 hours daily,,,,,,2,,,ChargePoint Network,https://www.chargepoint.com,GPS,38.679197,-77.353616,2026-06-09,205929,2026-06-09 02:25:36 UTC,,,,2022-02-05,,,,,J1772,US,,,,Public,,public,,,,,,,,,,,,,,,,,,,,false,,,,,,,,,false,
ELEC,PWC MCCOART #3-4,1 County Complex Ct,,Woodbridge,VA,22192,,888-758-4389,E,,Public,24 hours daily,,,,,,2,,,ChargePoint Network,https://www.chargepoint.com,GPS,38.679362,-77.353816,2026-06-09,205930,2026-06-09 02:25:36 UTC,,,,2022-02-05,,,,,J1772,US,,,,Public,,public,,,,,,,,,,,,,,,,,,,,false,,,,,,,,,false,
ELEC,PWC MCCOART #7-8,1 County Complex Ct,,Woodbridge,VA,22192,,888-758-4389,E,,Public,24 hours daily,,,,,,2,,,ChargePoint Network,https://www.chargepoint.com,GPS,38.679226,-77.353653,2026-06-09,205931,2026-06-09 02:25:36 UTC,,,,2022-02-05,,,,,J1772,US,,,,Public,,public,,,,,,,,,,,,,,,,,,,,false,,,,,,,,,false,
ELEC,PWC MCCOART #5-6,1 County Complex Ct,,Woodbridge,VA,22192,,888-758-4389,E,,Public,24 hours daily,,,,,,2,,,ChargePoint Network,https://www.chargepoint.com,GPS,38.679338,-77.353793,2026-06-09,205932,2026-06-09 02:25:37 UTC,,,,2022-02-05,,,,,J1772,US,,,,Public,,public,,,,,,,,,,,,,,,,,,,,false,,,,,,,,,false,
ELEC,PWC MCCOART #1-2,1 County Complex Ct,,Woodbridge,VA,22192,,888-758-4389,E,,Public,24 hours daily,,,,,,2,,,ChargePoint Network,https://www.chargepoint.com,GPS,38.679504,-77.35393,2026-06-09,205933,2026-06-09 02:25:40 UTC,,,,2022-02-05,,,,,J1772,US,,,,Public,,public,,,,,,,,,,,,,,,,,,,,false,,,,,,,,,false,
ELEC,HARBORS HARBORS #3,1 Colley Ave,,Norfolk,VA,23510,,888-758-4389,E,,Public,24 hours daily,,,,,,1,,,ChargePoint Network,https://www.chargepoint.com,GPS,36.856308,-76.304837,2026-06-09,206145,2026-06-09 02:22:46 UTC,,,,2022-02-11,,,,,J1772,US,,,,Public,,public,,,,,,,,,,,,,,,,,,,,false,,,,,,,,,false,
ELEC,WATERVIEW RES 1 STATION2,Arlington (Rosslyn),2nd floor ( Residential parking),Arlington,VA,22209,,888-758-4389,E,,Public,24 hours daily,,,,,,1,,,ChargePoint Network,https://www.chargepoint.com,GPS,38.897221,-77.070423,2026-06-09,206309,2026-06-09 02:28:45 UTC,,,,2022-02-12,,,,,J1772,US,,,,Public,,public,,,,,,,,,,,,,,,,,,,,false,,,,,,,,,false,
ELEC,WATERVIEW RES 1 STATION1,1919 N Lynn St,3rd floor (Residential parking),Arlington,VA,22209,,888-758-4389,E,,Public,24 hours daily,,,,,,1,,,ChargePoint Network,https://www.chargepoint.com,GPS,38.897853,-77.069776,2026-06-09,206310,2026-06-09 02:28:45 UTC,,,,2022-02-12,,,,,J1772,US,,,,Public,,public,,,,,,,,,,,,,,,,,,,,false,,,,,,,,,false,
ELEC,TATTERSALL TATTERSALL 1,505 Cap Stone Arch,,Chesapeake,VA,23323,,888-758-4389,E,,Public,24 hours daily,,,,,,2,,,ChargePoint Network,https://www.chargepoint.com,GPS,36.71612,-76.305569,2026-06-09,206387,2026-06-09 02:30:26 UTC,,,,2022-02-15,,,,,J1772,US,,,,Public,,public,,,,,,,,,,,,,,,,,,,,false,,,,,,,,,false,
ELEC,TATTERSALL TATTERSALL 2,505 Cap Stone Arch,,Chesapeake,VA,23323,,888-758-4389,E,,Public,24 hours daily,,,,,,2,,,ChargePoint Network,https://www.chargepoint.com,GPS,36.716059,-76.305544,2026-06-09,206388,2026-06-09 02:30:27 UTC,,,,2022-02-15,,,,,J1772,US,,,,Public,,public,,,,,,,,,,,,,,,,,,,,false,,,,,,,,,false,
ELEC,HARBORS HARBOR #2,1 Colley Ave,,Norfolk,VA,23510,,888-758-4389,E,,Public,24 hours daily,,,,,,2,,,ChargePoint Network,https://www.chargepoint.com,GPS,36.856697,-76.304328,2026-06-09,206426,2026-06-09 02:22:46 UTC,,,,2022-02-16,,,,,J1772,US,,,,Public,,public,,,,,,,,,,,,,,,,,,,,false,,,,,,,,,false,
ELEC,THE CURRENT STATION 12,424 Hull St,,Richmond,VA,23224,,888-758-4389,E,,Public,24 hours daily,,,,,,2,,,ChargePoint Network,https://www.chargepoint.com,GPS,37.523798,-77.438107,2026-06-09,206427,2026-06-09 02:23:04 UTC,,,,2022-02-16,,,,,J1772,US,,,,Public,,public,,,,,,,,,,,,,,,,,,,,false,,,,,,,,,false,
ELEC,Founders Row Parking Garage/Residential,110 Founders Ave,,Falls Church,VA,22046,,888-998-2546,E,,Public,24 hours daily,,,,,,5,,,Blink Network,https://blinkcharging.com,GPS,38.8861125,-77.1772737,2026-06-09,206693,2026-06-09 01:03:01 UTC,,,,2021-03-22,,,,,J1772,US,,,,Public,,public,,,,,,,,,,"$0.00-$2.00/Hr Variable Parking Fee, $0.25-$2.00/kWh Variable Energy Fee",,,,,,,,,,false,,,,,,,,,false,
ELEC,CMA CGM STATION CMA CGM #2,5701 Lake Wright Dr,,Norfolk,VA,23502,,888-758-4389,E,,Public,24 hours daily,,,,,,2,,,ChargePoint Network,https://www.chargepoint.com,GPS,36.878012,-76.20975,2026-06-09,206890,2026-06-09 02:29:43 UTC,,,,2022-02-23,,,,,J1772,US,,,,Public,,public,,,,,,,,,,,,,,,,,,,,false,,,,,,,,,false,
ELEC,Center of Excellence Ashburn (For Testing Purpose Only),21660 Red Rum drive,,Ashburn,VA,20147,,833-632-2778,E,,Public,24 hours daily,,,,,,1,38,,Electrify America,https://www.electrifyamerica.com,GPS,39.01715,-77.47913,2026-06-09,207376,2026-06-09 03:16:03 UTC,,,,2022-03-01,,,,,CHADEMO J1772 J1772COMBO TESLA,US,,,,Public,,public,,,,,,,,,,,,,,,,,,,,false,,,,,,,,,false,
ELEC,HRC STATION 1,4042 Santoro Pl,,Suffolk,VA,23435,,888-758-4389,E,,Public,24 hours daily,,,,,,2,,,ChargePoint Network,https://www.chargepoint.com,GPS,36.875702,-76.419284,2026-06-09,207487,2026-06-09 02:25:39 UTC,,,,2022-03-03,,,,,J1772,US,,,,Public,,public,,,,,,,,,,,,,,,,,,,,false,,,,,,,,,false,
ELEC,HRC STATION 2,4042 Santoro Pl,,Suffolk,VA,23435,,888-758-4389,E,,Public,24 hours daily,,,,,,2,,,ChargePoint Network,https://www.chargepoint.com,GPS,36.875702,-76.419293,2026-06-09,207488,2026-06-09 02:25:40 UTC,,,,2022-03-03,,,,,J1772,US,,,,Public,,public,,,,,,,,,,,,,,,,,,,,false,,,,,,,,,false,
ELEC,CURVE 6100 CURVE6100 APTS,6100 Lincolnia Rd,"Contact 202-929-3068 for questions. Resident discounts available, ask about our apartment homes.",Alexandria,VA,22312,,888-758-4389,E,,Public,Mon: 8:00am-6:00pm; Tue: 8:00am-6:00pm; Wed: 8:00am-6:00pm; Thu: 8:00am-6:00pm; Fri: 8:00am-6:00pm; Sat: 8:00am-6:00pm; Sun: 8:00am-6:00pm,,,,,,2,,,ChargePoint Network,https://www.chargepoint.com,GPS,38.817357,-77.137726,2026-06-09,207662,2026-06-09 02:31:24 UTC,,,,2022-03-05,,,,,J1772,US,,,,Public,,public,,,,,,,,,,,,,,,,,,,,false,,,,,,,,,false,
ELEC,ARLINGTON CO. LB AQUATICS 3,333 Long Bridge Drive,,Arlington,VA,22202,,888-758-4389,E,,Public,24 hours daily,,,,,,2,,,ChargePoint Network,https://www.chargepoint.com,GPS,38.870146,-77.043907,2026-06-09,211827,2026-06-09 02:22:54 UTC,,,,2022-03-17,,,,,J1772,US,,,,Public,,public,,,,,,,,,,,,,,,,,,,,false,,,,,,,,,false,
ELEC,ARLINGTON CO. LB AQUATICS 1,333 Long Bridge Drive,,Arlington,VA,22202,,888-758-4389,E,,Public,24 hours daily,,,,,,2,,,ChargePoint Network,https://www.chargepoint.com,GPS,38.870263,-77.043853,2026-06-09,211828,2026-06-09 02:23:31 UTC,,,,2022-03-17,,,,,J1772,US,,,,Public,,public,,,,,,,,,,,,,,,,,,,,false,,,,,,,,,false,
ELEC,ARLINGTON CO. LB AQUATICS 4,333 Long Bridge Drive,,Arlington,VA,22202,,888-758-4389,E,,Public,24 hours daily,,,,,,2,,,ChargePoint Network,https://www.chargepoint.com,GPS,38.870146,-77.044025,2026-06-09,211829,2026-06-09 02:23:53 UTC,,,,2022-03-17,,,,,J1772,US,,,,Public,,public,,,,,,,,,,,,,,,,,,,,false,,,,,,,,,false,
ELEC,ARLINGTON CO. LB AQUATICS 2,333 Long Bridge Drive,,Arlington,VA,22202,,888-758-4389,E,,Public,24 hours daily,,,,,,2,,,ChargePoint Network,https://www.chargepoint.com,GPS,38.870262,-77.043996,2026-06-09,211830,2026-06-09 02:23:53 UTC,,,,2022-03-17,,,,,J1772,US,,,,Public,,public,,,,,,,,,,,,,,,,,,,,false,,,,,,,,,false,
ELEC,WOLF TRAP BARNS@WOLF TRAP,1645 Trap Rd,,Vienna,VA,22182,,888-758-4389,E,,Public,24 hours daily,,,,,,2,,,ChargePoint Network,https://www.chargepoint.com,GPS,38.933472,-77.264992,2026-06-09,212130,2026-06-09 02:31:02 UTC,,,,2022-03-22,,,,,J1772,US,,,,Public,,public,,,,,,,,,,,,,,,,,,,,false,,,,,Wolf Trap National Park for the Performing Arts,,,,false,
ELEC,WOLF TRAP WOLF TRAP 2,1551 Trap Rd,,Vienna,VA,22182,,888-758-4389,E,,Public,24 hours daily,,,,,,2,,,ChargePoint Network,https://www.chargepoint.com,GPS,38.936462,-77.26462,2026-06-09,212131,2026-06-09 02:31:05 UTC,,,,2022-03-22,,,,,J1772,US,,,,Public,,public,,,,,,,,,,,,,,,,,,,,false,,,,,Wolf Trap National Park for the Performing Arts,,,,false,
ELEC,WOLF TRAP WOLF TRAP 1,1551 Trap Rd,,Vienna,VA,22182,,888-758-4389,E,,Public,24 hours daily,,,,,,2,,,ChargePoint Network,https://www.chargepoint.com,GPS,38.93647,-77.264556,2026-06-09,212133,2026-06-09 02:31:23 UTC,,,,2022-03-22,,,,,J1772,US,,,,Public,,public,,,,,,,,,,,,,,,,,,,,false,,,,,Wolf Trap National Park for the Performing Arts,,,,false,
ELEC,RCUOA CHARGER ROTONDA 1,8360 Greensboro Dr,,McLean,VA,22102,,888-758-4389,E,,Public,24 hours daily,,,,,,2,,,ChargePoint Network,https://www.chargepoint.com,GPS,38.928065,-77.233868,2026-06-09,212201,2026-06-09 01:30:15 UTC,,,,2022-03-23,,,,,J1772,US,,,,Public,,public,,,,,,,,,,,,,,,,,,,,false,,,,,,,,,false,
ELEC,Westminster Canterbury,3100 Shore Drive,,Virginia Beach,VA,23451,,888-998-2546,E,,Public,24 hours daily,,,,,,2,,,Blink Network,https://blinkcharging.com,GPS,36.9109468,-76.0799365,2026-06-09,212681,2026-06-09 01:01:23 UTC,,,,2021-02-08,,,,,J1772,US,,,,Public,,public,,,,,,,,,,"$1.00/Hr Parking Fee , $0.07/kWh Energy Fee",,,,,,,,,,false,,,,,,,,,false,
ELEC,"BOA Alexandria VA9-666 (Alexandria, VA)",600 N. WASHINGTON ST.,,Alexandria,VA,22314,,833-632-2778,E,,Public,24 hours daily,,,,,,,4,,Electrify America,https://www.electrifyamerica.com,GPS,38.81116,-77.04632,2026-06-09,212731,2026-06-09 03:20:19 UTC,,,,2022-03-25,,,,,J1772COMBO,US,,,,Public,,public,,,,,,,,,,,,,,,,,,,,false,,,,,,,,,false,
ELEC,Royal Farms - Tesla Supercharger,4317  Lankford Highway,,Exmore,VA,23350,,877-798-3752,E,,Public,24 hours daily. Please check Tesla's online station map to see if an adapter is required at this location.,A D Debit M V,,,,,,4,,Tesla,https://www.tesla.com/supercharger,GPS,37.51609,-75.83175,2024-07-01,212744,2025-02-12 00:16:32 UTC,P,,,2022-03-18,,,,,TESLA,US,,,,Public,,public,,,GAS_STATION,,,,,,,,,,,,,,,,,false,,,,,,,,LD,false,
ELEC,L379 STATION JAMAL,21710 Auto World Cir,,Sterling,VA,20166,,888-758-4389,E,,Public,24 hours daily,,,,,,2,,,ChargePoint Network,https://www.chargepoint.com,GPS,39.012515,-77.440932,2026-06-09,213054,2026-06-09 02:32:26 UTC,,,,2022-03-30,,,,,J1772,US,,,,Public,,public,,,,,,,,,,,,,,,,,,,,false,,,,,,,,,false,
ELEC,L379 STATION SINDI,21710 Auto World Cir,,Sterling,VA,20166,,888-758-4389,E,,Public,24 hours daily,,,,,,2,,,ChargePoint Network,https://www.chargepoint.com,GPS,39.012467,-77.440899,2026-06-09,213055,2026-06-09 02:32:27 UTC,,,,2022-03-30,,,,,J1772,US,,,,Public,,public,,,,,,,,,,,,,,,,,,,,false,,,,,,,,,false,
ELEC,L379 STATION SUZY Q,21710 Auto World Cir,,Sterling,VA,20166,,888-758-4389,E,,Public,24 hours daily,,,,,,2,,,ChargePoint Network,https://www.chargepoint.com,GPS,39.012432,-77.440865,2026-06-09,213056,2026-06-09 02:32:27 UTC,,,,2022-03-30,,,,,J1772,US,,,,Public,,public,,,,,,,,,,,,,,,,,,,,false,,,,,,,,,false,
ELEC,JBG - Tesla Supercharger,15201 Potomac Town Place,,Woodbridge,VA,22191,,877-798-3752,E,,Public,24 hours daily. Please check Tesla's online station map to see if an adapter is required at this location.,A D Debit M V,,,,,,12,,Tesla,https://www.tesla.com/supercharger,GPS,38.62924,-77.28939,2024-07-01,213147,2025-02-12 00:16:32 UTC,P,,,2022-03-27,,,,,TESLA,US,,,,Public,,public,,,SHOPPING_CENTER,,,,,,,,,,,,,,,,,false,,,,,,,,LD,false,
ELEC,Anthem Blue Cross Blue Shield,2000 Maywill St,,Richmond,VA,23230,,804-354-7000,E,,Public,24 hours daily,,,,,,2,,,ChargePoint Network,https://www.chargepoint.com,200-9,37.582563,-77.490107,2022-04-06,213266,2025-02-26 17:19:18 UTC,P,,,2021-12-08,,,,,J1772,US,,,,Public,,public,,,OFFICE_BLDG,,,,,,,,,,,,,,,,,false,,,,,,,,LD,true,
ELEC,Super 8 Christiansburg,55 Laurel St NE,,Christiansburg,VA,24073,,888-998-2546,E,,Public,24 hours daily,,,,,,4,,,Blink Network,https://blinkcharging.com,GPS,37.162246,-80.422517,2026-06-09,213403,2026-06-09 00:17:22 UTC,,,,2022-04-04,,,,,J1772,US,,,,Public,,public,,,,,,,,,,Free,,,,,,,,,,false,,,,,,,,,false,
ELEC,THE BLAKE LEVEL 2 STN 1,2000 N Beauregard St,,Alexandria,VA,22311,,888-758-4389,E,,Public,24 hours daily,,,,,,2,,,ChargePoint Network,https://www.chargepoint.com,GPS,38.834216,-77.119134,2026-06-09,213483,2026-06-09 02:32:50 UTC,,,,2022-04-06,,,,,J1772,US,,,,Public,,public,,,,,,,,,,,,,,,,,,,,false,,,,,,,,,false,
ELEC,THE BLAKE LEVEL 6 STN 1,2000 N Beauregard St,,Alexandria,VA,22311,,888-758-4389,E,,Public,24 hours daily,,,,,,2,,,ChargePoint Network,https://www.chargepoint.com,GPS,38.834216,-77.119069,2026-06-09,213484,2026-06-09 02:32:50 UTC,,,,2022-04-06,,,,,J1772,US,,,,Public,,public,,,,,,,,,,,,,,,,,,,,false,,,,,,,,,false,
ELEC,THE BLAKE LEVEL 4 STN 1,2000 N Beauregard St,,Alexandria,VA,22311,,888-758-4389,E,,Public,24 hours daily,,,,,,2,,,ChargePoint Network,https://www.chargepoint.com,GPS,38.834199,-77.119134,2026-06-09,213485,2026-06-09 02:32:51 UTC,,,,2022-04-06,,,,,J1772,US,,,,Public,,public,,,,,,,,,,,,,,,,,,,,false,,,,,,,,,false,
ELEC,THE BLAKE LEVEL 5 STN 1,2000 N Beauregard St,,Alexandria,VA,22311,,888-758-4389,E,,Public,24 hours daily,,,,,,2,,,ChargePoint Network,https://www.chargepoint.com,GPS,38.834233,-77.119144,2026-06-09,213486,2026-06-09 02:32:51 UTC,,,,2022-04-06,,,,,J1772,US,,,,Public,,public,,,,,,,,,,,,,,,,,,,,false,,,,,,,,,false,
ELEC,SCIENCE MUSEUM SMV EV 1,2600 W Broad St,,Richmond,VA,23230,,888-758-4389,E,,Public,24 hours daily,,,,,,1,,,ChargePoint Network,https://www.chargepoint.com,GPS,37.561714,-77.467158,2026-06-09,213772,2026-06-09 02:32:52 UTC,,,,2022-04-09,,,,,J1772,US,,,,Public,,public,,,,,,,,,,,,,,,,,,,,false,,,,,,,,,false,
ELEC,SCIENCE MUSEUM SMV EV 2,2600 W Broad St,,Richmond,VA,23230,,888-758-4389,E,,Public,24 hours daily,,,,,,1,,,ChargePoint Network,https://www.chargepoint.com,GPS,37.561709,-77.467151,2026-06-09,213773,2026-06-09 02:32:53 UTC,,,,2022-04-09,,,,,J1772,US,,,,Public,,public,,,,,,,,,,,,,,,,,,,,false,,,,,,,,,false,
ELEC,SCIENCE MUSEUM SMV EV 5,2600 W Broad St,,Richmond,VA,23230,,888-758-4389,E,,Public,24 hours daily,,,,,,1,,,ChargePoint Network,https://www.chargepoint.com,GPS,37.561682,-77.467092,2026-06-09,213779,2026-06-09 02:33:18 UTC,,,,2022-04-09,,,,,J1772,US,,,,Public,,public,,,,,,,,,,,,,,,,,,,,false,,,,,,,,,false,
ELEC,SCIENCE MUSEUM SMV EV 4,2600 W Broad St,,Richmond,VA,23230,,888-758-4389,E,,Public,24 hours daily,,,,,,1,,,ChargePoint Network,https://www.chargepoint.com,GPS,37.561689,-77.467107,2026-06-09,213780,2026-06-09 02:33:18 UTC,,,,2022-04-09,,,,,J1772,US,,,,Public,,public,,,,,,,,,,,,,,,,,,,,false,,,,,,,,,false,
ELEC,SCIENCE MUSEUM SMV EV 3,2600 W Broad St,,Richmond,VA,23230,,888-758-4389,E,,Public,24 hours daily,,,,,,1,,,ChargePoint Network,https://www.chargepoint.com,GPS,37.5617,-77.467133,2026-06-09,213781,2026-06-09 02:33:18 UTC,,,,2022-04-09,,,,,J1772,US,,,,Public,,public,,,,,,,,,,,,,,,,,,,,false,,,,,,,,,false,
ELEC,SCIENCE MUSEUM SMV EV 6,2600 W Broad St,,Richmond,VA,23230,,888-758-4389,E,,Public,24 hours daily,,,,,,1,,,ChargePoint Network,https://www.chargepoint.com,GPS,37.56173,-77.467155,2026-06-09,213782,2026-06-09 02:33:19 UTC,,,,2022-04-09,,,,,J1772,US,,,,Public,,public,,,,,,,,,,,,,,,,,,,,false,,,,,,,,,false,
ELEC,L379 MINI SHOWROOM,21710 Auto World Cir,,Sterling,VA,20166,,888-758-4389,E,,Public,24 hours daily,,,,,,1,,,ChargePoint Network,https://www.chargepoint.com,GPS,39.011906,-77.439255,2026-06-09,213830,2026-06-09 02:31:41 UTC,,,,2022-04-12,,,,,J1772,US,,,,Public,,public,,,,,,,,,,,,,,,,,,,,false,,,,,,,,,false,
ELEC,L379 BMW SHOWROOM,21710 Auto World Cir,,Sterling,VA,20166,,888-758-4389,E,,Public,24 hours daily,,,,,,1,,,ChargePoint Network,https://www.chargepoint.com,GPS,39.011891,-77.439533,2026-06-09,213831,2026-06-09 02:31:42 UTC,,,,2022-04-12,,,,,J1772,US,,,,Public,,public,,,,,,,,,,,,,,,,,,,,false,,,,,,,,,false,
ELEC,THE BLAKE LEVEL 1 STN 1,2000 N Beauregard St,,Alexandria,VA,22311,,888-758-4389,E,,Public,24 hours daily,,,,,,1,,,ChargePoint Network,https://www.chargepoint.com,GPS,38.834241,-77.119134,2026-06-09,213885,2026-06-09 02:32:51 UTC,,,,2022-04-13,,,,,J1772,US,,,,Public,,public,,,,,,,,,,,,,,,,,,,,false,,,,,,,,,false,
ELEC,New Town Commercial Association,4935 Courthouse St,,Williamsburg,VA,23188,,888-998-2546,E,,Public,24 hours daily,,,,,,2,,,Blink Network,https://blinkcharging.com,GPS,37.279645,-76.740153,2026-06-09,213999,2026-06-09 00:44:47 UTC,,,,2022-04-14,,,,,J1772,US,,,,Public,,public,,,,,,,,,,Free,,,,,,,,,,false,,,,,,,,,false,
ELEC,Sheetz - Tesla Supercharger,12341 Washington Highway Washington Highway,,Ashland,VA,23005,,877-798-3752,E,,Public,24 hours daily. Please check Tesla's online station map to see if an adapter is required at this location.,A D Debit M V,,,,,,4,,Tesla,https://www.tesla.com/supercharger,GPS,37.74579,-77.4724,2024-07-01,216366,2025-02-12 00:16:32 UTC,P,,,2022-04-22,,,,,TESLA,US,,,,Public,,public,,,GAS_STATION,,,,,,,,,,,,,,,,,false,,,,,,,,LD,false,
ELEC,Sheetz - Tesla Supercharger,601 California Drive Northeast,,Leesburg,VA,20176,,877-798-3752,E,,Public,24 hours daily. Please check Tesla's online station map to see if an adapter is required at this location.,A D Debit M V,,,,,,8,,Tesla,https://www.tesla.com/supercharger,GPS,39.10322,-77.52516,2024-07-01,216367,2025-02-12 00:16:32 UTC,P,,,2022-04-22,,,,,TESLA,US,,,,Public,,public,,,GAS_STATION,,,,,,,,,,,,,,,,,false,,,,,,,,LD,false,
ELEC,Leeward Ventures,2330 Bowdens Ferry Rd,,Norfolk,VA,23508,,888-998-2546,E,,Public,24 hours daily,,,,,,2,,,Blink Network,https://blinkcharging.com,GPS,36.876028,-76.304565,2026-06-09,216427,2026-06-09 00:44:46 UTC,,,,2022-04-29,,,,,J1772,US,,,,Public,,public,,,,,,,,,,Free,,,,,,,,,,false,,,,,,,,,false,
ELEC,NVCC Annandale Campus Parking Garage,8440 Center Drive,,Annandale,VA,22003,,888-998-2546,E,,Public,Mon: 6:00am-11:00pm; Tue: 6:00am-11:00pm; Wed: 6:00am-11:00pm; Thu: 6:00am-11:00pm; Fri: 6:00am-11:00pm; Sat: 6:00am-11:00pm; Sun: 6:00am-11:00pm,,,,,,4,,,Blink Network,https://blinkcharging.com,GPS,38.83323201,-77.2381193,2026-06-09,216512,2026-06-09 00:34:55 UTC,,,,2022-02-16,,,,,J1772,US,,,,Public,,public,,,,,,,,,,$0.00-$5.00/Hr Variable Parking Fee,,,,,,,,,,false,,,,,,,,,false,
ELEC,Prosperity Ave,2677 Prosperity Avenue,,Fairfax,VA,22031,,888-998-2546,E,,Public,24 hours daily,,,,,,4,,,Blink Network,https://blinkcharging.com,GPS,38.8806769,-77.2332406,2026-06-09,217252,2026-06-09 00:34:58 UTC,,,,2022-03-25,,,,,J1772,US,,,,Public,,public,,,,,,,,,,FREE,,,,,,,,,,false,,,,,,,,,false,
ELEC,Marina Bay Hotel & Suites,3801 Main Street,,Chincoteague,VA,23336,,888-998-2546,E,,Public,24 hours daily,,,,,,4,,,Blink Network,https://blinkcharging.com,GPS,37.930555,-75.382965,2026-06-09,217310,2026-06-09 00:24:11 UTC,,,,2022-05-10,,,,,J1772,US,,,,Public,,public,,,,,,,,,,Free,,,,,,,,,,false,,,,,,,,,false,
ELEC,Sheetz - Tesla Supercharger,20 South Providence Road,,Richmond,VA,23236,,877-798-3752,E,,Public,24 hours daily. Please check Tesla's online station map to see if an adapter is required at this location.,A D Debit M V,,,,,,8,,Tesla,https://www.tesla.com/supercharger,GPS,37.49586,-77.54769,2024-07-01,218654,2025-02-12 00:16:32 UTC,P,,,2022-05-12,,,,,TESLA,US,,,,Public,,public,,,GAS_STATION,,,,,,,,,,,,,,,,,false,,,,,,,,LD,false,
ELEC,SOUTH FLORIDA STATION 1,5380 Olde Towne Rd,Parking Lot by the Pool,Williamsburg,VA,23188,,888-758-4389,E,,Public,24 hours daily,,,,,,2,,,ChargePoint Network,https://www.chargepoint.com,GPS,37.311964,-76.744929,2026-06-09,219478,2026-06-09 02:35:45 UTC,,,,2022-05-24,,,,,J1772,US,,,,Public,,public,,,,,,,,,,,,,,,,,,,,false,,,,,,,,,false,
ELEC,Super 8,1007 Millwood Pike,,Winchester,VA,22602,,888-998-2546,E,,Public,24 hours daily,,,,,,2,,,Blink Network,https://blinkcharging.com,GPS,39.159957,-78.151635,2026-06-09,219846,2026-06-09 00:34:14 UTC,,,,2022-05-25,,,,,J1772,US,,,,Public,,public,,,,,,,,,,Free,,,,,,,,,,false,,,,,,,,,false,
ELEC,Wawa - Tesla Supercharger,7847  Compass Point Lane,,Mechanicsville,VA,23111,,877-798-3752,E,,Public,24 hours daily. Please check Tesla's online station map to see if an adapter is required at this location.,A D Debit M V,,,,,,8,,Tesla,https://www.tesla.com/supercharger,GPS,37.613514,-77.327307,2024-07-01,220198,2025-02-12 00:16:32 UTC,P,,,2022-05-20,,,,,TESLA,US,,,,Public,,public,,,GAS_STATION,,,,,,,,,,,,,,,,,false,,,,,,,,LD,false,
ELEC,MERCEDES SERV MERCEDES ROA,5000 Franklin Rd SW,,Roanoke,VA,24014,,888-758-4389,E,,Public,24 hours daily,,,,,,2,,,ChargePoint Network,https://www.chargepoint.com,GPS,37.20778,-79.953419,2026-06-09,220761,2026-06-09 02:24:38 UTC,,,,2022-06-04,,,,,J1772,US,,,,Public,,public,,,,,,,,,,,,,,,,,,,,false,,,,,,,,,false,
ELEC,VOLVO ROANOKE VOLVO ROANOKE,5000 Franklin Rd SW,,Roanoke,VA,24014,,888-758-4389,E,,Public,24 hours daily,,,,,,2,,,ChargePoint Network,https://www.chargepoint.com,GPS,37.208057,-79.954469,2026-06-09,220762,2026-06-09 02:25:52 UTC,,,,2022-06-04,,,,,J1772,US,,,,Public,,public,,,,,,,,,,,,,,,,,,,,false,,,,,,,,,false,
ELEC,Reston Corner 2,12005 Sunrise Valley Drive,,Reston,VA,20191,,888-998-2546,E,,Public,24 hours daily,,,,,,2,,,Blink Network,https://blinkcharging.com,GPS,38.9462306,-77.3617829,2026-06-09,220801,2026-06-09 00:19:55 UTC,,,,2019-02-25,,,,,J1772,US,,,,Public,,public,,,,,,,,,,"$0.00-$4.00/Hr Variable Parking Fee, $0.00-$0.15/kWh Variable Energy Fee",,,,,,,,,,false,,,,,,,,,false,
ELEC,HIEX-UVA EV STATION 2,1248 Richmond Rd,Back Parking Lot,Charlottesville,VA,22911,,888-758-4389,E,,Public,24 hours daily,,,,,,2,,,ChargePoint Network,https://www.chargepoint.com,GPS,38.034819,-78.452612,2026-06-09,221384,2026-06-09 02:29:27 UTC,,,,2022-06-16,,,,,J1772,US,,,,Public,,public,,,,,,,,,,,,,,,,,,,,false,,,,,,,,,false,
ELEC,HADEN FLATS 91-92,1575 Anderson Rd,"Located on Flats garage level B1, parking spaces 91 and 92. Only accessible to residents.",McLean,VA,22102,,888-758-4389,E,,Public,24 hours daily,,,,,,1,,,ChargePoint Network,https://www.chargepoint.com,GPS,38.926142,-77.204781,2026-06-09,221429,2026-06-09 01:20:32 UTC,,,,2022-06-17,,,,,J1772,US,,,,Public,,public,,,,,,,,,,,,,,,,,,,,false,,,,,,,,,false,
ELEC,Berglund Ford Buick GMC,1415 Boxwood Terrace,,Bedford,VA,24523,,888-998-2546,E,,Public,24 hours daily,,,,,,1,,,Blink Network,https://blinkcharging.com,GPS,37.325438,-79.500595,2026-06-09,221946,2026-06-09 00:08:37 UTC,,,,2022-06-24,,,,,J1772,US,,,,Public,,public,,,,,,,,,,Free,,,,,,,,,,false,,,,,,,,,false,
ELEC,Backside of West Wing of the Building,150 Kings Manor Drive,,Williamsburg,VA,23185,,888-998-2546,E,,Public,24 hours daily,,,,,,1,,,Blink Network,https://blinkcharging.com,GPS,37.2868967,-76.7262669,2026-06-09,221952,2026-06-09 00:36:34 UTC,,,,2022-06-25,,,,,J1772,US,,,,Public,,public,,,,,,,,,,"$5.00/Hr Parking Fee , $0.20/kWh Energy Fee",,,,,,,,,,false,,,,,,,,,false,
ELEC,High Street View - Phase II,150 Kings Manor Dr,,Williamsburg,VA,23185,,888-998-2546,E,,Public,24 hours daily,,,,,,1,,,Blink Network,https://blinkcharging.com,GPS,37.2868967,-76.7262669,2026-06-09,221953,2026-06-09 00:36:34 UTC,,,,2022-06-25,,,,,J1772,US,,,,Public,,public,,,,,,,,,,"$5.00/Hr Parking Fee , $0.20/kWh Energy Fee",,,,,,,,,,false,,,,,,,,,false,
ELEC,THE BLAKE LEVEL 1 STN 2,2000 N Beauregard St,,Alexandria,VA,22311,,888-758-4389,E,,Public,24 hours daily,,,,,,1,,,ChargePoint Network,https://www.chargepoint.com,GPS,38.834241,-77.119123,2026-06-09,221980,2026-06-09 02:33:25 UTC,,,,2022-06-25,,,,,J1772,US,,,,Public,,public,,,,,,,,,,,,,,,,,,,,false,,,,,,,,,false,
ELEC,KINGS DAUGHTERS STATION 1,401 Gresham Dr,P2 Garage,Norfolk,VA,23510,,888-758-4389,E,,Public,24 hours daily,,,,,,2,,,ChargePoint Network,https://www.chargepoint.com,GPS,36.860058,-76.30594,2026-06-09,222519,2026-06-09 02:34:02 UTC,,,,2022-07-06,,,,,J1772,US,,,,Public,,public,,,,,,,,,,,,,,,,,,,,false,,,,,,,,,false,
ELEC,Dairy Market,946 Grady Ave,,Charlottesville,VA,22903,,434-326-4552,E,,Public,24 hours daily; drivers must bring their own cordset for level 1 charging,ANDROID_PAY APPLE_PAY CREDIT Debit,,,,5,,,,Non-Networked,,200-9,38.038041,-78.491176,2024-10-11,223306,2025-02-12 00:16:32 UTC,P,,,2021-04-16,,,,,NEMA515,US,,,,Public,,public,,,RESTAURANT,,,,,,,$1.80/hr,,,,,,,,,,false,,,,,,,,LD,false,
ELEC,Sleep Inn Chesapeake,3280 Western Branch Blvd,,Chesapeake,VA,23321,,888-998-2546,E,,Public,24 hours daily,,,,,,4,,,Blink Network,https://blinkcharging.com,GPS,36.86618327,-76.41113913,2026-06-09,224259,2026-06-09 00:17:30 UTC,,,,2022-07-22,,,,,J1772,US,,,,Public,,public,,,,,,,,,,Free,,,,,,,,,,false,,,,,,,,,false,
ELEC,The Clifton Hotel,1296 Clifton Inn Dr,,Charlottesville,VA,22911,,888-998-2546,E,,Public,24 hours daily,,,,,,2,,,Blink Network,https://blinkcharging.com,GPS,38.0070971484,-78.397143071,2026-06-09,224447,2026-06-09 00:24:14 UTC,,,,2022-07-26,,,,,J1772,US,,,,Public,,public,,,,,,,,,,Free,,,,,,,,,,false,,,,,,,,,false,
ELEC,HIEX-UVA EV STATION 1,870 Pantops Cor Wy,Back Parking Lot,Charlottesville,VA,22911,,888-758-4389,E,,Public,24 hours daily,,,,,,2,,,ChargePoint Network,https://www.chargepoint.com,GPS,38.035697,-78.452601,2026-06-09,224506,2026-06-09 02:36:41 UTC,,,,2022-07-28,,,,,J1772,US,,,,Public,,public,,,,,,,,,,,,,,,,,,,,false,,,,,,,,,false,
ELEC,IRIDIUM SNOC A,44330 Woodridge Pkwy,Gated,Leesburg,VA,20176,,888-758-4389,E,,Public,24 hours daily,,,,,,2,,,ChargePoint Network,https://www.chargepoint.com,GPS,39.073674,-77.469749,2026-06-09,224865,2026-06-09 02:32:31 UTC,,,,2022-08-05,,,,,J1772,US,,,,Public,,public,,,,,,,,,,,,,,,,,,,,false,,,,,,,,,false,
ELEC,Bareford Buick GMC - DCFC,603 Church Lane,,Tappahannock,VA,22560,,888-998-2546,E,,Public,24 hours daily,,,,,,,2,,Blink Network,https://blinkcharging.com,GPS,37.9253119135,-76.859481715,2026-06-09,225068,2026-06-09 00:05:07 UTC,,,,2022-08-05,,,,,J1772COMBO TESLA,US,,,,Public,,public,,,,,,,,,,Free,,,,,,,,,,false,,,,,,,,,false,
ELEC,Reston Town Center - Underground Garage,1818 Library Street,,Reston,VA,20190,,888-998-2546,E,,Public,24 hours daily,,,,,,3,,,Blink Network,https://blinkcharging.com,GPS,38.9585299,-77.3601232,2026-06-09,225073,2026-06-09 00:36:58 UTC,,,,2022-03-29,,,,,J1772,US,,,,Public,,public,,,,,,,,,,FREE,,,,,,,,,,false,,,,,,,,,false,
ELEC,Reston Town Center - Red Garage,12025 Town Square Street,,Reston,VA,20190,,888-998-2546,E,,Public,24 hours daily,,,,,,1,,,Blink Network,https://blinkcharging.com,GPS,38.9575693,-77.3612446,2026-06-09,225074,2026-06-09 00:36:58 UTC,,,,2022-04-18,,,,,J1772,US,,,,Public,,public,,,,,,,,,,"$0.00-$5.00/Hr Variable Parking Fee, $0.15/kWh Energy Fee",,,,,,,,,,false,,,,,,,,,false,
ELEC,American Center,8300 Boone Boulevard,,Vienna,VA,22182,,888-998-2546,E,,Public,24 hours daily,,,,,,2,,,Blink Network,https://blinkcharging.com,GPS,38.9171387,-77.2318533,2026-06-09,225292,2026-06-09 00:26:36 UTC,,,,2017-01-31,,,,,J1772,US,,,,Public,,public,,,,,,,,,,$0.07/kWh Energy Fee,,,,,,,,,,false,,,,,,,,,false,
ELEC,1940 Duke Street PH,1940 Duke Street - PH,,Alexandria,VA,22314,,888-998-2546,E,,Public,24 hours daily,,,,,,8,,,Blink Network,https://blinkcharging.com,GPS,38.8041324,-77.0630253,2026-06-09,225303,2026-06-09 00:26:45 UTC,,,,2022-05-21,,,,,J1772,US,,,,Public,,public,,,,,,,,,,FREE,,,,,,,,,,false,,,,,,,,,false,
ELEC,"USGBF TSA, LLC.",6595 Springfield Center Drive,,Springfield,VA,22150,,888-998-2546,E,,Public,24 hours daily,,,,,,20,,,Blink Network,https://blinkcharging.com,GPS,38.7662151,-77.1730536,2026-06-09,225304,2026-06-09 00:54:28 UTC,,,,2019-12-12,,,,,J1772,US,,,,Public,,public,,,,,,,,,,FREE,,,,,,,,,,false,,,,,,,,,false,
ELEC,APTA PROPERTIES P1 - UNIT 1,3030 Potomac Ave,On level P1 of the APTA building garage,Alexandria,VA,22301,,888-758-4389,E,,Public,24 hours daily,,,,,,2,,,ChargePoint Network,https://www.chargepoint.com,GPS,38.833195,-77.04847,2026-06-09,225520,2026-06-09 02:03:22 UTC,,,,2022-08-14,,,,,J1772,US,,,,Public,,public,,,,,,,,,,,,,,,,,,,,false,,,,,,,,,false,
ELEC,APTA PROPERTIES P1 - UNIT 2,3030 Potomac Ave,On level P1 of the APTA building garage,Alexandria,VA,22301,,888-758-4389,E,,Public,24 hours daily,,,,,,2,,,ChargePoint Network,https://www.chargepoint.com,GPS,38.83324,-77.04843,2026-06-09,225521,2026-06-09 02:03:22 UTC,,,,2022-08-14,,,,,J1772,US,,,,Public,,public,,,,,,,,,,,,,,,,,,,,false,,,,,,,,,false,
ELEC,Upper Lofts,10 South 20th Street,,Richmond,VA,23223,,888-998-2546,E,,Public,24 hours daily,,,,,,1,,,Blink Network,https://blinkcharging.com,GPS,37.5312943,-77.4266928,2026-06-09,226069,2026-06-09 00:16:20 UTC,,,,2022-06-20,,,,,J1772,US,,,,Public,,public,,,,,,,,,,FREE,,,,,,,,,,false,,,,,,,,,false,
ELEC,FAIRFAX COUNTY MERRIFIELD P1-1,8221 Willow Oaks Corporate Dr,,Fairfax,VA,22031,,888-758-4389,E,,Public,24 hours daily,,,,,,2,,,ChargePoint Network,https://www.chargepoint.com,GPS,38.86275,-77.233286,2026-06-09,226231,2026-06-09 02:30:57 UTC,,,,2022-08-25,,,,,J1772,US,,,,Public,,public,,,,,,,,,,,,,,,,,,,,false,,,,,,,,,false,
ELEC,FAIRFAX COUNTY MERRIFIELD P1-2,8221 Willow Oaks Corporate Dr,,Fairfax,VA,22031,,888-758-4389,E,,Public,24 hours daily,,,,,,2,,,ChargePoint Network,https://www.chargepoint.com,GPS,38.862733,-77.233275,2026-06-09,226232,2026-06-09 02:30:57 UTC,,,,2022-08-25,,,,,J1772,US,,,,Public,,public,,,,,,,,,,,,,,,,,,,,false,,,,,,,,,false,
ELEC,Blacksburg Town Hall,300 S Main St,,Blacksburg,VA,24060,,888-998-2546,E,,Public,24 hours daily,,,,,,2,,,Blink Network,https://blinkcharging.com,GPS,37.227325,-80.412419,2026-06-09,226718,2026-06-09 00:43:01 UTC,,,,2022-08-30,,,,,J1772,US,,,,Public,,public,,,,,,,,,,Free,,,,,,,,,,false,,,,,,,,,false,
ELEC,TOB STATION 1,418 N Main St,,Bridgewater,VA,22812,,888-758-4389,E,,Public,24 hours daily,,,,,,2,,,ChargePoint Network,https://www.chargepoint.com,GPS,38.385891,-78.970885,2026-06-09,227443,2026-06-09 02:40:48 UTC,,,,2022-09-10,,,,,J1772,US,,,,Public,,public,,,,,,,,,,,,,,,,,,,,false,,,,,,,,,false,
ELEC,CHECKERED FLAG GUEST PARKING,3700 Sentara Way,,Virginia Beach,VA,23452,,888-758-4389,E,,Public,24 hours daily,,,,,,,1,,ChargePoint Network,https://www.chargepoint.com,GPS,36.835686,-76.09928,2026-06-09,227587,2026-06-09 02:30:29 UTC,,,,2022-09-15,,,,,CHADEMO J1772COMBO,US,,,,Public,,public,,,,,,,,,,,,,,,,,,,,false,,,,,,,,,false,
ELEC,Wawa - Tesla Supercharger,9700  Fairfax Boulevard,,Fairfax,VA,22031,,877-798-3752,E,,Public,24 hours daily. Please check Tesla's online station map to see if an adapter is required at this location.,A D Debit M V,,,,,,12,,Tesla,https://www.tesla.com/supercharger,GPS,38.86443,-77.28016,2024-07-01,227701,2025-02-12 00:16:32 UTC,P,,,2022-09-12,,,,,TESLA,US,,,,Public,,public,,,GAS_STATION,,,,,,,,,,,,,,,,,false,,,,,,,,LD,false,
ELEC,TOWN OF PULASKI TOWN OF PULASKI,109 N Washington Ave,,Pulaski,VA,24301,,888-758-4389,E,,Public,24 hours daily,,,,,,2,,,ChargePoint Network,https://www.chargepoint.com,GPS,37.046549,-80.780246,2026-06-09,227783,2026-06-09 02:40:34 UTC,,,,2022-09-17,,,,,J1772,US,,,,Public,,public,,,,,,,,,,,,,,,,,,,,false,,,,,,,,,false,
ELEC,531712  City of Falls Church Community Center,223 Little Falls Street,,Falls Church,VA,22046,,888-998-2546,E,,Public,Mon: 8:00pm-11:00pm; Tue: 12:00am-11:59pm; Wed: 12:00am-11:59pm; Thu: 12:00am-11:59pm; Fri: 12:00am-11:59pm; Sat: 2:00pm-11:00pm; Sun: 12:00am-4:00pm,,,,,,4,,,Blink Network,https://blinkcharging.com,GPS,38.8862255,-77.1717924,2026-06-09,227810,2026-06-09 00:14:37 UTC,,,,2018-12-26,,,,,J1772,US,,,,Public,,public,,,,,,,,,,FREE,,,,,,,,,,false,,,,,,,,,false,
ELEC,GREEN GARAGE 140541003886,3300 Gallows Rd,Green Garage,Falls Church,VA,22042,,888-758-4389,E,,Public,24 hours daily,,,,,,2,,,ChargePoint Network,https://www.chargepoint.com,GPS,38.856883,-77.227548,2026-06-09,227842,2026-06-09 01:08:26 UTC,,,,2022-09-20,,,,,J1772,US,,,,Public,,public,,,,,,,,,,,,,,,,,,,,false,,,,,,,,,false,
ELEC,Sheetz #304,25224 Poland Rd,,Chantilly,VA,20152,,877-455-3833,E,,Public,24 hours daily,,,,,,,4,,eVgo Network,https://www.evgo.com,GPS,38.9193651,-77.496222,2026-06-08,228168,2026-06-08 23:57:54 UTC,,,,2020-02-29,,,,,CHADEMO J1772COMBO,US,,,,Public,,public,,,,,,,,,,,,,,,,,,,,false,,,,,,,,,false,
ELEC,Newgate Shopping Center,14100 Lee Hwy,,Centreville,VA,20120,,877-455-3833,E,,Public,24 hours daily,,,,,,,2,,eVgo Network,https://www.evgo.com,GPS,38.839929,-77.432268,2026-06-08,228303,2026-06-08 23:58:20 UTC,,,,2018-03-07,,,,,CHADEMO J1772COMBO,US,,,,Public,,public,,,,,,,,,,,,,,,,,,,,false,,,,,,,,,false,
ELEC,Dulles Town Center,21076 Dulles Town Cir,,Sterling,VA,20166,,877-455-3833,E,,Public,24 hours daily,,,,,,1,2,,eVgo Network,https://www.evgo.com,GPS,39.0329,-77.422159,2026-06-08,228307,2026-06-08 23:58:21 UTC,,,,2018-03-07,,,,,CHADEMO J1772 J1772COMBO,US,,,,Public,,public,,,,,,,,,,,,,,,,,,,,false,,,,,,,,,false,
ELEC,The Fashion Centre at Pentagon City,1100 S Hayes St,,Arlington,VA,22202,,877-455-3833,E,,Public,24 hours daily,,,,,,1,2,,eVgo Network,https://www.evgo.com,GPS,38.861479,-77.06185,2026-06-08,228310,2026-06-08 23:58:22 UTC,,,,2018-03-07,,,,,CHADEMO J1772 J1772COMBO,US,,,,Public,,public,,,,,,,,,,,,,,,,,,,,false,,,,,,,,,false,
ELEC,Leesburg Corner Premium Outlets,241 Fort Evans Rd NE,,Leesburg,VA,20176,,877-455-3833,E,,Public,24 hours daily,,,,,,1,2,,eVgo Network,https://www.evgo.com,GPS,39.10819,-77.53865,2026-06-08,228312,2026-06-08 23:58:22 UTC,,,,2018-03-07,,,,,CHADEMO J1772 J1772COMBO,US,,,,Public,,public,,,,,,,,,,,,,,,,,,,,false,,,,,,,,,false,
ELEC,Stonebridge at Potomac Town Center,15201 Potomac Town Pl,,Woodbridge,VA,22191,,877-455-3833,E,,Public,24 hours daily,,,,,,1,2,,eVgo Network,https://www.evgo.com,GPS,38.62988,-77.2891,2026-06-08,228321,2026-06-08 23:58:24 UTC,,,,2018-03-07,,,,,CHADEMO J1772 J1772COMBO,US,,,,Public,,public,,,,,,,,,,,,,,,,,,,,false,,,,,,,,,false,
ELEC,Safeway Herndon #1689,413 Elden St,,Herndon,VA,20170,,877-455-3833,E,,Public,24 hours daily,,,,,,,4,,eVgo Network,https://www.evgo.com,GPS,38.9677255,-77.3767639,2026-06-08,228334,2026-06-08 23:58:27 UTC,,,,2022-07-01,,,,,CHADEMO J1772COMBO,US,,,,Public,,public,,,,,,,,,,,,,,,,,,,,false,,,,,,,,,false,
ELEC,Safeway Arlington #4007,3713 Lee Hwy,,Arlington,VA,22207,,877-455-3833,E,,Public,24 hours daily,,,,,,,4,,eVgo Network,https://www.evgo.com,GPS,38.8970113,-77.1048573,2026-06-08,228341,2026-06-08 23:58:29 UTC,,,,2021-10-25,,,,,CHADEMO J1772COMBO,US,,,,Public,,public,,,,,,,,,,,,,,,,,,,,false,,,,,,,,,false,
ELEC,Coliseum Crossing,2101 Coliseum Drive,,Hampton,VA,23666,,877-455-3833,E,,Public,24 hours daily,,,,,,,4,,eVgo Network,https://www.evgo.com,GPS,37.0480698,-76.3921894,2026-06-08,228371,2026-06-08 23:58:33 UTC,,,,2020-07-22,,,,,CHADEMO J1772COMBO,US,,,,Public,,public,,,,,,,,,,,,,,,,,,,,false,,,,,,,,,false,
ELEC,Wawa Newport News #0685,772 J Clyde Morris Blvd,,Newport News,VA,23601,,877-455-3833,E,,Public,24 hours daily,,,,,,,2,,eVgo Network,https://www.evgo.com,GPS,37.0803082,-76.4599331,2026-06-08,228383,2026-06-08 23:58:35 UTC,,,,2020-09-29,,,,,CHADEMO J1772COMBO,US,,,,Public,,public,,,,,,,,,,,,,,,,,,,,false,,,,,,,,,false,
ELEC,Festival at Manchester Lakes,7005 Manchester Blvd,,Alexandria,VA,22310,,877-455-3833,E,,Public,24 hours daily,,,,,,,4,,eVgo Network,https://www.evgo.com,GPS,38.7655957,-77.154734,2026-06-08,228390,2026-06-08 23:58:35 UTC,,,,2020-11-21,,,,,CHADEMO J1772COMBO,US,,,,Public,,public,,,,,,,,,,,,,,,,,,,,false,,,,,,,,,false,
ELEC,Carytown Exchange,3533 Elwood Ave.,,Richmond,VA,23221,,877-455-3833,E,,Public,24 hours daily,,,,,,,4,,eVgo Network,https://www.evgo.com,GPS,37.5564429,-77.486842,2026-06-08,228397,2026-06-08 23:58:37 UTC,,,,2020-12-18,,,,,CHADEMO J1772COMBO,US,,,,Public,,public,,,,,,,,,,,,,,,,,,,,false,,,,,,,,,false,
ELEC,Westin Tysons Corner,7801 Leesburg Pike,,Falls Church,VA,22043,,877-455-3833,E,,Public,24 hours daily,,,,,,,2,,eVgo Network,https://www.evgo.com,GPS,38.9082834,-77.2152606,2026-06-08,228409,2026-06-08 23:58:39 UTC,,,,2020-05-15,,,,,CHADEMO J1772COMBO,US,,,,Public,,public,,,,,,,,,,,,,,,,,,,,false,,,,,,,,,false,
ELEC,Village Center at Dulles,2445 Centreville Rd,,Herndon,VA,20171,,877-455-3833,E,,Public,24 hours daily,,,,,,,4,,eVgo Network,https://www.evgo.com,GPS,38.9499782,-77.4100602,2026-06-08,228428,2026-06-08 23:58:42 UTC,,,,2021-04-30,,,,,CHADEMO J1772COMBO,US,,,,Public,,public,,,,,,,,,,,,,,,,,,,,false,,,,,,,,,false,
ELEC,Target Lynchburg,4028 Wards Rd,,Lynchburg,VA,24502,,877-455-3833,E,,Public,24 hours daily,,,,,,,2,,eVgo Network,https://www.evgo.com,GPS,37.34578,-79.19088,2026-06-08,228586,2026-06-08 23:59:30 UTC,,,,2021-10-13,,,,,CHADEMO J1772COMBO,US,,,,Public,,public,,,,,,,,,,,,,,,,,,,,false,,,,,,,,,false,
ELEC,The Shops at Southgate,100 E Fairfax St,,Falls Church,VA,22046,,877-455-3833,E,,Public,24 hours daily,,,,,,,2,,eVgo Network,https://www.evgo.com,GPS,38.880092,-77.172214,2026-06-08,228611,2026-06-08 23:59:34 UTC,,,,2021-10-15,,,,,CHADEMO J1772COMBO,US,,,,Public,,public,,,,,,,,,,,,,,,,,,,,false,,,,,,,,,false,
ELEC,The Field at Commonwealth,14335 Newbrook Dr,,Chantilly,VA,20151,,877-455-3833,E,,Public,24 hours daily,,,,,,,4,,eVgo Network,https://www.evgo.com,GPS,38.876345,-77.442934,2026-06-08,228636,2026-06-08 23:59:45 UTC,,,,2019-06-28,,,,,CHADEMO J1772COMBO,US,,,,Public,,public,,,,,,,,,,,,,,,,,,,,false,,,,,,,,,false,
ELEC,Annandale Shopping Center,7040 Columbia Pike,,Annandale,VA,22003,,877-455-3833,E,,Public,24 hours daily,,,,,,,2,,eVgo Network,https://www.evgo.com,GPS,38.8339152,-77.1878902,2026-06-08,228658,2026-06-09 00:00:24 UTC,,,,2019-10-19,,,,,J1772COMBO,US,,,,Public,,public,,,,,,,,,,,,,,,,,,,,false,,,,,,,,,false,
ELEC,First & Main Blacksburg,1490 S Main Street,,Blacksburg,VA,24060,,877-455-3833,E,,Public,24 hours daily,,,,,,,4,,eVgo Network,https://www.evgo.com,GPS,37.2130595,-80.4005234,2026-06-08,228662,2026-06-09 00:00:34 UTC,,,,2021-12-28,,,,,CHADEMO J1772COMBO,US,,,,Public,,public,,,,,,,,,,,,,,,,,,,,false,,,,,,,,,false,
ELEC,Tower Shopping Center,6801 Bland St,,Springfield,VA,22150,,877-455-3833,E,,Public,24 hours daily,,,,,,,2,,eVgo Network,https://www.evgo.com,GPS,38.7812753,-77.1850144,2026-06-08,228678,2026-06-09 00:00:43 UTC,,,,2020-04-28,,,,,CHADEMO J1772COMBO,US,,,,Public,,public,,,,,,,,,,,,,,,,,,,,false,,,,,,,,,false,
ELEC,Point 50,10334 Fairfax Blvd,,Fairfax,VA,22030,,877-455-3833,E,,Public,24 hours daily,,,,,,,2,,eVgo Network,https://www.evgo.com,GPS,38.860838,-77.303935,2026-06-08,228683,2026-06-09 00:00:46 UTC,,,,2021-08-14,,,,,CHADEMO J1772COMBO,US,,,,Public,,public,,,,,,,,,,,,,,,,,,,,false,,,,,,,,,false,
ELEC,Safeway Mclean #1920,1688 Anderson Rd,,McLean,VA,22102,,877-455-3833,E,,Public,24 hours daily,,,,,,,4,,eVgo Network,https://www.evgo.com,GPS,38.922475,-77.20139,2026-06-08,228713,2026-06-09 00:01:13 UTC,,,,2021-08-26,,,,,CHADEMO J1772COMBO,US,,,,Public,,public,,,,,,,,,,,,,,,,,,,,false,,,,,,,,,false,
ELEC,Eden Center,6763 Wilson Blvd,,Falls Church,VA,22044,,877-455-3833,E,,Public,24 hours daily,,,,,,,2,,eVgo Network,https://www.evgo.com,GPS,38.874304,-77.155562,2026-06-09,228718,2026-06-09 00:01:45 UTC,,,,2020-02-15,,,,,J1772COMBO,US,,,,Public,,public,,,,,,,,,,,,,,,,,,,,false,,,,,,,,,false,
ELEC,New River Valley Mall,782 New River Rd,,Christiansburg,VA,24073,,877-455-3833,E,,Public,24 hours daily,,,,,,,2,,eVgo Network,https://www.evgo.com,GPS,37.165292,-80.426151,2026-06-09,228776,2026-06-09 00:02:07 UTC,,,,2021-06-23,,,,,CHADEMO J1772COMBO,US,,,,Public,,public,,,,,,,,,,,,,,,,,,,,false,,,,,,,,,false,
ELEC,Southside Shopping Center,32 Mill Creek Dr,,Charlottesville,VA,22902,,877-455-3833,E,,Public,24 hours daily,,,,,,,2,,eVgo Network,https://www.evgo.com,GPS,38.00126,-78.496952,2026-06-09,228780,2026-06-09 00:02:09 UTC,,,,2021-07-04,,,,,CHADEMO J1772COMBO,US,,,,Public,,public,,,,,,,,,,,,,,,,,,,,false,,,,,,,,,false,
ELEC,The Loren,6410 Arlington Blvd,,Falls Church,VA,22042,,877-455-3833,E,,Public,24 hours daily,,,,,,1,1,,eVgo Network,https://www.evgo.com,GPS,38.872386,-77.1607018,2026-06-09,228785,2026-06-09 00:02:11 UTC,,,,2018-03-07,,,,,CHADEMO J1772 J1772COMBO,US,,,,Public,,public,,,,,,,,,,,,,,,,,,,,false,,,,,,,,,false,
ELEC,Pike 7 Plaza- A1,8365 Leesburg Pike,,Vienna,VA,22182,,877-455-3833,E,,Public,24 hours daily,,,,,,,4,,eVgo Network,https://www.evgo.com,GPS,38.92117,-77.23517,2026-06-09,228786,2026-06-09 00:02:12 UTC,,,,2019-11-15,,,,,CHADEMO J1772COMBO,US,,,,Public,,public,,,,,,,,,,,,,,,,,,,,false,,,,,,,,,false,
ELEC,McLean Campus 4,7596 Colshire Drive,,McLean,VA,22102,,888-998-2546,E,,Public,24 hours daily,,,,,,4,,,Blink Network,https://blinkcharging.com,GPS,38.92350436306361,-77.20618612114441,2026-06-09,228914,2026-06-09 00:38:14 UTC,,,,2022-09-06,,,,,J1772,US,,,,Public,,public,,,,,,,,,,"$0.00-$8.00/Hr Variable Parking Fee, $0.20/kWh Energy Fee",,,,,,,,,,false,,,,,,,,,false,
ELEC,McLean Campus 2,7515 Colshire Drive,,McLean,VA,22102,,888-998-2546,E,,Public,24 hours daily,,,,,,4,,,Blink Network,https://blinkcharging.com,GPS,38.9221966,-77.2050359,2026-06-09,228915,2026-06-09 00:38:12 UTC,,,,2022-09-02,,,,,J1772,US,,,,Public,,public,,,,,,,,,,"$0.00-$8.00/Hr Variable Parking Fee, $0.20/kWh Energy Fee",,,,,,,,,,false,,,,,,,,,false,
ELEC,WATERVIEW OB STATION 1,1919 N Lynn St,Garage B1 level,Arlington,VA,22209,,888-758-4389,E,,Public,24 hours daily,,,,,,2,,,ChargePoint Network,https://www.chargepoint.com,GPS,38.897673,-77.070419,2026-06-09,229272,2026-06-09 02:27:59 UTC,,,,2022-09-27,,,,,J1772,US,,,,Public,,public,,,,,,,,,,,,,,,,,,,,false,,,,,,,,,false,
ELEC,WATERVIEW OB STATION 2,1919 N Lynn St,Garage B1 level,Arlington,VA,22209,,888-758-4389,E,,Public,24 hours daily,,,,,,2,,,ChargePoint Network,https://www.chargepoint.com,GPS,38.897706,-77.070355,2026-06-09,229273,2026-06-09 02:32:00 UTC,,,,2022-09-27,,,,,J1772,US,,,,Public,,public,,,,,,,,,,,,,,,,,,,,false,,,,,,,,,false,
ELEC,COMMONS UTAH 1,3292 S Utah St,,Arlington,VA,22206,,888-758-4389,E,,Public,24 hours daily,,,,,,2,,,ChargePoint Network,https://www.chargepoint.com,GPS,38.835901,-77.088746,2026-06-09,229439,2026-06-09 02:40:49 UTC,,,,2022-09-28,,,,,J1772,US,,,,Public,,public,,,,,,,,,,,,,,,,,,,,false,,,,,,,,,false,
ELEC,Target Virginia Beach #T2770,4554 Virginia Beach Blvd,,Virginia Beach,VA,23462,,877-455-3833,E,,Public,24 hours daily,,,,,,,4,,eVgo Network,https://www.evgo.com,GPS,36.847707,-76.135288,2026-06-08,229520,2026-06-08 23:58:46 UTC,,,,2018-01-01,,,,,CHADEMO J1772COMBO,US,,,,Public,,public,,,,,,,,,,,,,,,,,,,,false,,,,,,,,,false,
ELEC,Dairy Central,946 Grady Ave,,Charlottesville,VA,22903,,833-692-6787,E,,Public - Credit card at all times,Contact station for hours of availability.,A ANDROID_PAY APPLE_PAY CREDIT D M,,,,,5,,,AMPUP,https://ampup.io,200-9,38.038041,-78.491176,2022-10-11,230194,2023-02-14 15:54:11 UTC,P,,,2022-09-15,,,,,J1772,US,,,,Public - Carte de crédit en tout temps,,public,CREDIT_CARD_ALWAYS,,RESTAURANT,,,,,,,,,,,,,,,,,false,,,,,,,,LD,false,
ELEC,3033 Wilson Arlington,3033 Wilson Blvd,,Arlington,VA,22201,,833-692-6787,E,,Public - Credit card at all times,Contact station for hours of availability.,A ANDROID_PAY APPLE_PAY CREDIT D M,,,,,2,,,AMPUP,https://ampup.io,200-9,38.888033,-77.094652,2022-10-11,230207,2023-02-14 15:54:11 UTC,P,,,2022-09-15,,,,,J1772,US,,,,Public - Carte de crédit en tout temps,,public,CREDIT_CARD_ALWAYS,,PARKING_GARAGE,,,,,,,,,,,,,,,,,false,,,,,,,,LD,false,
ELEC,8001 Forbes LLC,8001 Forbes Place #305,,Springfield,VA,22151,,866-816-7584,E,,Public,24 hours daily,,,,,,2,,,EV Connect,https://www.evconnect.com,GPS,38.807592,-77.219646,2026-06-09,230982,2026-06-09 03:30:32 UTC,,,,2022-09-30,,,,,J1772,US,,,,Public,,public,,,,,,,,,,,,,,,,,,,,false,,,,,,,,,false,
ELEC,Hart Motor Co.,1341 East Main Street,,Salem,VA,24153,,866-816-7584,E,,Public,24 hours daily,,,,,,,1,,EV Connect,https://www.evconnect.com,GPS,37.297703,-80.033145,2026-06-09,231028,2026-06-09 03:30:54 UTC,,,,2022-09-30,,,,,J1772COMBO,US,,,,Public,,public,,,,,,,,,,,,,,,,,,,,false,,,,,,,,,false,
ELEC,FAIRFAX COUNTY LORTON COM 2,9520 Richmond Hwy,,Lorton,VA,22079,,888-758-4389,E,,Public,24 hours daily,,,,,,2,,,ChargePoint Network,https://www.chargepoint.com,GPS,38.698353,-77.2143,2026-06-09,232962,2026-06-09 02:41:58 UTC,,,,2022-10-06,,,,,J1772,US,,,,Public,,public,,,,,,,,,,,,,,,,,,,,false,,,,,,,,,false,
ELEC,FAIRFAX COUNTY LORTON COM 1,9520 Richmond Hwy,,Lorton,VA,22079,,888-758-4389,E,,Public,24 hours daily,,,,,,2,,,ChargePoint Network,https://www.chargepoint.com,GPS,38.69845,-77.21419,2026-06-09,232963,2026-06-09 02:41:58 UTC,,,,2022-10-06,,,,,J1772,US,,,,Public,,public,,,,,,,,,,,,,,,,,,,,false,,,,,,,,,false,
ELEC,UGC EV STATION STATION 1,904 Prices Fork Rd,,Blacksburg,VA,24060,,888-758-4389,E,,Public,24 hours daily,,,,,,2,,,ChargePoint Network,https://www.chargepoint.com,GPS,37.232473,-80.434053,2026-06-09,233237,2026-06-09 02:30:43 UTC,,,,2022-10-11,,,,,J1772,US,,,,Public,,public,,,,,,,,,,,,,,,,,,,,false,,,,,,,,,false,
ELEC,KESWICK HALL SPA CP ONE,701 Club Dr,,Keswick,VA,22947,,888-758-4389,E,,Public,24 hours daily,,,,,,1,,,ChargePoint Network,https://www.chargepoint.com,GPS,38.01694,-78.366401,2026-06-09,234480,2026-06-09 02:41:24 UTC,,,,2022-10-15,,,,,J1772,US,,,,Public,,public,,,,,,,,,,,,,,,,,,,,false,,,,,,,,,false,
ELEC,KESWICK HALL SPA CP TWO,701 Club Dr,,Keswick,VA,22947,,888-758-4389,E,,Public,24 hours daily,,,,,,1,,,ChargePoint Network,https://www.chargepoint.com,GPS,38.017004,-78.366379,2026-06-09,234481,2026-06-09 02:41:25 UTC,,,,2022-10-15,,,,,J1772,US,,,,Public,,public,,,,,,,,,,,,,,,,,,,,false,,,,,,,,,false,
ELEC,KESWICK HALL SPA CP THREE,701 Club Dr,,Keswick,VA,22947,,888-758-4389,E,,Public,24 hours daily,,,,,,1,,,ChargePoint Network,https://www.chargepoint.com,GPS,38.01686,-78.366422,2026-06-09,234482,2026-06-09 02:41:26 UTC,,,,2022-10-15,,,,,J1772,US,,,,Public,,public,,,,,,,,,,,,,,,,,,,,false,,,,,,,,,false,
ELEC,BULL RUN H-D DCFAST HOG,9321 Center St,,Manassas,VA,20110,,888-758-4389,E,,Public,24 hours daily,,,,,,,1,,ChargePoint Network,https://www.chargepoint.com,GPS,38.750754,-77.481938,2026-06-09,234675,2026-06-09 01:41:33 UTC,,,,2022-10-20,,,,,J1772COMBO,US,,,,Public,,public,,,,,,,,,,,,,,,,,,,,false,,,,,,,,,false,
ELEC,L379 STATION 01,Auto World Cir,,Ashburn,VA,20147,,888-758-4389,E,,Public,24 hours daily,,,,,,2,,,ChargePoint Network,https://www.chargepoint.com,GPS,39.012141,-77.439232,2026-06-09,235147,2026-06-09 01:06:10 UTC,,,,2022-10-27,,,,,J1772,US,,,,Public,,public,,,,,,,,,,,,,,,,,,,,false,,,,,,,,,false,
ELEC,Target Alexandria #T1533,6600 Richmond Hwy,,Alexandria,VA,22306,,877-455-3833,E,,Public,24 hours daily,,,,,,,2,,eVgo Network,https://www.evgo.com,GPS,38.776506,-77.081098,2026-06-08,235301,2026-06-09 00:00:52 UTC,,,,2022-10-27,,,,,CHADEMO J1772COMBO,US,,,,Public,,public,,,,,,,,,,,,,,,,,,,,false,,,,,,,,,false,
ELEC,Canal Center Plaza,11 Canal Center Plaza,,Alexandria,VA,22314,,888-998-2546,E,,Public,24 hours daily,,,,,,3,,,Blink Network,https://blinkcharging.com,GPS,38.8148442,-77.037826,2026-06-09,235603,2026-06-09 00:38:11 UTC,,,,2017-08-16,,,,,J1772,US,,,,Public,,public,,,,,,,,,,FREE,,,,,,,,,,false,,,,,,,,,false,
ELEC,SOUTHERN VW VW SALES 2,1248 S Military Hwy,,Chesapeake,VA,23320,,888-758-4389,E,,Public,24 hours daily,,,,,,,1,,ChargePoint Network,https://www.chargepoint.com,GPS,36.802182,-76.226278,2026-06-09,235608,2026-06-09 02:29:50 UTC,,,,2022-11-03,,,,,CHADEMO J1772COMBO,US,,,,Public,,public,,,,,,,,,,,,,,,,,,,,false,,,,,,,,,false,
ELEC,SOUTHERN VW VW SERVICE,1248 S Military Hwy,,Chesapeake,VA,23320,,888-758-4389,E,,Public,24 hours daily,,,,,,,1,,ChargePoint Network,https://www.chargepoint.com,GPS,36.802276,-76.226117,2026-06-09,235618,2026-06-09 02:42:55 UTC,,,,2022-11-03,,,,,CHADEMO J1772COMBO,US,,,,Public,,public,,,,,,,,,,,,,,,,,,,,false,,,,,,,,,false,
ELEC,SOUTHERN VW VW SALES 1,1248 S Military Hwy,,Chesapeake,VA,23320,,888-758-4389,E,,Public,24 hours daily,,,,,,,1,,ChargePoint Network,https://www.chargepoint.com,GPS,36.802139,-76.226407,2026-06-09,235619,2026-06-09 02:42:55 UTC,,,,2022-11-03,,,,,CHADEMO J1772COMBO,US,,,,Public,,public,,,,,,,,,,,,,,,,,,,,false,,,,,,,,,false,
ELEC,Reagan National Airport - B/C Terminal Parking,2400 Ronald Reagan Washington National Airport Access Rd,,Arlington,VA,22202,,703-417-4300,E,,Public,24 hours daily; pay lot,,,,,,73,,,Non-Networked,,200-8,38.85235,-77.04417,2024-12-10,235636,2025-11-03 18:36:45 UTC,P,,,2022-11-03,,,,,J1772,US,,,,Public,,public,,,AIRPORT,,,,,,,Free,,,,,,,,,,false,,,,,,,,LD,false,
ELEC,L379 STATION,21710 Auto World Cir,Side of building,Sterling,VA,20166,,888-758-4389,E,,Public,24 hours daily,,,,,,,1,,ChargePoint Network,https://www.chargepoint.com,GPS,39.012206,-77.440215,2026-06-09,235657,2026-06-09 02:42:59 UTC,,,,2022-11-04,,,,,CHADEMO J1772COMBO,US,,,,Public,,public,,,,,,,,,,,,,,,,,,,,false,,,,,,,,,false,
ELEC,L379 BMW STATION 2,21710 Auto World Cir,Side of building,Sterling,VA,20166,,888-758-4389,E,,Public,24 hours daily,,,,,,,1,,ChargePoint Network,https://www.chargepoint.com,GPS,39.012223,-77.440258,2026-06-09,235658,2026-06-09 02:43:00 UTC,,,,2022-11-04,,,,,CHADEMO J1772COMBO,US,,,,Public,,public,,,,,,,,,,,,,,,,,,,,false,,,,,,,,,false,
ELEC,L379 BMW STATION 3,21710 Auto World Cir,Side of building,Sterling,VA,20166,,888-758-4389,E,,Public,24 hours daily,,,,,,,1,,ChargePoint Network,https://www.chargepoint.com,GPS,39.012256,-77.44015,2026-06-09,235659,2026-06-09 02:43:00 UTC,,,,2022-11-04,,,,,CHADEMO J1772COMBO,US,,,,Public,,public,,,,,,,,,,,,,,,,,,,,false,,,,,,,,,false,
ELEC,LATS-OFFICE LATITUDES,1701 Chase Pointe Cir,,Virginia Beach,VA,23454,,888-758-4389,E,,Public,24 hours daily,,,,,,2,,,ChargePoint Network,https://www.chargepoint.com,GPS,36.847168,-76.025974,2026-06-09,235660,2026-06-09 02:43:13 UTC,,,,2022-11-04,,,,,J1772,US,,,,Public,,public,,,,,,,,,,,,,,,,,,,,false,,,,,,,,,false,
ELEC,THE CURRENT STATION 13 DC,4 E 5th Street,Bottom of parking garage,Manchester,VA,23224,,888-758-4389,E,,Public,24 hours daily,,,,,,,1,,ChargePoint Network,https://www.chargepoint.com,GPS,37.524334,-77.436928,2026-06-09,235892,2026-06-09 02:23:44 UTC,,,,2022-11-10,,,,,CHADEMO J1772COMBO,US,,,,Public,,public,,,,,,,,,,,,,,,,,,,,false,,,,,,,,,false,
ELEC,L379 BMW 4,21710 Auto World Cir,,Sterling,VA,20166,,888-758-4389,E,,Public,24 hours daily,,,,,,,1,,ChargePoint Network,https://www.chargepoint.com,GPS,39.012102,-77.439959,2026-06-09,235910,2026-06-09 02:43:59 UTC,,,,2022-11-10,,,,,CHADEMO J1772COMBO,US,,,,Public,,public,,,,,,,,,,,,,,,,,,,,false,,,,,,,,,false,
ELEC,FAIRFAX COUNTY HERNDON METRO 2,12530 Sunrise Valley Dr,Metro daily parking fee M-F $4.95 Parking is free on weekends and federal holidays,Herndon,VA,20191,,888-758-4389,E,,Public,24 hours daily,,,,,,2,,,ChargePoint Network,https://www.chargepoint.com,GPS,38.951098,-77.383401,2026-06-09,236079,2026-06-09 02:44:06 UTC,,,,2022-11-14,,,,,J1772,US,,,,Public,,public,,,,,,,,,,,,,,,,,,,,false,,,,,,,,,false,
ELEC,FAIRFAX COUNTY MERRIFIELD P1-3,8221 Willow Oaks Corporate Dr,,Fairfax,VA,22031,,888-758-4389,E,,Public,24 hours daily,,,,,,2,,,ChargePoint Network,https://www.chargepoint.com,GPS,38.86274,-77.23325,2026-06-09,236128,2026-06-09 02:30:57 UTC,,,,2022-11-16,,,,,J1772,US,,,,Public,,public,,,,,,,,,,,,,,,,,,,,false,,,,,,,,,false,
ELEC,FAIRFAX COUNTY HERRITY 2,12011 Government Center Pkwy,,Fairfax,VA,22035,,888-758-4389,E,,Public,24 hours daily,,,,,,2,,,ChargePoint Network,https://www.chargepoint.com,GPS,38.856856,-77.363678,2026-06-09,236129,2026-06-09 02:33:01 UTC,,,,2022-11-16,,,,,J1772,US,,,,Public,,public,,,,,,,,,,,,,,,,,,,,false,,,,,,,,,false,
ELEC,FAIRFAX COUNTY HERRITY 1,12011 Government Center Pkwy,,Fairfax,VA,22035,,888-758-4389,E,,Public,24 hours daily,,,,,,2,,,ChargePoint Network,https://www.chargepoint.com,GPS,38.856859,-77.363695,2026-06-09,236130,2026-06-09 02:33:01 UTC,,,,2022-11-16,,,,,J1772,US,,,,Public,,public,,,,,,,,,,,,,,,,,,,,false,,,,,,,,,false,
ELEC,FAIRFAX COUNTY HERRITY 3,12011 Government Center Pkwy,,Fairfax,VA,22035,,888-758-4389,E,,Public,24 hours daily,,,,,,2,,,ChargePoint Network,https://www.chargepoint.com,GPS,38.856833,-77.363688,2026-06-09,236131,2026-06-09 02:33:02 UTC,,,,2022-11-16,,,,,J1772,US,,,,Public,,public,,,,,,,,,,,,,,,,,,,,false,,,,,,,,,false,
ELEC,FAIRFAX COUNTY SULLY COM 1,13800 Wall Rd,,Herndon,VA,20171,,888-758-4389,E,,Public,24 hours daily,,,,,,2,,,ChargePoint Network,https://www.chargepoint.com,GPS,38.917885,-77.424064,2026-06-09,236133,2026-06-09 02:36:47 UTC,,,,2022-11-16,,,,,J1772,US,,,,Public,,public,,,,,,,,,,,,,,,,,,,,false,,,,,,,,,false,
ELEC,FAIRFAX COUNTY INNOVATION 4,2345 Innovation Center Dr,Metro daily parking fee M-F $4.95 Parking is free on weekends and federal holidays,Oak Hill,VA,20171,,888-758-4389,E,,Public,24 hours daily,,,,,,2,,,ChargePoint Network,https://www.chargepoint.com,GPS,38.959639,-77.418872,2026-06-09,236138,2026-06-09 02:40:04 UTC,,,,2022-11-16,,,,,J1772,US,,,,Public,,public,,,,,,,,,,,,,,,,,,,,false,,,,,,,,,false,
ELEC,FAIRFAX COUNTY INNOVATION 5,2345 Innovation Center Dr,Metro daily parking fee M-F $4.95 Parking is free on weekends and federal holidays,Oak Hill,VA,20171,,888-758-4389,E,,Public,24 hours daily,,,,,,2,,,ChargePoint Network,https://www.chargepoint.com,GPS,38.959771,-77.41877,2026-06-09,236139,2026-06-09 02:40:04 UTC,,,,2022-11-16,,,,,J1772,US,,,,Public,,public,,,,,,,,,,,,,,,,,,,,false,,,,,,,,,false,
ELEC,FAIRFAX COUNTY INNOVATION 3,2345 Innovation Center Dr Parking Garage Leve,Metro daily parking fee M-F $4.95 Parking is free on weekends and federal holidays,Oak Hill,VA,20171,,888-758-4389,E,,Public,24 hours daily,,,,,,2,,,ChargePoint Network,https://www.chargepoint.com,GPS,38.959767,-77.418898,2026-06-09,236140,2026-06-09 02:40:05 UTC,,,,2022-11-16,,,,,J1772,US,,,,Public,,public,,,,,,,,,,,,,,,,,,,,false,,,,,,,,,false,
ELEC,FAIRFAX COUNTY INNOVATION 1,2350 Innovation Center Dr,Metro daily parking fee M-F $4.95 Parking is free on weekends and federal holidays,Oak Hill,VA,20171,,888-758-4389,E,,Public,24 hours daily,,,,,,2,,,ChargePoint Network,https://www.chargepoint.com,GPS,38.959328,-77.419113,2026-06-09,236141,2026-06-09 02:40:05 UTC,,,,2022-11-16,,,,,J1772,US,,,,Public,,public,,,,,,,,,,,,,,,,,,,,false,,,,,,,,,false,
ELEC,FAIRFAX COUNTY INNOVATION 6,2343 Innovation Center Dr,Metro daily parking fee M-F $4.95 Parking is free on weekends and federal holidays,Oak Hill,VA,20171,,888-758-4389,E,,Public,24 hours daily,,,,,,2,,,ChargePoint Network,https://www.chargepoint.com,GPS,38.95981,-77.418645,2026-06-09,236142,2026-06-09 02:40:05 UTC,,,,2022-11-16,,,,,J1772,US,,,,Public,,public,,,,,,,,,,,,,,,,,,,,false,,,,,,,,,false,
ELEC,FAIRFAX COUNTY INNOVATION 2,2345 Innovation Center Dr,Metro daily parking fee M-F $4.95 Parking is free on weekends and federal holidays,Oak Hill,VA,20171,,888-758-4389,E,,Public,24 hours daily,,,,,,2,,,ChargePoint Network,https://www.chargepoint.com,GPS,38.959658,-77.418967,2026-06-09,236143,2026-06-09 02:40:06 UTC,,,,2022-11-16,,,,,J1772,US,,,,Public,,public,,,,,,,,,,,,,,,,,,,,false,,,,,,,,,false,
ELEC,FAIRFAX COUNTY INNOVATION 9,2343 Innovation Center Dr,Metro daily parking fee M-F $4.95 Parking is free on weekends and federal holidays,Oak Hill,VA,20171,,888-758-4389,E,,Public,24 hours daily,,,,,,2,,,ChargePoint Network,https://www.chargepoint.com,GPS,38.959685,-77.418353,2026-06-09,236144,2026-06-09 02:40:14 UTC,,,,2022-11-16,,,,,J1772,US,,,,Public,,public,,,,,,,,,,,,,,,,,,,,false,,,,,,,,,false,
ELEC,FAIRFAX COUNTY INNOVATION 8,2345 Innovation Center Dr,Metro daily parking fee M-F $4.95 Parking is free on weekends and federal holidays,Oak Hill,VA,20171,,888-758-4389,E,,Public,24 hours daily,,,,,,2,,,ChargePoint Network,https://www.chargepoint.com,GPS,38.959739,-77.418519,2026-06-09,236145,2026-06-09 02:40:14 UTC,,,,2022-11-16,,,,,J1772,US,,,,Public,,public,,,,,,,,,,,,,,,,,,,,false,,,,,,,,,false,
ELEC,FAIRFAX COUNTY INNOVATION 7,2343 Innovation Center Dr,ing fee M-F $4.95 Parking is free on weekends and federal holidays,Oak Hill,VA,20171,,888-758-4389,E,,Public,24 hours daily,,,,,,2,,,ChargePoint Network,https://www.chargepoint.com,GPS,38.959745,-77.418497,2026-06-09,236146,2026-06-09 02:40:14 UTC,,,,2022-11-16,,,,,J1772,US,,,,Public,,public,,,,,,,,,,,,,,,,,,,,false,,,,,,,,,false,
ELEC,FAIRFAX COUNTY INNOVATION 10,2343 Innovation Center Dr,Metro daily parking fee M-F $4.95 Parking is free on weekends and federal holidays,Oak Hill,VA,20171,,888-758-4389,E,,Public,24 hours daily,,,,,,2,,,ChargePoint Network,https://www.chargepoint.com,GPS,38.959633,-77.418259,2026-06-09,236147,2026-06-09 02:40:15 UTC,,,,2022-11-16,,,,,J1772,US,,,,Public,,public,,,,,,,,,,,,,,,,,,,,false,,,,,,,,,false,
ELEC,FAIRFAX COUNTY HERNDON METRO 3,12530 Sunrise Valley Dr,Metro daily parking fee M-F $4.95 Parking is free on weekends and federal holidays,Herndon,VA,20191,,888-758-4389,E,,Public,24 hours daily,,,,,,2,,,ChargePoint Network,https://www.chargepoint.com,GPS,38.951082,-77.38346,2026-06-09,236157,2026-06-09 02:44:05 UTC,,,,2022-11-16,,,,,J1772,US,,,,Public,,public,,,,,,,,,,,,,,,,,,,,false,,,,,,,,,false,
ELEC,FAIRFAX COUNTY HERNDON METRO 4,12530 Sunrise Valley Dr,Metro daily parking fee M-F $4.95 Parking is free on weekends and federal holidays,Herndon,VA,20191,,888-758-4389,E,,Public,24 hours daily,,,,,,2,,,ChargePoint Network,https://www.chargepoint.com,GPS,38.951055,-77.383448,2026-06-09,236158,2026-06-09 02:44:06 UTC,,,,2022-11-16,,,,,J1772,US,,,,Public,,public,,,,,,,,,,,,,,,,,,,,false,,,,,,,,,false,
ELEC,FAIRFAX COUNTY HERNDON METRO 1,12530 Sunrise Valley Dr,Metro daily parking fee M-F $4.95 Parking is free on weekends and federal holidays,Herndon,VA,20191,,888-758-4389,E,,Public,24 hours daily,,,,,,2,,,ChargePoint Network,https://www.chargepoint.com,GPS,38.950914,-77.383444,2026-06-09,236159,2026-06-09 02:44:07 UTC,,,,2022-11-16,,,,,J1772,US,,,,Public,,public,,,,,,,,,,,,,,,,,,,,false,,,,,,,,,false,
ELEC,FAIRFAX COUNTY HERNDON METRO 5,12530 Sunrise Valley Dr,Metro daily parking fee M-F $4.95 Parking is free on weekends and federal holidays,Herndon,VA,20191,,888-758-4389,E,,Public,24 hours daily,,,,,,1,,,ChargePoint Network,https://www.chargepoint.com,GPS,38.950973,-77.383451,2026-06-09,236160,2026-06-09 02:44:07 UTC,,,,2022-11-16,,,,,J1772,US,,,,Public,,public,,,,,,,,,,,,,,,,,,,,false,,,,,,,,,false,
ELEC,Reston Town Center - Silver Garage P2,11850 Freedom Drive,,Reston,VA,20190,,888-998-2546,E,,Public,24 hours daily,,,,,,4,,,Blink Network,https://blinkcharging.com,GPS,38.9597425,-77.3556184,2026-06-09,236774,2026-06-09 00:38:39 UTC,,,,2022-09-27,,,,,J1772,US,,,,Public,,public,,,,,,,,,,"$0.00-$95.00/Hr Variable Parking Fee, $0.15/kWh Energy Fee",,,,,,,,,,false,,,,,,,,,false,
ELEC,Wawa - Tesla Supercharger,15840  Jefferson Davis Highway,,Colonial Heights,VA,23834,,877-798-3752,E,,Public,24 hours daily. Please check Tesla's online station map to see if an adapter is required at this location.,,,,,,,8,,Tesla,https://www.tesla.com/supercharger,GPS,37.30561,-77.4097,2024-07-01,236871,2025-05-06 21:07:47 UTC,P,,,2022-10-03,,,,,TESLA,US,,,,Public,,public,,,,,,,,,,,,,,,,,,,,,,,,,,,,,false,
ELEC,Peterson Companies - Tesla Supercharger,4100 Monument Corner Drive,,Fairfax,VA,22030,,877-798-3752,E,,Public,24 hours daily. Please check Tesla's online station map to see if an adapter is required at this location.,,,,,,,12,,Tesla,https://www.tesla.com/supercharger,GPS,38.859333,-77.3575,2024-07-01,236872,2025-05-06 21:07:47 UTC,P,,,2022-10-03,,,,,TESLA,US,,,,Public,,public,,,,,,,,,,,,,,,,,,,,,,,,,,,,,false,
ELEC,Riverside,5860 Cameron Run Terrace,,Alexandria,VA,22303,,888-998-2546,E,,Public,24 hours daily,,,,,,2,,,Blink Network,https://blinkcharging.com,GPS,38.792205,-77.0627874,2026-06-09,236900,2026-06-09 00:38:40 UTC,,,,2022-09-23,,,,,J1772,US,,,,Public,,public,,,,,,,,,,$0.20/kWh Energy Fee,,,,,,,,,,false,,,,,,,,,false,
ELEC,FLOW MAZDA CHAR MAXDA CT4021,1298 Richmond Rd,mazda customer parking,Charlottesville,VA,22911,,888-758-4389,E,,Public,24 hours daily,,,,,,2,,,ChargePoint Network,https://www.chargepoint.com,GPS,38.034602,-78.452003,2026-06-09,237541,2026-06-09 02:31:40 UTC,,,,2022-12-09,,,,,J1772,US,,,,Public,,public,,,,,,,,,,,,,,,,,,,,false,,,,,,,,,false,
ELEC,Gates of McLean,1510 Spring Gate Dr.,,McLean,VA,22102,,888-998-2546,E,,Public,24 hours daily,,,,,,12,,,Blink Network,https://blinkcharging.com,GPS,38.92786527754933,-77.21068798992586,2026-06-09,237898,2026-06-09 00:16:17 UTC,,,,2022-09-24,,,,,J1772,US,,,,Public,,public,,,,,,,,,,,,,,,,,,,,false,,,,,,,,,false,
ELEC,"531712  City Hall, Falls Church",300 Park Avenue,,Falls Church,VA,22046,,888-998-2546,E,,Public,Mon: 8:00pm-11:00pm; Tue: 12:00am-11:59pm; Wed: 12:00am-11:59pm; Thu: 12:00am-11:59pm; Fri: 12:00am-11:00pm; Sat: 2:00pm-11:00pm; Sun: 12:00am-12:00am,,,,,,4,,,Blink Network,https://blinkcharging.com,GPS,38.8856981,-77.1724663,2026-06-09,237899,2026-06-09 00:14:30 UTC,,,,2018-12-26,,,,,J1772,US,,,,Public,,public,,,,,,,,,,,,,,,,,,,,false,,,,,,,,,false,
ELEC,X Corp Solutions,1010 Corporate Drive #310,,Stafford,VA,22554,,888-998-2546,E,,Public,24 hours daily,,,,,,6,,,Blink Network,https://blinkcharging.com,GPS,38.5150824,-77.374229,2026-06-09,238077,2026-06-09 00:25:58 UTC,,,,2022-08-20,,,,,J1772,US,,,,Public,,public,,,,,,,,,,Free,,,,,,,,,,false,,,,,,,,,false,
ELEC,Innovations Hospitality,1884 Evelyn Byrd Ave,,Harrisonburg,VA,22802,,888-998-2546,E,,Public,24 hours daily,,,,,,4,,,Blink Network,https://blinkcharging.com,GPS,38.431761,-78.848973,2026-06-09,238087,2026-06-09 00:57:04 UTC,,,,2022-09-26,,,,,J1772,US,,,,Public,,public,,,,,,,,,,Free,,,,,,,,,,false,,,,,,,,,false,
ELEC,Quest Diagnostics - Chantilly,14225 Newbrook Drive,,Chantilly,VA,20153,,888-998-2546,E,,Public,24 hours daily,,,,,,4,,,Blink Network,https://blinkcharging.com,GPS,38.875547,-77.439203,2026-06-09,238104,2026-06-09 00:34:37 UTC,,,,2022-11-29,,,,,J1772,US,,,,Public,,public,,,,,,,,,,Free,,,,,,,,,,false,,,,,,,,,false,
ELEC,THE MOXLEY STATION1,4040 Gateway Dr,,Fairfax,VA,22030,,888-758-4389,E,,Public,24 hours daily,,,,,,2,,,ChargePoint Network,https://www.chargepoint.com,GPS,38.853741,-77.329569,2026-06-09,238297,2026-06-09 02:44:02 UTC,,,,2022-12-17,,,,,J1772,US,,,,Public,,public,,,,,,,,,,,,,,,,,,,,false,,,,,,,,,false,
ELEC,NIB3000 P2,3000 Potomac Ave,Garage Level P2,Alexandria,VA,22305,,888-758-4389,E,,Public,24 hours daily,,,,,,2,,,ChargePoint Network,https://www.chargepoint.com,GPS,38.832883,-77.048294,2026-06-09,238516,2026-06-09 02:44:28 UTC,,,,2022-12-21,,,,,J1772,US,,,,Public,,public,,,,,,,,,,,,,,,,,,,,false,,,,,,,,,false,
ELEC,Crossroads Center,5831 Columbia Pike & Leesburg Pike,,Falls Church,VA,22041,,877-455-3833,E,,Public,24 hours daily,,,,,,,4,,eVgo Network,https://www.evgo.com,GPS,38.852729,-77.129364,2026-06-08,240929,2026-06-09 00:00:17 UTC,,,,2023-01-05,,,,,CHADEMO J1772COMBO,US,,,,Public,,public,,,,,,,,,,,,,,,,,,,,false,,,,,,,,,false,
ELEC,Comfort Inn - Tesla Supercharger,5558 Lee Highway,,Atkins,VA,24311,,877-798-3752,E,,Public,24 hours daily. Please check Tesla's online station map to see if an adapter is required at this location.,A D Debit M V,,,,,,8,,Tesla,https://www.tesla.com/supercharger,GPS,36.86408,-81.43322,2024-07-01,241142,2025-02-12 00:16:32 UTC,P,,,2022-12-23,,,,,TESLA,US,,,,Public,,public,,,HOTEL,,,,,,,,,,,,,,,,,false,,,,,,,,LD,false,
ELEC,MALLOY CADILLAC,2700 Valley Avenue,,Winchester,VA,22601,,866-816-7584,E,,Public,24 hours daily,,,,,,,2,,EV Connect,https://www.evconnect.com,GPS,39.152136,-78.187108,2026-06-09,250819,2026-06-09 03:29:30 UTC,,,,2023-01-18,,,,,J1772COMBO,US,,,,Public,,public,,,,,,,,,,,,,,,,,,,,false,,,,,,,,,false,
ELEC,First and Market Parking - Tesla Destination,104 First St N,,Charlottesville,VA,22901,,877-798-3752,E,,Public,,,,,,,1,,,Tesla Destination,https://www.tesla.com/destination-charging,GPS,38.031111,-78.480905,2024-07-01,250831,2025-02-12 00:16:32 UTC,P,,,2014-06-16,,,,,TESLA,US,,,,Public,,public,,,,,,,,,,,,,,,,,,,,,,,,,,,,,false,
ELEC,iFLY Virginia Beach Indoor Skydiving - Tesla Destination,2412 Pacific Ave,,Virginia Beach,VA,23451,,877-798-3752,E,,Public,,,,,,,1,,,Tesla Destination,https://www.tesla.com/destination-charging,GPS,36.852937,-75.977968,2024-07-01,250909,2025-02-12 00:16:32 UTC,P,,,2022-03-24,,,,,TESLA,US,,,,Public,,public,,,,,,,,,,,,,,,,,,,,,,,,,,,,,false,
ELEC,Mj's Tavern - Tesla Destination,4019 Granby Street,,Norfolk,VA,23504,,877-798-3752,E,,Public,,,,,,,2,,,Tesla Destination,https://www.tesla.com/destination-charging,GPS,36.883719,-76.281642,2024-07-01,250913,2025-02-12 00:16:32 UTC,P,,,2022-03-28,,,,,TESLA,US,,,,Public,,public,,,,,,,,,,,,,,,,,,,,,,,,,,,,,false,
ELEC,Glass Light Hotel Autograph Collection - Tesla Destination,201 Granby St,,Norfolk,VA,23510,,877-798-3752,E,,Public,,,,,,,1,,,Tesla Destination,https://www.tesla.com/destination-charging,GPS,36.84824,-76.29136,2024-07-01,251045,2025-02-12 00:16:32 UTC,P,,,2021-06-21,,,,,TESLA,US,,,,Public,,public,,,,,,,,,,,,,,,,,,,,,,,,,,,,,false,
ELEC,Main St. Parking Lot - Tesla Destination,40 N. Third St,,Warrenton,VA,20186,,877-798-3752,E,,Public,,,,,,,2,,,Tesla Destination,https://www.tesla.com/destination-charging,GPS,38.71409,-77.79304,2024-07-01,251050,2025-02-12 00:16:32 UTC,P,,,2021-06-22,,,,,TESLA,US,,,,Public,,public,,,,,,,,,,,,,,,,,,,,,,,,,,,,,false,
ELEC,DUNCAN MAZDA MAZDA EXTERIOR,125 Jennelle Rd,,Christiansburg,VA,24073,,888-758-4389,E,,Public,24 hours daily,,,,,,2,,,ChargePoint Network,https://www.chargepoint.com,GPS,37.179377,-80.411922,2026-06-09,252181,2026-06-09 02:48:15 UTC,,,,2023-01-26,,,,,J1772,US,,,,Public,,public,,,,,,,,,,,,,,,,,,,,false,,,,,,,,,false,
ELEC,RHC Ripheat - Constitution VB,4 Constitution Drive,,Virginia Beach,VA,23462,,866-816-7584,E,,Public,24 hours daily,,,,,,8,,,EV Connect,https://www.evconnect.com,GPS,36.836316,-76.127164,2026-06-09,252199,2026-06-09 03:30:37 UTC,,,,2023-01-27,,,,,J1772,US,,,,Public,,public,,,,,,,,,,,,,,,,,,,,false,,,,,,,,,false,
ELEC,FAIRFAX COUNTY HERNDON METRO 9,12530 Sunrise Valley Dr,(Parking garage level 3) Metro daily parking fee M-F $4.95 Parking is free on weekends and federal holidays..,Herndon,VA,20191,,888-758-4389,E,,Public,24 hours daily,,,,,,2,,,ChargePoint Network,https://www.chargepoint.com,GPS,38.95097,-77.383385,2026-06-09,252593,2026-06-09 02:46:53 UTC,,,,2023-01-27,,,,,J1772,US,,,,Public,,public,,,,,,,,,,,,,,,,,,,,false,,,,,,,,,false,
ELEC,FAIRFAX COUNTY HERNDON METRO 7,12530 Sunrise Valley Dr,Parking garage level 3 Metro daily parking fee M-F $4.95 Parking is free on weekends and federal holidays..,Herndon,VA,20191,,888-758-4389,E,,Public,24 hours daily,,,,,,2,,,ChargePoint Network,https://www.chargepoint.com,GPS,38.950985,-77.38341,2026-06-09,252594,2026-06-09 02:46:53 UTC,,,,2023-01-27,,,,,J1772,US,,,,Public,,public,,,,,,,,,,,,,,,,,,,,false,,,,,,,,,false,
ELEC,FAIRFAX COUNTY HERNDON METRO 8,12530 Sunrise Valley Dr,(Parking garage level 3) Metro daily parking fee M-F $4.95 Parking is free on weekends and federal holidays..,Herndon,VA,20191,,888-758-4389,E,,Public,24 hours daily,,,,,,2,,,ChargePoint Network,https://www.chargepoint.com,GPS,38.95102,-77.38339,2026-06-09,252595,2026-06-09 02:46:54 UTC,,,,2023-01-27,,,,,J1772,US,,,,Public,,public,,,,,,,,,,,,,,,,,,,,false,,,,,,,,,false,
ELEC,L379 BMW-MINI SHOP,21710 Auto World Cir,,Sterling,VA,20166,,888-758-4389,E,,Public,24 hours daily,,,,,,1,,,ChargePoint Network,https://www.chargepoint.com,GPS,39.012245,-77.4397,2026-06-09,252764,2026-06-09 02:48:07 UTC,,,,2023-01-31,,,,,J1772,US,,,,Public,,public,,,,,,,,,,,,,,,,,,,,false,,,,,,,,,false,
ELEC,IKEA USA WOODBRIDGE 2,Potomac Mills Cir at Biddeford Way,Parking garage section A by front entrance,Woodbridge,VA,22192,,888-758-4389,E,,Public,24 hours daily,,,,,,1,,,ChargePoint Network,https://www.chargepoint.com,GPS,38.642681,-77.28987,2026-06-09,252823,2026-06-09 02:30:59 UTC,,,,2023-02-01,,,,,J1772,US,,,,Public,,public,,,,,,,,,,,,,,,,,,,,false,,,,,,,,,false,
ELEC,IKEA USA WOODBRIDGE 1,Potomac Mills Cir at Biddeford Way,Parking garage section B by front entrance.,Woodbridge,VA,22192,,888-758-4389,E,,Public,24 hours daily,,,,,,1,,,ChargePoint Network,https://www.chargepoint.com,GPS,38.642657,-77.289833,2026-06-09,252824,2026-06-09 02:30:59 UTC,,,,2023-02-01,,,,,J1772,US,,,,Public,,public,,,,,,,,,,,,,,,,,,,,false,,,,,,,,,false,
ELEC,IKEA USA NORFOLK 3,6000 Northampton Blvd,Section A row 5 near exit,Norfolk,VA,23502,,888-758-4389,E,,Public,24 hours daily,,,,,,1,,,ChargePoint Network,https://www.chargepoint.com,GPS,36.875821,-76.200709,2026-06-09,252851,2026-06-09 02:31:24 UTC,,,,2023-02-01,,,,,J1772,US,,,,Public,,public,,,,,,,,,,,,,,,,,,,,false,,,,,,,,,false,
ELEC,IKEA USA NORFOLK 1,6000 Northampton Blvd,Section A row 5 near exit,Norfolk,VA,23502,,888-758-4389,E,,Public,24 hours daily,,,,,,1,,,ChargePoint Network,https://www.chargepoint.com,GPS,36.87581,-76.200728,2026-06-09,252852,2026-06-09 02:31:25 UTC,,,,2023-02-01,,,,,J1772,US,,,,Public,,public,,,,,,,,,,,,,,,,,,,,false,,,,,,,,,false,
ELEC,IKEA USA NORFOLK 2,6000 Northampton Blvd,section A row 6 near entrance,Norfolk,VA,23502,,888-758-4389,E,,Public,24 hours daily,,,,,,1,,,ChargePoint Network,https://www.chargepoint.com,GPS,36.875928,-76.200585,2026-06-09,252853,2026-06-09 02:31:25 UTC,,,,2023-02-01,,,,,J1772,US,,,,Public,,public,,,,,,,,,,,,,,,,,,,,false,,,,,,,,,false,
ELEC,Sheetz - Tesla Supercharger,8533 Jefferson Davis Hwy,,Fredericksburg,VA,22407,,877-798-3752,E,,Public,24 hours daily. Please check Tesla's online station map to see if an adapter is required at this location.,A D Debit M V,,,,,,7,,Tesla,https://www.tesla.com/supercharger,GPS,38.19418,-77.50749,2024-07-01,253278,2025-02-12 00:16:32 UTC,P,,,2023-01-31,,,,,TESLA,US,,,,Public,,public,,,GAS_STATION,,,,,,,,,,,,,,,,,false,,,,,,,,LD,false,
ELEC,675 Peter Jefferson Parkway # 1,675 Peter Jefferson Parkway # 1,,Charlottesville,VA,22911,,888-356-8911,E,,Public,24 hours daily,,,,,,2,,,FLO,https://www.flo.com,GPS,38.0241252,-78.4372255,2026-06-09,253362,2026-06-09 03:51:39 UTC,,,,2023-02-04,,,,,J1772,US,,,,Public,,public,,,,,,,,,,,,,,,,,,,,false,,,,,,,,,false,
ELEC,FAIRFAX COUNTY LORTON COM 3,9520 Richmond Hwy,,Lorton,VA,22079,,888-758-4389,E,,Public,24 hours daily,,,,,,1,,,ChargePoint Network,https://www.chargepoint.com,GPS,38.698727,-77.213827,2026-06-09,254058,2026-06-09 02:49:18 UTC,,,,2023-02-15,,,,,J1772,US,,,,Public,,public,,,,,,,,,,,,,,,,,,,,false,,,,,,,,,false,
ELEC,Sustain Abingdon,Depot Square SW,,Abingdon,VA,24210,,276-258-7261,E,,Public - Credit card at all times,24 hours daily,A D Debit M V,,,,,,1,,Non-Networked,,GPS,36.7080249381651,-81.9804221592451,2026-01-13,254090,2026-02-02 23:16:24 UTC,P,,,2023-02-13,,,,,CHADEMO J1772COMBO,US,,,,Public - Carte de crédit en tout temps,,public,CREDIT_CARD_ALWAYS,,STREET_PARKING,,,,,,,,,,,,,,,,,false,,,,,,,,LD,false,
ELEC,SHNN STATION 1,12872 Jefferson Ave,,Newport News,VA,23608,,888-758-4389,E,,Public,24 hours daily,,,,,,,1,,ChargePoint Network,https://www.chargepoint.com,GPS,37.14599,-76.525216,2026-06-09,254268,2026-06-09 02:32:15 UTC,,,,2023-02-20,,,,,CHADEMO J1772COMBO,US,,,,Public,,public,,,,,,,,,,,,,,,,,,,,false,,,,,,,,,false,
ELEC,SHNN STATION 2,12872 Jefferson Ave,,Newport News,VA,23608,,888-758-4389,E,,Public,24 hours daily,,,,,,,1,,ChargePoint Network,https://www.chargepoint.com,GPS,37.145939,-76.525233,2026-06-09,254276,2026-06-09 02:49:26 UTC,,,,2023-02-20,,,,,CHADEMO J1772COMBO,US,,,,Public,,public,,,,,,,,,,,,,,,,,,,,false,,,,,,,,,false,
ELEC,LYNCHBURG MAZDA OUTSIDE,18576 Forest Rd,Parking Lot,Forest,VA,24551,,888-758-4389,E,,Public,24 hours daily,,,,,,2,,,ChargePoint Network,https://www.chargepoint.com,GPS,37.385282,-79.245051,2026-06-09,254363,2026-06-09 02:49:34 UTC,,,,2023-02-22,,,,,J1772,US,,,,Public,,public,,,,,,,,,,,,,,,,,,,,false,,,,,,,,,false,
ELEC,FAIRFAX COUNTY SULLY COM 2,13800 Wall Rd,,Herndon,VA,20171,,888-758-4389,E,,Public,24 hours daily,,,,,,2,,,ChargePoint Network,https://www.chargepoint.com,GPS,38.917862,-77.423972,2026-06-09,254420,2026-06-09 02:36:47 UTC,,,,2023-02-23,,,,,J1772,US,,,,Public,,public,,,,,,,,,,,,,,,,,,,,false,,,,,,,,,false,
ELEC,Loudoun Tech,21400 Ridgetop Circle,,Sterling,VA,20166,,888-998-2546,E,,Public,24 hours daily,,,,,,4,,,Blink Network,https://blinkcharging.com,GPS,39.030653,-77.4103981,2026-06-09,255167,2026-06-09 00:40:26 UTC,,,,2022-12-15,,,,,J1772,US,,,,Public,,public,,,,,,,,,,,,,,,,,,,,false,,,,,,,,,false,
ELEC,Meridian Harbourview Apartments,"7190 Harbour Towne Parkway, South",,Suffolk,VA,23435,,888-998-2546,E,,Public,24 hours daily,,,,,,4,,,Blink Network,https://blinkcharging.com,GPS,36.8669737,-76.4370793,2026-06-09,255188,2026-06-09 00:40:16 UTC,,,,2022-05-17,,,,,J1772,US,,,,Public,,public,,,,,,,,,,,,,,,,,,,,false,,,,,,,,,false,
ELEC,Hartland Greeting House,23244 Lansing Woods Lane,,Aldie,VA,20105,,888-998-2546,E,,Public,24 hours daily,,,,,,2,,,Blink Network,https://blinkcharging.com,GPS,38.973565,-77.566872,2026-06-09,255290,2026-06-09 00:42:09 UTC,,,,2021-07-26,,,,,J1772,US,,,,Public,,public,,,,,,,,,,,,,,,,,,,,false,,,,,,,,,false,
ELEC,ARLINGTON CO. AMCC 1,909 S Dinwiddie St,B2 of the community center garage,Arlington,VA,22204,,888-758-4389,E,,Public,24 hours daily,,,,,,2,,,ChargePoint Network,https://www.chargepoint.com,GPS,38.856791,-77.112017,2026-06-09,256156,2026-06-09 02:12:31 UTC,,,,2023-03-10,,,,,J1772,US,,,,Public,,public,,,,,,,,,,,,,,,,,,,,false,,,,,,,,,false,
ELEC,DASH IN DASH IN-4,805 E Parham Rd,,Richmond,VA,23227,,888-758-4389,E,,Public,24 hours daily,,,,,,,1,,ChargePoint Network,https://www.chargepoint.com,GPS,37.634854,-77.456026,2026-06-09,256182,2026-06-09 02:50:14 UTC,,,,2023-03-10,,,,,CHADEMO J1772COMBO,US,,,,Public,,public,,,,,,,,,,,,,,,,,,,,false,,,,,,,,,false,
ELEC,DASH IN DASH IN-1,805 VA-73,,Richmond,VA,23227,,888-758-4389,E,,Public,24 hours daily,,,,,,,1,,ChargePoint Network,https://www.chargepoint.com,GPS,37.634693,-77.456115,2026-06-09,256183,2026-06-09 02:50:15 UTC,,,,2023-03-10,,,,,CHADEMO J1772COMBO,US,,,,Public,,public,,,,,,,,,,,,,,,,,,,,false,,,,,,,,,false,
ELEC,DASH IN DASH IN-3,805 VA-73,,Richmond,VA,23227,,888-758-4389,E,,Public,24 hours daily,,,,,,,1,,ChargePoint Network,https://www.chargepoint.com,GPS,37.634837,-77.456058,2026-06-09,256184,2026-06-09 02:50:15 UTC,,,,2023-03-10,,,,,CHADEMO J1772COMBO,US,,,,Public,,public,,,,,,,,,,,,,,,,,,,,false,,,,,,,,,false,
ELEC,DASH IN DASH IN-2,805 VA-73,,Richmond,VA,23227,,888-758-4389,E,,Public,24 hours daily,,,,,,,1,,ChargePoint Network,https://www.chargepoint.com,GPS,37.634854,-77.456112,2026-06-09,256185,2026-06-09 02:50:15 UTC,,,,2023-03-10,,,,,CHADEMO J1772COMBO,US,,,,Public,,public,,,,,,,,,,,,,,,,,,,,false,,,,,,,,,false,
ELEC,WINDSORMEADE CP1,3900 Windsor Hall Dr,Wellness Center,Williamsburg,VA,23188,,888-758-4389,E,,Public,24 hours daily,,,,,,2,,,ChargePoint Network,https://www.chargepoint.com,GPS,37.278681,-76.761555,2026-06-09,256285,2026-06-09 02:50:44 UTC,,,,2023-03-14,,,,,J1772,US,,,,Public,,public,,,,,,,,,,,,,,,,,,,,false,,,,,,,,,false,
ELEC,"KBR - Chantilly, VA",15020 Conference Center Drive,,Chantilly,VA,20151,,888-998-2546,E,,Public,24 hours daily,,,,,,4,,,Blink Network,https://blinkcharging.com,GPS,38.8779573,-77.466343,2026-06-09,256836,2026-06-09 01:01:00 UTC,,,,2021-02-05,,,,,J1772,US,,,,Public,,public,,,,,,,,,,,,,,,,,,,,false,,,,,,,,,false,
ELEC,Tabb Library,100 Long Green Boulevard,,Yorktown,VA,23693,,888-998-2546,E,,Public,Mon: 7:00am-9:00pm; Tue: 7:00am-9:00pm; Wed: 7:00am-9:00pm; Thu: 7:00am-9:00pm; Fri: 7:00am-9:00pm; Sat: 7:00am-9:00pm; Sun: 7:00am-9:00pm,,,,,,2,,,Blink Network,https://blinkcharging.com,GPS,37.1136601,-76.4462763,2026-06-09,256838,2026-06-09 00:43:47 UTC,,,,2022-11-12,,,,,J1772,US,,,,Public,,public,,,,,,,,,,,,,,,,,,,,false,,,,,,,,,false,
ELEC,Wawa - Tesla Supercharger,720  London Blvd,,Portsmouth,VA,23704,,877-798-3752,E,,Public,24 hours daily. Please check Tesla's online station map to see if an adapter is required at this location.,A D Debit M V,,,,,,8,,Tesla,https://www.tesla.com/supercharger,GPS,36.83745,-76.3057,2024-07-01,257000,2025-02-12 00:16:32 UTC,P,,,2023-03-16,,,,,TESLA,US,,,,Public,,public,,,GAS_STATION,,,,,,,,,,,,,,,,,false,,,,,,,,LD,false,
ELEC,CROZET ELEM CROZET 2,1407 State Rte 810,Left side of the parking lot if facing the school.,Crozet,VA,22932,,888-758-4389,E,,Public,24 hours daily,,,,,,2,,,ChargePoint Network,https://www.chargepoint.com,GPS,38.075127,-78.69799,2026-06-09,257080,2026-06-09 02:46:31 UTC,,,,2023-03-25,,,,,J1772,US,,,,Public,,public,,,,,,,,,,,,,,,,,,,,false,,,,,,,,,false,
ELEC,CROZET ELEM CROZET 1,1407 Crozet Ave,Left side of parking lot if facing the school.,Crozet,VA,22932,,888-758-4389,E,,Public,24 hours daily,,,,,,2,,,ChargePoint Network,https://www.chargepoint.com,GPS,38.075123,-78.69792,2026-06-09,257081,2026-06-09 02:46:32 UTC,,,,2023-03-25,,,,,J1772,US,,,,Public,,public,,,,,,,,,,,,,,,,,,,,false,,,,,,,,,false,
ELEC,Target Williamsburg #T1161,4630 Monticello Ave,,Williamsburg,VA,23188,,877-455-3833,E,,Public,24 hours daily,,,,,,,4,,eVgo Network,https://www.evgo.com,GPS,37.2704408,-76.7603772,2026-06-08,257153,2026-06-09 00:00:48 UTC,,,,2023-03-27,,,,,CHADEMO J1772COMBO,US,,,,Public,,public,,,,,,,,,,,,,,,,,,,,false,,,,,,,,,false,
ELEC,Virginia Museum of Natural History,21 Starling Ave,,Martinsville,VA,24112,,276-634-4141,E,,Public,10am-4pm T-Sat,CREDIT,,,,,6,,,Non-Networked,,200-8,36.68722,-79.86441,2025-11-13,257381,2026-02-02 23:16:24 UTC,SG,,,2023-03-27,,,,,J1772,US,,,,Public,,public,,,MUSEUM,,,,,,,Free,,,,,,,,,,false,,,,,,,,LD,false,
ELEC,Hilton Fairfax,12777 Fair Lakes Circles,,Fairfax,VA,22033,,888-998-2546,E,,Public,24 hours daily,,,,,,2,,,Blink Network,https://blinkcharging.com,GPS,38.85743,-77.386439,2026-06-09,257403,2026-06-09 00:12:55 UTC,,,,2022-10-21,,,,,J1772,US,,,,Public,,public,,,,,,,,,,,,,,,,,,,,false,,,,,,,,,false,
ELEC,Sheetz - Tesla Supercharger,600 E Nelson St,,Lexington,VA,24450,,877-798-3752,E,,Public,24 hours daily. Please check Tesla's online station map to see if an adapter is required at this location.,A D Debit M V,,,,,,8,,Tesla,https://www.tesla.com/supercharger,GPS,37.77853,-79.43408,2024-07-01,257669,2025-02-12 00:16:32 UTC,P,,,2023-03-30,,,,,TESLA,US,,,,Public,,public,,,GAS_STATION,,,,,,,,,,,,,,,,,false,,,,,,,,LD,false,
ELEC,HOME2 SUITES EV HOME2 SUITESEV,420 Fort Evans Rd NE,,Leesburg,VA,20176,,888-758-4389,E,,Public,24 hours daily,,,,,,2,,,ChargePoint Network,https://www.chargepoint.com,GPS,39.108278,-77.532044,2026-06-09,258953,2026-06-09 02:51:02 UTC,,,,2023-04-11,,,,,J1772,US,,,,Public,,public,,,,,,,,,,,,,,,,,,,,false,,,,,,,,,false,
ELEC,WS CHARGER APL WS 3.1,44795 Audubon Square,,Ashburn,VA,20147,,888-758-4389,E,,Public,24 hours daily,,,,,,2,,,ChargePoint Network,https://www.chargepoint.com,GPS,39.032596,-77.452113,2026-06-09,259338,2026-06-09 02:51:59 UTC,,,,2023-04-14,,,,,J1772,US,,,,Public,,public,,,,,,,,,,,,,,,,,,,,false,,,,,,,,,false,
ELEC,THE MILTON STATION 12,1446 S Grant St,Level B2,Arlington,VA,22202,,888-758-4389,E,,Public,24 hours daily,,,,,,2,,,ChargePoint Network,https://www.chargepoint.com,GPS,38.860536,-77.058393,2026-06-09,259826,2026-06-09 02:51:20 UTC,,,,2023-04-25,,,,,J1772,US,,,,Public,,public,,,,,,,,,,,,,,,,,,,,false,,,,,,,,,false,
ELEC,THE MILTON STATION 13,1446 S Grant St,Level B2,Arlington,VA,22202,,888-758-4389,E,,Public,24 hours daily,,,,,,2,,,ChargePoint Network,https://www.chargepoint.com,GPS,38.860621,-77.058401,2026-06-09,259827,2026-06-09 02:51:20 UTC,,,,2023-04-25,,,,,J1772,US,,,,Public,,public,,,,,,,,,,,,,,,,,,,,false,,,,,,,,,false,
ELEC,THE MILTON STATION 16,1446 S Grant St,Level B3,Arlington,VA,22202,,888-758-4389,E,,Public,24 hours daily,,,,,,2,,,ChargePoint Network,https://www.chargepoint.com,GPS,38.860623,-77.058375,2026-06-09,259828,2026-06-09 02:51:34 UTC,,,,2023-04-25,,,,,J1772,US,,,,Public,,public,,,,,,,,,,,,,,,,,,,,false,,,,,,,,,false,
ELEC,THE MILTON STATION 15,1446 S Grant St,Level B3,Arlington,VA,22202,,888-758-4389,E,,Public,24 hours daily,,,,,,2,,,ChargePoint Network,https://www.chargepoint.com,GPS,38.860623,-77.058367,2026-06-09,259829,2026-06-09 02:51:34 UTC,,,,2023-04-25,,,,,J1772,US,,,,Public,,public,,,,,,,,,,,,,,,,,,,,false,,,,,,,,,false,
ELEC,Hampton Inn Tappahannock,1003 Hobbs Hole Drive,,Tappahannock,VA,22560,,888-998-2546,E,,Public,24 hours daily,,,,,,2,,,Blink Network,https://blinkcharging.com,GPS,37.909652,-76.861541,2026-06-09,259869,2026-06-09 01:02:43 UTC,,,,2023-04-25,,,,,J1772,US,,,,Public,,public,,,,,,,,,,,,,,,,,,,,false,,,,,,,,,false,
ELEC,LOUDOUN METRO STATION 33,22505 Lockridge Rd,,Sterling,VA,20166,,888-758-4389,E,,Public,"Mon: 12:00am-1:00am, 4:00am-11:59pm; Tue: 12:00am-1:00am, 4:00am-11:59pm; Wed: 12:00am-1:00am, 4:00am-11:59pm; Thu: 12:00am-1:00am, 4:00am-11:59pm; Fri: 12:00am-1:00am, 4:00am-11:59pm; Sat: 12:00am-1:00am, 4:00am-11:59pm; Sun: 12:00am-1:00am, 4:00am-11:59pm",,,,,,2,,,ChargePoint Network,https://www.chargepoint.com,GPS,38.993098,-77.458767,2026-06-09,259874,2026-06-09 01:43:06 UTC,,,,2023-04-26,,,,,J1772,US,,,,Public,,public,,,,,,,,,,,,,,,,,,,,false,,,,,,,,,false,
ELEC,LOUDOUN METRO STATION 34,22495 Lockridge Rd,,Sterling,VA,20166,,888-758-4389,E,,Public,"Mon: 12:00am-1:00am, 4:00am-11:59pm; Tue: 12:00am-1:00am, 4:00am-11:59pm; Wed: 12:00am-1:00am, 4:00am-11:59pm; Thu: 12:00am-1:00am, 4:00am-11:59pm; Fri: 12:00am-1:00am, 4:00am-11:59pm; Sat: 12:00am-1:00am, 4:00am-11:59pm; Sun: 12:00am-1:00am, 4:00am-11:59pm",,,,,,2,,,ChargePoint Network,https://www.chargepoint.com,GPS,38.992975,-77.458646,2026-06-09,259875,2026-06-09 01:43:06 UTC,,,,2023-04-26,,,,,J1772,US,,,,Public,,public,,,,,,,,,,,,,,,,,,,,false,,,,,,,,,false,
ELEC,LOUDOUN METRO STATION 32,22505 Lockridge Rd,,Sterling,VA,20166,,888-758-4389,E,,Public,"Mon: 12:00am-1:00am, 4:00am-11:59pm; Tue: 12:00am-1:00am, 4:00am-11:59pm; Wed: 12:00am-1:00am, 4:00am-11:59pm; Thu: 12:00am-1:00am, 4:00am-11:59pm; Fri: 12:00am-1:00am, 4:00am-11:59pm; Sat: 12:00am-1:00am, 4:00am-11:59pm; Sun: 12:00am-1:00am, 4:00am-11:59pm",,,,,,2,,,ChargePoint Network,https://www.chargepoint.com,GPS,38.992572,-77.456991,2026-06-09,259876,2026-06-09 01:43:06 UTC,,,,2023-04-26,,,,,J1772,US,,,,Public,,public,,,,,,,,,,,,,,,,,,,,false,,,,,,,,,false,
ELEC,THE MILTON STATION 14,1446 S Grant St,Level B3,Arlington,VA,22202,,888-758-4389,E,,Public,24 hours daily,,,,,,2,,,ChargePoint Network,https://www.chargepoint.com,GPS,38.86064,-77.058313,2026-06-09,259888,2026-06-09 02:51:35 UTC,,,,2023-04-26,,,,,J1772,US,,,,Public,,public,,,,,,,,,,,,,,,,,,,,false,,,,,,,,,false,
ELEC,Tru by Hilton - Harrisonburg,111 Pleasant Valley Rd,,Harrisonburg,VA,22801,,866-350-2738,E,,Public - Credit card at all times,24 hours daily,A CREDIT D M V,,,,,1,,,UNIVERSAL,https://universalevcharging.com,GPS,38.4051548,-78.90633,2023-05-03,259921,2025-12-17 18:19:35 UTC,P,,,2023-04-24,,,,,J1772,US,,,,Public - Carte de crédit en tout temps,,public,CREDIT_CARD_ALWAYS,,HOTEL,,,,,,,,,,,,,,,,,false,,,,,,,,MD,false,
ELEC,"Circle K - Wytheville, VA",2622 E Lee Hwy,,Wytheville,VA,24382,,833-505-2291,E,,Public - Credit card at all times,24 hours daily,A D Debit M V,,,,,,4,,CIRCLE_K,https://www.circlek.com/charge,GPS,36.9468204177019,-80.9504125516018,2023-05-03,259997,2024-01-31 22:07:01 UTC,P,,,2023-04-27,,,,,J1772COMBO,US,,,,Public - Carte de crédit en tout temps,,public,CREDIT_CARD_ALWAYS,,GAS_STATION,,,,,,,,,,,,,,,,,false,,,,,,,,LD,false,
ELEC,Robert Woodall Cadillac,1063 RIVERSIDE DR,,DANVILLE,VA,24540,,866-816-7584,E,,Public,24 hours daily,,,,,,,2,,EV Connect,https://www.evconnect.com,GPS,36.595688,-79.399937,2026-06-09,260137,2026-06-09 03:30:05 UTC,,,,2023-04-29,,,,,J1772COMBO,US,,,,Public,,public,,,,,,,,,,,,,,,,,,,,false,,,,,,,,,false,
ELEC,VIRIDIUM SURFACE_1,1000 Annapolis Way,,Woodbridge,VA,22191,,888-758-4389,E,,Public,Mon: 9:00am-6:00pm; Tue: 9:00am-6:00pm; Wed: 9:00am-6:00pm; Thu: 9:00am-6:00pm; Fri: 9:00am-6:00pm; Sat: 9:00am-6:00pm; Sun: 9:00am-6:00pm,,,,,,1,,,ChargePoint Network,https://www.chargepoint.com,GPS,38.667215,-77.245609,2026-06-09,260171,2026-06-09 02:43:28 UTC,,,,2023-05-02,,,,,J1772,US,,,,Public,,public,,,,,,,,,,,,,,,,,,,,false,,,,,,,,,false,
ELEC,THE MILTON STATION 10,1446 S Grant St,Level B2,Arlington,VA,22202,,888-758-4389,E,,Public,24 hours daily,,,,,,2,,,ChargePoint Network,https://www.chargepoint.com,GPS,38.860511,-77.058415,2026-06-09,260185,2026-06-09 02:52:45 UTC,,,,2023-05-02,,,,,J1772,US,,,,Public,,public,,,,,,,,,,,,,,,,,,,,false,,,,,,,,,false,
ELEC,Wawa - Tesla Supercharger,1579 Lynnhaven Pkwy,,Virginia Beach,VA,23453,,877-798-3752,E,,Public,24 hours daily. Please check Tesla's online station map to see if an adapter is required at this location.,A D Debit M V,,,,,,8,,Tesla,https://www.tesla.com/supercharger,GPS,36.7959,-76.10194,2024-07-01,260347,2025-02-12 00:16:32 UTC,P,,,2023-05-04,,,,,TESLA,US,,,,Public,,public,,,GAS_STATION,,,,,,,,,,,,,,,,,false,,,,,,,,LD,false,
ELEC,THE MILTON STATION 01,1446 S Grant St,Level B1,Arlington,VA,22202,,888-758-4389,E,,Public,24 hours daily,,,,,,2,,,ChargePoint Network,https://www.chargepoint.com,GPS,38.86049,-77.058428,2026-06-09,260396,2026-06-09 02:52:41 UTC,,,,2023-05-06,,,,,J1772,US,,,,Public,,public,,,,,,,,,,,,,,,,,,,,false,,,,,,,,,false,
ELEC,THE MILTON STATION 03,1446 S Grant St,Level B1,Arlington,VA,22202,,888-758-4389,E,,Public,24 hours daily,,,,,,2,,,ChargePoint Network,https://www.chargepoint.com,GPS,38.860494,-77.058307,2026-06-09,260397,2026-06-09 02:52:42 UTC,,,,2023-05-06,,,,,J1772,US,,,,Public,,public,,,,,,,,,,,,,,,,,,,,false,,,,,,,,,false,
ELEC,THE MILTON STATION 04,1446 S Grant St,Level B1,Arlington,VA,22202,,888-758-4389,E,,Public,24 hours daily,,,,,,2,,,ChargePoint Network,https://www.chargepoint.com,GPS,38.860525,-77.058313,2026-06-09,260398,2026-06-09 02:52:42 UTC,,,,2023-05-06,,,,,J1772,US,,,,Public,,public,,,,,,,,,,,,,,,,,,,,false,,,,,,,,,false,
ELEC,THE MILTON STATION 09,1446 S Grant St,Level B1,Arlington,VA,22202,,888-758-4389,E,,Public,24 hours daily,,,,,,2,,,ChargePoint Network,https://www.chargepoint.com,GPS,38.860623,-77.058238,2026-06-09,260492,2026-06-09 02:52:44 UTC,,,,2023-05-09,,,,,J1772,US,,,,Public,,public,,,,,,,,,,,,,,,,,,,,false,,,,,,,,,false,
ELEC,The Building LLC,850 W Market St,,Harrisonburg,VA,22802,,804-539-9425,E,,Public,24 hours daily,Cash Checks,,,,,1,,,Non-Networked,,GPS,38.45199782055858,-78.88220675182579,2024-11-06,260518,2025-02-12 00:16:32 UTC,P,,,2023-01-23,,,,,J1772,US,,,,Public,,public,,,OFFICE_BLDG,,,,,,,"$1 per hour, donation box",,,,,,,,,SOLAR,false,,,,,,,,LD,true,
ELEC,Appian,7950 Jones Branch Drive,,Tysons,VA,22102,,888-998-2546,E,,Public,24 hours daily,,,,,,6,,,Blink Network,https://blinkcharging.com,GPS,38.932132,-77.218807,2026-06-09,260605,2026-06-09 00:47:10 UTC,,,,2023-04-12,,,,,J1772,US,,,,Public,,public,,,,,,,,,,,,,,,,,,,,false,,,,,,,,,false,
ELEC,CITYOFMANASSAS COMMUNITY CTR,8750 Sudley Rd,,Manassas,VA,20110,,888-758-4389,E,,Public,24 hours daily,,,,,,2,,,ChargePoint Network,https://www.chargepoint.com,GPS,38.76594,-77.48314,2026-06-09,260634,2026-06-09 02:27:43 UTC,,,,2023-05-11,,,,,J1772,US,,,,Public,,public,,,,,,,,,,,,,,,,,,,,false,,,,,,,,,false,
ELEC,VCU I DECK 3,900 N 7th St,Inside I Deck garage on Level 1 to the right as you enter from 7th Street - Subscribers Only,Richmond,VA,23219,,888-758-4389,E,,Public,24 hours daily,,,,,,2,,,ChargePoint Network,https://www.chargepoint.com,GPS,37.548771,-77.429337,2026-06-09,260648,2026-06-09 02:53:53 UTC,,,,2023-05-11,,,,,J1772,US,,,,Public,,public,,,,,,,,,,,,,,,,,,,,false,,,,,,,,,false,
ELEC,VCU I DECK 2,900 N 7th St,Inside I Deck garage on Level 1 to the right as you enter from 7th Street - Subscribers Only,Richmond,VA,23219,,888-758-4389,E,,Public,24 hours daily,,,,,,2,,,ChargePoint Network,https://www.chargepoint.com,GPS,37.548896,-77.429511,2026-06-09,260649,2026-06-09 02:53:53 UTC,,,,2023-05-11,,,,,J1772,US,,,,Public,,public,,,,,,,,,,,,,,,,,,,,false,,,,,,,,,false,
ELEC,VCU I DECK 1,900 N 7th St,Inside I Deck garage on Level 1 to the right as you enter from 7th Street - Subscribers Only,Richmond,VA,23219,,888-758-4389,E,,Public,24 hours daily,,,,,,2,,,ChargePoint Network,https://www.chargepoint.com,GPS,37.548928,-77.429553,2026-06-09,260650,2026-06-09 02:53:53 UTC,,,,2023-05-11,,,,,J1772,US,,,,Public,,public,,,,,,,,,,,,,,,,,,,,false,,,,,,,,,false,
ELEC,KOONS HYUNDAI STATION 1,1880 Opitz Blvd,Behind the Showroom,Woodbridge,VA,22191,,888-758-4389,E,,Public,24 hours daily,,,,,,,1,,ChargePoint Network,https://www.chargepoint.com,GPS,38.635215,-77.271624,2026-06-09,260655,2026-06-09 02:53:57 UTC,,,,2023-05-11,,,,,CHADEMO J1772COMBO,US,,,,Public,,public,,,,,,,,,,,,,,,,,,,,false,,,,,,,,,false,
ELEC,THE MILTON STATION 02,1446 S Grant St,Level B1,Arlington,VA,22202,,888-758-4389,E,,Public,24 hours daily,,,,,,2,,,ChargePoint Network,https://www.chargepoint.com,GPS,38.860483,-77.058345,2026-06-09,260714,2026-06-09 02:52:41 UTC,,,,2023-05-12,,,,,J1772,US,,,,Public,,public,,,,,,,,,,,,,,,,,,,,false,,,,,,,,,false,
ELEC,THE MILTON STATION 05,1446 S Grant St,Level B1,Arlington,VA,22202,,888-758-4389,E,,Public,24 hours daily,,,,,,2,,,ChargePoint Network,https://www.chargepoint.com,GPS,38.860615,-77.058278,2026-06-09,260715,2026-06-09 02:52:44 UTC,,,,2023-05-12,,,,,J1772,US,,,,Public,,public,,,,,,,,,,,,,,,,,,,,false,,,,,,,,,false,
ELEC,THE MILTON STATION 06,1446 S Grant St,Level B1,Arlington,VA,22202,,888-758-4389,E,,Public,24 hours daily,,,,,,2,,,ChargePoint Network,https://www.chargepoint.com,GPS,38.860628,-77.058281,2026-06-09,260716,2026-06-09 02:52:44 UTC,,,,2023-05-12,,,,,J1772,US,,,,Public,,public,,,,,,,,,,,,,,,,,,,,false,,,,,,,,,false,
ELEC,THE MILTON STATION 08,1446 S Grant St,Level B1,Arlington,VA,22202,,888-758-4389,E,,Public,24 hours daily,,,,,,2,,,ChargePoint Network,https://www.chargepoint.com,GPS,38.860481,-77.058458,2026-06-09,260791,2026-06-09 02:52:44 UTC,,,,2023-05-13,,,,,J1772,US,,,,Public,,public,,,,,,,,,,,,,,,,,,,,false,,,,,,,,,false,
ELEC,THE MILTON STATION 11,1446 S Grant St,Level B2,Arlington,VA,22202,,888-758-4389,E,,Public,24 hours daily,,,,,,2,,,ChargePoint Network,https://www.chargepoint.com,GPS,38.860534,-77.058412,2026-06-09,260792,2026-06-09 02:52:45 UTC,,,,2023-05-13,,,,,J1772,US,,,,Public,,public,,,,,,,,,,,,,,,,,,,,false,,,,,,,,,false,
ELEC,THE MILTON STATION 07,1446 S Grant St,,Arlington,VA,22202,,888-758-4389,E,,Public,24 hours daily,,,,,,2,,,ChargePoint Network,https://www.chargepoint.com,GPS,38.860724,-77.058347,2026-06-09,260921,2026-06-09 02:54:01 UTC,,,,2023-05-17,,,,,J1772,US,,,,Public,,public,,,,,,,,,,,,,,,,,,,,false,,,,,,,,,false,
ELEC,FAIRFAX COUNTY HERNDON METRO11,12530 Sunrise Valley Dr,Parking garage level 3 Metro daily parking fee M-F $4.95 Parking is free on weekends and federal holidays..,Herndon,VA,20191,,888-758-4389,E,,Public,24 hours daily,,,,,,1,,,ChargePoint Network,https://www.chargepoint.com,GPS,38.951137,-77.383364,2026-06-09,261278,2026-06-09 02:53:49 UTC,,,,2023-05-24,,,,,J1772,US,,,,Public,,public,,,,,,,,,,,,,,,,,,,,false,,,,,,,,,false,
ELEC,FAIRFAX COUNTY HERNDON METRO 6,12530 Sunrise Valley Dr,Parking garage level 3 Metro daily parking fee M-F $4.95 Parking is free on weekends and federal holidays..,Herndon,VA,20191,,888-758-4389,E,,Public,24 hours daily,,,,,,2,,,ChargePoint Network,https://www.chargepoint.com,GPS,38.951327,-77.383392,2026-06-09,261345,2026-06-09 02:53:49 UTC,,,,2023-05-25,,,,,J1772,US,,,,Public,,public,,,,,,,,,,,,,,,,,,,,false,,,,,,,,,false,
ELEC,FAIRFAX COUNTY HERNDON METRO10,12530 Sunrise Valley Dr,Parking garage level 3 Metro daily parking fee M-F $4.95 Parking is free on weekends and federal holidays..,Herndon,VA,20191,,888-758-4389,E,,Public,24 hours daily,,,,,,2,,,ChargePoint Network,https://www.chargepoint.com,GPS,38.951238,-77.383363,2026-06-09,261346,2026-06-09 02:53:50 UTC,,,,2023-05-25,,,,,J1772,US,,,,Public,,public,,,,,,,,,,,,,,,,,,,,false,,,,,,,,,false,
ELEC,Comfort Inn - Tesla Supercharger,713 Oakland Cir,,Raphine,VA,24472,,877-798-3752,E,,Public,24 hours daily. Please check Tesla's online station map to see if an adapter is required at this location.,A D Debit M V,,,,,,8,,Tesla,https://www.tesla.com/supercharger,GPS,37.93026,-79.23448,2024-07-01,261461,2025-02-12 00:16:32 UTC,P,,,2023-05-25,,,,,TESLA,US,,,,Public,,public,,,HOTEL,,,,,,,,,,,,,,,,,false,,,,,,,,LD,false,
ELEC,PASS Workspaces,403 N Henry St,,Alexandria,VA,22314,,646-249-4298,E,,Public - Credit card at all times,Contact station for hours of availability,A ANDROID_PAY APPLE_PAY CREDIT D M,,,,,1,,,AMPUP,https://ampup.io,GPS,38.809215,-77.0503389,2023-06-12,262134,2024-01-31 22:07:01 UTC,P,,,2023-03-29,,,,,J1772,US,,,,Public - Carte de crédit en tout temps,,public,CREDIT_CARD_ALWAYS,,OFFICE_BLDG,,,,,,,,,,,,,,,,,false,,,,,,,,LD,true,
ELEC,Tombolo,Lost Ln,,Seven Fountains,VA,22652,,571-758-8465,E,,Public - Credit card at all times,Contact station for hours of availability,A ANDROID_PAY APPLE_PAY CREDIT D M,,,,,2,,,AMPUP,https://ampup.io,GPS,38.8464909,-78.4358897,2023-06-12,262135,2024-01-31 22:07:01 UTC,P,,,2023-04-28,,,,,J1772,US,,,,Public - Carte de crédit en tout temps,,public,CREDIT_CARD_ALWAYS,,,,,,,,,,,,,,,,,,,false,,,,,,,,LD,false,
ELEC,ARLINGTON CO. 1212 S IRVING,1212 S Irving St,,Arlington,VA,22204,,888-758-4389,E,,Public,24 hours daily,,,,,,1,,,ChargePoint Network,https://www.chargepoint.com,GPS,38.859364,-77.089966,2026-06-09,262600,2026-06-09 02:55:49 UTC,,,,2023-06-13,,,,,J1772,US,,,,Public,,public,,,,,,,,,,,,,,,,,,,,false,,,,,,,,,false,
ELEC,Jon Henry General Store,9383 North Congress Street,,New Market,VA,22844,,888-998-2546,E,,Public,24 hours daily,,,,,,7,,,Blink Network,https://blinkcharging.com,GPS,38.648487,-78.672177,2026-06-09,262707,2026-06-09 00:39:51 UTC,,,,2023-05-23,,,,,J1772,US,,,,Public,,public,,,,,,,,,,,,,,,,,,,,false,,,,,,,,,false,
ELEC,CHESHYUNDAI DC 1,3416 Western Branch Blvd,,Chesapeake,VA,23321,,888-758-4389,E,,Public,24 hours daily,,,,,,,1,,ChargePoint Network,https://www.chargepoint.com,GPS,36.865988,-76.418695,2026-06-09,262726,2026-06-09 02:33:54 UTC,,,,2023-06-15,,,,,CHADEMO J1772COMBO,US,,,,Public,,public,,,,,,,,,,,,,,,,,,,,false,,,,,,,,,false,
ELEC,CANOPY GP APTS CGP - 1,3200 Brook Rd,,Richmond,VA,23227,,888-758-4389,E,,Public,24 hours daily,,,,,,2,,,ChargePoint Network,https://www.chargepoint.com,GPS,37.577315,-77.451929,2026-06-09,262782,2026-06-09 02:48:26 UTC,,,,2023-06-16,,,,,J1772,US,,,,Public,,public,,,,,,,,,,,,,,,,,,,,false,,,,,,,,,false,
ELEC,"JBG Smith Burke Centre (Burke, VA)",5727 Burke Centre Pkwy,,Burke,VA,22015,,833-632-2778,E,,Public,24 hours daily,,,,,,,4,,Electrify America,https://www.electrifyamerica.com,GPS,38.79889,-77.32094,2026-06-09,279352,2026-06-09 03:19:54 UTC,,,,2023-06-22,,,,,J1772COMBO,US,,,,Public,,public,,,,,,,,,,,,,,,,,,,,false,,,,,,,,,false,
ELEC,"Target T1931 (Richmond, VA)",7107 Forest Hill Ave,,Richmond,VA,23225,,833-632-2778,E,,Public,24 hours daily,,,,,,,6,,Electrify America,https://www.electrifyamerica.com,GPS,37.53602,-77.528,2026-06-09,279406,2026-06-09 03:19:44 UTC,,,,2023-06-22,,,,,J1772COMBO,US,,,,Public,,public,,,,,,,,,,,,,,,,,,,,false,,,,,,,,,false,
ELEC,Martinsville Public Lot,50-98 Wall St,,Martinsville,VA,24112,,,E,,Public,24 hours daily,,,,,,6,,,Non-Networked,,200-8,36.69141,-79.87289,2025-12-12,302007,2026-02-02 23:16:24 UTC,P,,,2023-07-05,,,,,J1772,US,,,,Public,,public,,,PARKING_LOT,,,,,,,$0.45 per kWh,,,,,,,,,,false,,,,,,,,LD,false,
ELEC,Parking Garage at 1901 S Bell St,1901 S Bell St,Located on G2,Arlington,VA,22202,,703-842-2971,E,,Public,24 hours daily,,,,,,6,,,Non-Networked,,200-8,38.85647,-77.05073,2025-12-12,302090,2026-02-02 23:16:24 UTC,P,,,2023-07-06,,,,,J1772,US,,,,Public,,public,,,PARKING_GARAGE,,,,,,,Parking fee,,,,,,,,,NONE,false,,,,,,,,LD,false,
ELEC,Crystal City Shops at 1750,1750 Crystal Dr,,Arlington,VA,22202,,703-842-2971,E,,Public,24 hours daily,,,,,,6,,,Non-Networked,,200-8,38.85819,-77.04958,2025-11-13,302091,2026-02-02 23:16:24 UTC,P,,,2023-07-06,,,,,J1772,US,,,,Public,,public,,,PARKING_GARAGE,,,,,,,$0.35 per kWh; parking fee,,,,,,,,,NONE,false,,,,,,,,,false,
ELEC,JMU Stadium Parking Garage,280 Champions Dr,,Harrisonburg,VA,22807,,540-568-3300,E,,Public,24 hours daily; pay lot,,,,,,6,,,Non-Networked,,200-8,38.43498,-78.874,2025-12-12,302198,2026-02-02 23:16:24 UTC,P,,,2023-07-06,,,,,J1772,US,,,,Public,,public,,,PARKING_GARAGE,,,,,,,Free,,,,,,,,,,false,,,,,,,,LD,false,
ELEC,Tyson's Corner Center - Tesla Supercharger,1961 Chain Bridge Rd,,Tysons,VA,22102,,877-798-3752,E,,Public,24 hours daily. Please check Tesla's online station map to see if an adapter is required at this location.,A D Debit M V,,,,,,20,,Tesla,https://www.tesla.com/supercharger,GPS,38.91539,-77.22485,2024-07-01,302206,2025-02-12 00:16:32 UTC,P,,,2023-06-30,,,,,TESLA,US,,,,Public,,public,,,PARKING_GARAGE,,,,,,,,,,,,,,,,,false,,,,,,,,LD,false,
ELEC,METRO WALK HOA MWHOA1,22154 Springside Terr,Near Pool,Ashburn,VA,20148,,888-758-4389,E,,Public,24 hours daily,,,,,,2,,,ChargePoint Network,https://www.chargepoint.com,GPS,39.004204,-77.4982,2026-06-09,302871,2026-06-09 02:56:08 UTC,,,,2023-07-20,,,,,J1772,US,,,,Public,,public,,,,,,,,,,,,,,,,,,,,false,,,,,,,,,false,
ELEC,Rappahannock Library,1201 Caroline St,,Fredericksburg,VA,22401,,540-372-1144,E,,Public,During library hours,,,,,,,1,,Non-Networked,,200-8,38.30605,-77.46066,2025-11-13,303973,2026-02-02 23:16:24 UTC,LG,,,2023-05-01,,,,,CHADEMO J1772COMBO,US,,,,Public,,public,,,LIBRARY,,,,,,,Free,,,,,,,,,,false,,,,,,,,LD,false,
ELEC,Compass Creek - Tesla Supercharger,565 Compass Point Plz SE,,Leesburg,VA,20175,,877-798-3752,E,,Public,24 hours daily. Please check Tesla's online station map to see if an adapter is required at this location.,A D Debit M V,,,,,,8,,Tesla,https://www.tesla.com/supercharger,GPS,39.08262,-77.56327,2024-07-01,306846,2025-02-12 00:16:32 UTC,P,,,2023-08-10,,,,,TESLA,US,,,,Public,,public,,,GAS_STATION,,,,,,,,,,,,,,,,,false,,,,,,,,LD,false,
ELEC,MONTEBELLO5905 STATION2,5903 Mt Eagle Dr,Front,Alexandria,VA,22303,,888-758-4389,E,,Public,24 hours daily,,,,,,2,,,ChargePoint Network,https://www.chargepoint.com,GPS,38.7893,-77.068832,2026-06-09,306882,2026-06-09 02:42:51 UTC,,,,2023-08-12,,,,,J1772,US,,,,Public,,public,,,,,,,,,,,,,,,,,,,,false,,,,,,,,,false,
ELEC,MONTEBELLO5905 STATION1,5903 Mt Eagle Dr,Rear,Alexandria,VA,22303,,888-758-4389,E,,Public,24 hours daily,,,,,,2,,,ChargePoint Network,https://www.chargepoint.com,GPS,38.789301,-77.068808,2026-06-09,306883,2026-06-09 02:42:53 UTC,,,,2023-08-12,,,,,J1772,US,,,,Public,,public,,,,,,,,,,,,,,,,,,,,false,,,,,,,,,false,
ELEC,Sheetz Herndon #726,13850 McLearen Rd,,Herndon,VA,20171,,877-455-3833,E,,Public,24 hours daily,,,,,,,4,,eVgo Network,https://www.evgo.com,GPS,38.9298153,-77.4252079,2026-06-08,307763,2026-06-08 23:59:15 UTC,,,,2023-08-24,,,,,CHADEMO J1772COMBO,US,,,,Public,,public,,,,,,,,,,,,,,,,,,,,false,,,,,,,,,false,
ELEC,Sheetz - Tesla Supercharger,3353 Orange Ave NE,,Roanoke,VA,24012,,877-798-3752,E,,Public,24 hours daily. Please check Tesla's online station map to see if an adapter is required at this location.,A D Debit M V,,,,,,8,,Tesla,https://www.tesla.com/supercharger,GPS,37.29937,-79.89395,2024-07-01,307828,2025-02-12 00:16:32 UTC,P,,,2023-08-24,,,,,TESLA,US,,,,Public,,public,,,GAS_STATION,,,,,,,,,,,,,,,,,false,,,,,,,,LD,false,
ELEC,ROSSLYN METRO STATION 2,1700 N Moore St,G6 level in parking garage,Arlington,VA,22209,,888-758-4389,E,,Public,24 hours daily,,,,,,2,,,ChargePoint Network,https://www.chargepoint.com,GPS,38.895608,-77.0718,2026-06-09,308018,2026-06-09 02:54:43 UTC,,,,2023-08-29,,,,,J1772,US,,,,Public,,public,,,,,,,,,,,,,,,,,,,,false,,,,,,,,,false,
ELEC,ROSSLYN METRO STATION 1,1700 N Moore St,Parking garage level G6,Arlington,VA,22209,,888-758-4389,E,,Public,24 hours daily,,,,,,2,,,ChargePoint Network,https://www.chargepoint.com,GPS,38.895501,-77.072802,2026-06-09,308019,2026-06-09 02:54:44 UTC,,,,2023-08-29,,,,,J1772,US,,,,Public,,public,,,,,,,,,,,,,,,,,,,,false,,,,,,,,,false,
ELEC,PIEDMONT REALTY 4250 N FAIRFAX,4250 Fairfax Dr,P1 Level,Arlington,VA,22203,,888-758-4389,E,,Public,24 hours daily,,,,,,2,,,ChargePoint Network,https://www.chargepoint.com,GPS,38.881829,-77.112387,2026-06-09,308469,2026-06-09 03:00:30 UTC,,,,2023-09-02,,,,,J1772,US,,,,Public,,public,,,,,,,,,,,,,,,,,,,,false,,,,,,,,,false,
ELEC,MICROSOFT IAD02 #1,41720 Inclusion Lane,,Leesburg,VA,20175,,888-758-4389,E,,Public,24 hours daily,,,,,,2,,,ChargePoint Network,https://www.chargepoint.com,GPS,39.06788,-77.55954,2026-06-09,308689,2026-06-09 02:57:08 UTC,,,,2023-09-08,,,,,J1772,US,,,,Public,,public,,,,,,,,,,,,,,,,,,,,false,,,,,,,,,false,
ELEC,50250,15049 Conference Center Drive,,Chantilly,VA,20151,,888-998-2546,E,,Public,24 hours daily,,,,,,4,,,Blink Network,https://blinkcharging.com,GPS,38.88041,-77.456017,2026-06-09,308878,2026-06-09 00:05:33 UTC,,,,2017-06-15,,,,,J1772,US,,,,Public,,public,,,,,,,,,,,,,,,,,,,,false,,,,,,,,,false,
ELEC,Cortland Rosslyn,1788 North Pierce Street,,Arlington,VA,22209,,888-998-2546,E,,Public,24 hours daily,,,,,,14,,,Blink Network,https://blinkcharging.com,GPS,38.8946203,-77.076668,2026-06-09,308953,2026-06-09 00:35:12 UTC,,,,2021-03-10,,,,,J1772,US,,,,Public,,public,,,,,,,,,,,,,,,,,,,,false,,,,,,,,,false,
ELEC,WETA Parking Garage,3939 Campbell Avenue,,Arlington,VA,22206,,888-998-2546,E,,Public,24 hours daily,,,,,,6,,,Blink Network,https://blinkcharging.com,GPS,38.84170974740704,-77.08618281349213,2026-06-09,308971,2026-06-09 00:36:16 UTC,,,,2023-08-14,,,,,J1772,US,,,,Public,,public,,,,,,,,,,,,,,,,,,,,false,,,,,,,,,false,
ELEC,1660 International Drive,1660 International Drive,,McLean,VA,22102,,888-998-2546,E,,Public,24 hours daily,,,,,,2,,,Blink Network,https://blinkcharging.com,GPS,38.9250178,-77.230636,2026-06-09,309030,2026-06-09 00:36:47 UTC,,,,2022-03-07,,,,,J1772,US,,,,Public,,public,,,,,,,,,,,,,,,,,,,,false,,,,,,,,,false,
ELEC,Parking Garage,13530/13560 Dulles Technology Drive,,Herndon,VA,20171,,888-998-2546,E,,Public,24 hours daily,,,,,,2,,,Blink Network,https://blinkcharging.com,GPS,38.9535268,-77.4138058,2026-06-09,309040,2026-06-09 00:36:55 UTC,,,,2022-08-02,,,,,J1772,US,,,,Public,,public,,,,,,,,,,,,,,,,,,,,false,,,,,,,,,false,
ELEC,Bayside Ford - Consumer Row,17020 Consumer Row,,King George,VA,22485,,888-998-2546,E,,Public,24 hours daily,,,,,,3,,,Blink Network,https://blinkcharging.com,GPS,38.351811,-77.052124,2026-06-09,309078,2026-06-09 00:37:30 UTC,,,,2023-08-27,,,,,J1772,US,,,,Public,,public,,,,,,,,,,,,,,,,,,,,false,,,,,,,,,false,
ELEC,The Rylan,1768 Old Meadow Rd,,McLean,VA,22102,,888-998-2546,E,,Public,24 hours daily,,,,,,11,,,Blink Network,https://blinkcharging.com,GPS,38.9192435,-77.212784,2026-06-09,309202,2026-06-09 00:38:50 UTC,,,,2022-04-29,,,,,J1772,US,,,,Public,,public,,,,,,,,,,,,,,,,,,,,false,,,,,,,,,false,
ELEC,Herndon,13241 Woodland Park Road,,Herndon,VA,20171,,888-998-2546,E,,Public,24 hours daily,,,,,,6,,,Blink Network,https://blinkcharging.com,GPS,38.9523677,-77.4032321,2026-06-09,309330,2026-06-09 00:40:20 UTC,,,,2022-11-08,,,,,J1772,US,,,,Public,,public,,,,,,,,,,,,,,,,,,,,false,,,,,,,,,false,
ELEC,The Gallery at Godwin,3061 Godwin Boulevard,,Suffolk,VA,23434,,888-998-2546,E,,Public,24 hours daily,,,,,,2,,,Blink Network,https://blinkcharging.com,GPS,36.779490756171015,-76.58572854654952,2026-06-09,309380,2026-06-09 00:43:15 UTC,,,,2023-09-05,,,,,J1772,US,,,,Public,,public,,,,,,,,,,,,,,,,,,,,false,,,,,,,,,false,
ELEC,431704 - Avalon Potomac Yard,731 Seaton Avenue,,Alexandria,VA,22305,,888-998-2546,E,,Public,24 hours daily,,,,,,5,,,Blink Network,https://blinkcharging.com,GPS,38.8314661,-77.0484409,2026-06-09,309417,2026-06-09 00:14:29 UTC,,,,2019-02-07,,,,,J1772,US,,,,Public,,public,,,,,,,,,,,,,,,,,,,,false,,,,,,,,,false,
ELEC,"FSIC 3110 Fairview Park, LLC",3110 Fairview Park Drive,,Falls Church,VA,22042,,888-998-2546,E,,Public,Mon: 6:00am-7:00pm; Tue: 6:00am-7:00pm; Wed: 6:00am-7:00pm; Thu: 6:00am-7:00pm; Fri: 6:00am-7:00pm; Sat: 12:00am-12:00am; Sun: 12:00am-12:00am,,,,,,1,,,Blink Network,https://blinkcharging.com,GPS,38.8628771,-77.2170204,2026-06-09,309459,2026-06-09 00:43:33 UTC,,,,2022-06-18,,,,,J1772,US,,,,Public,,public,,,,,,,,,,,,,,,,,,,,false,,,,,,,,,false,
ELEC,Central Fleet Management,956 Greenbrier Parkway,,Chesapeake,VA,23320,,888-998-2546,E,,Public,24 hours daily,,,,,,2,,,Blink Network,https://blinkcharging.com,GPS,36.7561952,-76.2253025,2026-06-09,309515,2026-06-09 00:45:36 UTC,,,,2023-08-09,,,,,J1772,US,,,,Public,,public,,,,,,,,,,,,,,,,,,,,false,,,,,,,,,false,
ELEC,Gibson's Service Center 2,838 Village Boulevard,,Abingdon,VA,24210,,888-998-2546,E,,Public,24 hours daily,,,,,,2,,,Blink Network,https://blinkcharging.com,GPS,36.70717963185571,-81.99907884232614,2026-06-09,309643,2026-06-09 00:45:52 UTC,,,,2023-07-10,,,,,J1772,US,,,,Public,,public,,,,,,,,,,,,,,,,,,,,false,,,,,,,,,false,
ELEC,Townhomes at Graham Park c/o Theoharis Management LLC,3188 Ascent Road,,Falls Church,VA,22042,,888-998-2546,E,,Public,24 hours daily,,,,,,2,,,Blink Network,https://blinkcharging.com,GPS,38.86592772569159,-77.19922645784814,2026-06-09,309651,2026-06-09 00:20:31 UTC,,,,2023-07-12,,,,,J1772,US,,,,Public,,public,,,,,,,,,,,,,,,,,,,,false,,,,,,,,,false,
ELEC,G1 Ovation Garage,8231 Crestwood Heights Drive,,McLean,VA,22102,,888-998-2546,E,,Public,24 hours daily,,,,,,7,,,Blink Network,https://blinkcharging.com,GPS,38.9292208,-77.2292888,2026-06-09,309713,2026-06-09 00:19:43 UTC,,,,2022-06-17,,,,,J1772,US,,,,Public,,public,,,,,,,,,,,,,,,,,,,,false,,,,,,,,,false,
ELEC,13755 Sunrise,13755 Sunrise Valley Drive,,Herndon,VA,20171,,888-998-2546,E,,Public,24 hours daily,,,,,,2,,,Blink Network,https://blinkcharging.com,GPS,38.960263333765106,-77.42082553175098,2026-06-09,309854,2026-06-09 00:26:09 UTC,,,,2023-08-18,,,,,J1772,US,,,,Public,,public,,,,,,,,,,,,,,,,,,,,false,,,,,,,,,false,
ELEC,Monarch Condominium - P2 Level,7887 Jones Branch Drive,,McLean,VA,22102,,888-998-2546,E,,Public,24 hours daily,,,,,,9,,,Blink Network,https://blinkcharging.com,GPS,38.931438,-77.219997,2026-06-09,309935,2026-06-09 00:52:56 UTC,,,,2023-07-31,,,,,J1772,US,,,,Public,,public,,,,,,,,,,,,,,,,,,,,false,,,,,,,,,false,
ELEC,Greensboro Corporate Center,8401 Greensboro Drive-P3,,McLean,VA,22102,,888-998-2546,E,,Public,24 hours daily,,,,,,2,,,Blink Network,https://blinkcharging.com,GPS,38.9277873,-77.2368881,2026-06-09,309984,2026-06-09 00:26:46 UTC,,,,2015-04-09,,,,,J1772,US,,,,Public,,public,,,,,,,,,,,,,,,,,,,,false,,,,,,,,,false,
ELEC,HQ2 - Parking Garage,1007 Electric Avenue,,Vienna,VA,22180,,888-998-2546,E,,Public,24 hours daily,,,,,,8,,,Blink Network,https://blinkcharging.com,GPS,38.8998806,-77.2441973,2026-06-09,309998,2026-06-09 00:54:15 UTC,,,,2020-05-12,,,,,J1772,US,,,,Public,,public,,,,,,,,,,,,,,,,,,,,false,,,,,,,,,false,
ELEC,Tavern Square,123 North Pitt Street,,Alexandria,VA,22314,,888-998-2546,E,,Public,24 hours daily,,,,,,4,,,Blink Network,https://blinkcharging.com,GPS,38.80571267226168,-77.04431318944351,2026-06-09,310072,2026-06-09 00:57:11 UTC,,,,2023-08-10,,,,,J1772,US,,,,Public,,public,,,,,,,,,,,,,,,,,,,,false,,,,,,,,,false,
ELEC,Virginia Square Towers,3444 Fairfax Drive,,Arlington,VA,22201,,888-998-2546,E,,Public,24 hours daily,,,,,,3,,,Blink Network,https://blinkcharging.com,GPS,38.8835935,-77.1017678,2026-06-09,310114,2026-06-09 00:57:23 UTC,,,,2020-11-24,,,,,J1772,US,,,,Public,,public,,,,,,,,,,,,,,,,,,,,false,,,,,,,,,false,
ELEC,The Reserve at Rivington,12000 Reserve Manor Circle,,Chester,VA,23831,,888-998-2546,E,,Public,24 hours daily,,,,,,2,,,Blink Network,https://blinkcharging.com,GPS,37.3500971,-77.4890066,2026-06-09,310149,2026-06-09 00:57:43 UTC,,,,2020-09-22,,,,,J1772,US,,,,Public,,public,,,,,,,,,,,,,,,,,,,,false,,,,,,,,,false,
ELEC,Modera Mosaic,2920 District Avenue,,Fairfax,VA,22031,,888-998-2546,E,,Public,24 hours daily,,,,,,1,,,Blink Network,https://blinkcharging.com,GPS,38.8714011,-77.2307258,2026-06-09,310153,2026-06-09 00:57:45 UTC,,,,2021-05-11,,,,,J1772,US,,,,Public,,public,,,,,,,,,,,,,,,,,,,,false,,,,,,,,,false,
ELEC,Platform,1100 North Fayette Street,,Alexandria,VA,22314,,888-998-2546,E,,Public,24 hours daily,,,,,,2,,,Blink Network,https://blinkcharging.com,GPS,38.817445,-77.0509595,2026-06-09,310164,2026-06-09 00:57:54 UTC,,,,2021-04-02,,,,,J1772,US,,,,Public,,public,,,,,,,,,,,,,,,,,,,,false,,,,,,,,,false,
ELEC,Colonial Place,2101 Wilson Blvd,,Arlington,VA,22201,,888-998-2546,E,,Public,24 hours daily,,,,,,3,,,Blink Network,https://blinkcharging.com,GPS,38.8925477,-77.0845963,2026-06-09,310243,2026-06-09 00:59:20 UTC,,,,2016-12-20,,,,,J1772,US,,,,Public,,public,,,,,,,,,,,,,,,,,,,,false,,,,,,,,,false,
ELEC,Platform 1200,1200 North Fayette Street,,Alexandria,VA,22314,,888-998-2546,E,,Public,24 hours daily,,,,,,11,,,Blink Network,https://blinkcharging.com,GPS,38.8181678,-77.0502399,2026-06-09,310394,2026-06-09 01:00:59 UTC,,,,2021-08-17,,,,,J1772,US,,,,Public,,public,,,,,,,,,,,,,,,,,,,,false,,,,,,,,,false,
ELEC,Monarch Condominium - Main Level,7887 Jones Branch Drive,,McLean,VA,22102,,888-998-2546,E,,Public,24 hours daily,,,,,,17,,,Blink Network,https://blinkcharging.com,GPS,38.931438,-77.219997,2026-06-09,310440,2026-06-09 01:03:08 UTC,,,,2023-07-31,,,,,J1772,US,,,,Public,,public,,,,,,,,,,,,,,,,,,,,false,,,,,,,,,false,
ELEC,PIKE & GALLOWS STATION 1,8027 Leesburg Pike,P1 Level,Tysons,VA,22182,,888-758-4389,E,,Public,24 hours daily,,,,,,2,,,ChargePoint Network,https://www.chargepoint.com,GPS,38.912361,-77.223309,2026-06-09,310481,2026-06-09 03:00:16 UTC,,,,2023-09-12,,,,,J1772,US,,,,Public,,public,,,,,,,,,,,,,,,,,,,,false,,,,,,,,,false,
ELEC,The Reserve at Belvedere,200 Reserve Boulevard,,Charlottesville,VA,22901,,888-998-2546,E,,Public,24 hours daily,,,,,,2,,,Blink Network,https://blinkcharging.com,GPS,38.069797739036694,-78.46361613388389,2026-06-09,310549,2026-06-09 00:48:35 UTC,,,,2023-09-13,,,,,J1772,US,,,,Public,,public,,,,,,,,,,,,,,,,,,,,false,,,,,,,,,false,
ELEC,HY OF CHANTILLY ST3-IN SHOP,14848 Stonecroft Center Ct,In shop.,Chantilly,VA,20151,,888-758-4389,E,,Public,24 hours daily,,,,,,1,,,ChargePoint Network,https://www.chargepoint.com,GPS,38.900537,-77.461732,2026-06-09,310801,2026-06-09 02:27:51 UTC,,,,2023-09-16,,,,,J1772,US,,,,Public,,public,,,,,,,,,,,,,,,,,,,,false,,,,,,,,,false,
ELEC,SPRINGDALE SPRINGDALE 1,4100 Concord Crk Pl,,East Highland Park,VA,23222,,888-758-4389,E,,Public,24 hours daily,,,,,,2,,,ChargePoint Network,https://www.chargepoint.com,GPS,37.58088,-77.39493,2026-06-09,310825,2026-06-09 03:01:39 UTC,,,,2023-09-16,,,,,J1772,US,,,,Public,,public,,,,,,,,,,,,,,,,,,,,false,,,,,,,,,false,
ELEC,SPRINGDALE SPRINGDALE 2,4100 Concord Crk Pl,,East Highland Park,VA,23222,,888-758-4389,E,,Public,24 hours daily,,,,,,2,,,ChargePoint Network,https://www.chargepoint.com,GPS,37.58088,-77.394887,2026-06-09,310826,2026-06-09 03:01:41 UTC,,,,2023-09-16,,,,,J1772,US,,,,Public,,public,,,,,,,,,,,,,,,,,,,,false,,,,,,,,,false,
ELEC,SPRINGDALE SPRINGDALE 3,4100 Concord Crk Pl,,East Highland Park,VA,23222,,888-758-4389,E,,Public,24 hours daily,,,,,,2,,,ChargePoint Network,https://www.chargepoint.com,GPS,37.580871,-77.394951,2026-06-09,310827,2026-06-09 03:01:42 UTC,,,,2023-09-16,,,,,J1772,US,,,,Public,,public,,,,,,,,,,,,,,,,,,,,false,,,,,,,,,false,
ELEC,SPRINGDALE SPRINGDALE 4,4100 Concord Crk Pl,,East Highland Park,VA,23222,,888-758-4389,E,,Public,24 hours daily,,,,,,2,,,ChargePoint Network,https://www.chargepoint.com,GPS,37.580845,-77.394929,2026-06-09,310828,2026-06-09 03:01:42 UTC,,,,2023-09-16,,,,,J1772,US,,,,Public,,public,,,,,,,,,,,,,,,,,,,,false,,,,,,,,,false,
ELEC,RTC NEXT 2000 OPP- L3 2,2000 Opportunity Wy,,Reston,VA,20190,,888-758-4389,E,,Public,24 hours daily,,,,,,1,,,ChargePoint Network,https://www.chargepoint.com,GPS,38.954091,-77.361286,2026-06-09,311100,2026-06-09 03:01:54 UTC,,,,2023-09-20,,,,,J1772,US,,,,Public,,public,,,,,,,,,,,,,,,,,,,,false,,,,,,,,,false,
ELEC,Pilot Travel Center 491,3634 N Valley Pike,,Harrisonburg,VA,22802,,877-455-3833,E,,Public,24 hours daily,,,,,,,4,,eVgo Network,https://www.evgo.com,GPS,38.480044,-78.818994,2026-06-09,311141,2026-06-09 00:01:36 UTC,,,,2023-09-20,,,,,J1772COMBO,US,,,,Public,,public,,,,,,,,,,,,,,,,,,,,false,,,,,,,,,false,
ELEC,Covington Honda Nissan,1915 Hot Springs Road,,Covington,VA,24426,,888-998-2546,E,,Public,24 hours daily,,,,,,2,,,Blink Network,https://blinkcharging.com,GPS,37.82183155078638,-79.98682342368444,2026-06-09,311142,2026-06-09 00:18:21 UTC,,,,2023-09-20,,,,,J1772,US,,,,Public,,public,,,,,,,,,,,,,,,,,,,,false,,,,,,,,,false,
ELEC,RTC NEXT 2000 OPP- L3 1,2000 Opportunity Wy,P3,Reston,VA,20190,,888-758-4389,E,,Public,24 hours daily,,,,,,2,,,ChargePoint Network,https://www.chargepoint.com,GPS,38.954208,-77.361331,2026-06-09,311598,2026-06-09 03:02:32 UTC,,,,2023-09-26,,,,,J1772,US,,,,Public,,public,,,,,,,,,,,,,,,,,,,,false,,,,,,,,,false,
ELEC,RTC NEXT 2000 OPP- L4 1,2000 Opportunity Wy,P4 parking garage,Reston,VA,20190,,888-758-4389,E,,Public,24 hours daily,,,,,,2,,,ChargePoint Network,https://www.chargepoint.com,GPS,38.954207,-77.361329,2026-06-09,311604,2026-06-09 03:02:36 UTC,,,,2023-09-26,,,,,J1772,US,,,,Public,,public,,,,,,,,,,,,,,,,,,,,false,,,,,,,,,false,
ELEC,Sheehy Ford Springfield - Series,6727 Loisdale Road,,Springfield,VA,22150,,888-998-2546,E,,Public,24 hours daily,,,,,,3,,,Blink Network,https://blinkcharging.com,GPS,38.7716722068529,-77.17978923408468,2026-06-09,311667,2026-06-09 00:40:54 UTC,,,,2023-09-13,,,,,J1772,US,,,,Public,,public,,,,,,,,,,,,,,,,,,,,false,,,,,,,,,false,
ELEC,Sheetz - Tesla Supercharger,2711 Conduit Rd,,Colonial Heights,VA,23834,,877-798-3752,E,,Public,24 hours daily. Please check Tesla's online station map to see if an adapter is required at this location.,A D Debit M V,,,,,,8,,Tesla,https://www.tesla.com/supercharger,GPS,37.25926,-77.39533,2024-07-01,311992,2025-02-12 00:16:32 UTC,P,,,2023-09-28,,,,,TESLA,US,,,,Public,,public,,,GAS_STATION,,,,,,,,,,,,,,,,,false,,,,,,,,LD,false,
ELEC,Sheetz - Tesla Supercharger,2870 Stuarts Draft Hwy,,Stuarts Draft,VA,24477,,877-798-3752,E,,Public,24 hours daily. Please check Tesla's online station map to see if an adapter is required at this location.,A D Debit M V,,,,,,8,,Tesla,https://www.tesla.com/supercharger,GPS,38.03866,-79.02628,2024-07-01,311997,2025-02-12 00:16:32 UTC,P,,,2023-09-28,,,,,TESLA,US,,,,Public,,public,,,GAS_STATION,,,,,,,,,,,,,,,,,false,,,,,,,,LD,false,
ELEC,RTC NEXT 2000 OPP-L2 2,2000 Opportunity Wy,P2 parking garage. THIS STATION RESERVED FOR ADA,Reston,VA,20190,,888-758-4389,E,,Public,24 hours daily,,,,,,1,,,ChargePoint Network,https://www.chargepoint.com,GPS,38.954191,-77.361299,2026-06-09,312121,2026-06-09 03:02:50 UTC,,,,2023-09-30,,,,,J1772,US,,,,Public,,public,,,,,,,,,,,,,,,,,,,,false,,,,,,,,,false,
ELEC,RTC NEXT 2000 OPP-L2 1,2000 Opportunity Wy,P2 parking garage,Reston,VA,20190,,888-758-4389,E,,Public,24 hours daily,,,,,,2,,,ChargePoint Network,https://www.chargepoint.com,GPS,38.954207,-77.361264,2026-06-09,312122,2026-06-09 03:02:51 UTC,,,,2023-09-30,,,,,J1772,US,,,,Public,,public,,,,,,,,,,,,,,,,,,,,false,,,,,,,,,false,
ELEC,BRAM QUARTER BRAM QUARTER 2,23710 Schooler Plz,exterior parking,Ashburn,VA,20148,,888-758-4389,E,,Public,24 hours daily,,,,,,2,,,ChargePoint Network,https://www.chargepoint.com,GPS,38.960967,-77.518454,2026-06-09,312255,2026-06-09 02:40:54 UTC,,,,2023-10-04,,,,,J1772,US,,,,Public,,public,,,,,,,,,,,,,,,,,,,,false,,,,,,,,,false,
ELEC,BRAM QUARTER BRAM QUARTER,23710 Schooler Plz,exterior parking,Ashburn,VA,20148,,888-758-4389,E,,Public,24 hours daily,,,,,,2,,,ChargePoint Network,https://www.chargepoint.com,GPS,38.960979,-77.518453,2026-06-09,312256,2026-06-09 02:40:54 UTC,,,,2023-10-04,,,,,J1772,US,,,,Public,,public,,,,,,,,,,,,,,,,,,,,false,,,,,,,,,false,
ELEC,JBG - Tesla Supercharger,12120 Sunset Hills Rd,,Reston,VA,20190,,877-798-3752,E,,Public,24 hours daily. Please check Tesla's online station map to see if an adapter is required at this location.,A D Debit M V,,,,,,12,,Tesla,https://www.tesla.com/supercharger,GPS,38.95617,-77.36494,2024-07-01,312521,2025-02-12 00:16:32 UTC,P,,,2023-10-04,,,,,TESLA,US,,,,Public,,public,,,PARKING_LOT,,,,,,,,,,,,,,,,,false,,,,,,,,LD,false,
ELEC,INNSBROOK SHOPS INNSBROOK 1,4028 Cox Rd,At the corner of parking lot by Cox Rd. and Broad St.,Glen Allen,VA,23060,,888-758-4389,E,,Public,24 hours daily,,,,,,2,,,ChargePoint Network,https://www.chargepoint.com,GPS,37.647272,-77.583724,2026-06-09,312574,2026-06-09 03:02:38 UTC,,,,2023-10-07,,,,,J1772,US,,,,Public,,public,,,,,,,,,,,,,,,,,,,,false,,,,,,,,,false,
ELEC,AMZ 230441016507,525 14th St S,,Arlington,VA,22202,,888-758-4389,E,,Public,24 hours daily,,,,,,2,,,ChargePoint Network,https://www.chargepoint.com,GPS,38.861379,-77.054574,2026-06-09,312704,2026-06-09 03:02:02 UTC,,,,2023-10-11,,,,,J1772,US,,,,Public,,public,,,,,,,,,,,,,,,,,,,,false,,,,,,,,,false,
ELEC,AMZ 17LNP1EV8 2224,525 14th St S,,Arlington,VA,22202,,888-758-4389,E,,Public,24 hours daily,,,,,,2,,,ChargePoint Network,https://www.chargepoint.com,GPS,38.861392,-77.054567,2026-06-09,312705,2026-06-09 03:02:02 UTC,,,,2023-10-11,,,,,J1772,US,,,,Public,,public,,,,,,,,,,,,,,,,,,,,false,,,,,,,,,false,
ELEC,AMZ 17LNP1EV8 2628,525 14th St S,,Arlington,VA,22202,,888-758-4389,E,,Public,24 hours daily,,,,,,2,,,ChargePoint Network,https://www.chargepoint.com,GPS,38.86139,-77.054575,2026-06-09,312706,2026-06-09 03:02:12 UTC,,,,2023-10-11,,,,,J1772,US,,,,Public,,public,,,,,,,,,,,,,,,,,,,,false,,,,,,,,,false,
ELEC,AMZ 17LNP1EV8 116,525 14th St S,,Arlington,VA,22202,,888-758-4389,E,,Public,24 hours daily,,,,,,2,,,ChargePoint Network,https://www.chargepoint.com,GPS,38.861378,-77.054559,2026-06-09,312707,2026-06-09 03:02:22 UTC,,,,2023-10-11,,,,,J1772,US,,,,Public,,public,,,,,,,,,,,,,,,,,,,,false,,,,,,,,,false,
ELEC,Makers Point - 11180,11180 Sunrise Valley Drive,,Reston,VA,20191,,888-998-2546,E,,Public,Mon: 8:00am-6:00pm; Tue: 8:00am-6:00pm; Wed: 8:00am-6:00pm; Thu: 8:00am-6:00pm; Fri: 8:00am-6:00pm; Sat: 8:00am-1:00pm; Sun: 12:00am-12:00am,,,,,,2,,,Blink Network,https://blinkcharging.com,GPS,38.94406,-77.3320099,2026-06-09,312800,2026-06-09 00:52:47 UTC,,,,2023-10-11,,,,,J1772,US,,,,Public,,public,,,,,,,,,,,,,,,,,,,,false,,,,,,,,,false,
ELEC,AMZ 17LNP1EV8 13,525 14th St S,,Arlington,VA,22202,,888-758-4389,E,,Public,24 hours daily,,,,,,2,,,ChargePoint Network,https://www.chargepoint.com,GPS,38.861388,-77.054603,2026-06-09,312885,2026-06-09 03:02:02 UTC,,,,2023-10-12,,,,,J1772,US,,,,Public,,public,,,,,,,,,,,,,,,,,,,,false,,,,,,,,,false,
ELEC,AMZ 17LNP1EV8 57,525 14th St S,,Arlington,VA,22202,,888-758-4389,E,,Public,24 hours daily,,,,,,2,,,ChargePoint Network,https://www.chargepoint.com,GPS,38.861388,-77.05461,2026-06-09,312886,2026-06-09 03:02:02 UTC,,,,2023-10-12,,,,,J1772,US,,,,Public,,public,,,,,,,,,,,,,,,,,,,,false,,,,,,,,,false,
ELEC,AMZ 17LNP1EV8 911,525 14th St S,"-Located P2, stalls 9 (Left cable) and 10 (Right cable)",Arlington,VA,22202,,888-758-4389,E,,Public,24 hours daily,,,,,,2,,,ChargePoint Network,https://www.chargepoint.com,GPS,38.861391,-77.054627,2026-06-09,312887,2026-06-09 03:02:03 UTC,,,,2023-10-12,,,,,J1772,US,,,,Public,,public,,,,,,,,,,,,,,,,,,,,false,,,,,,,,,false,
ELEC,AMZ 17LNP1EV8 115,525 14th St S,,Arlington,VA,22202,,888-758-4389,E,,Public,24 hours daily,,,,,,2,,,ChargePoint Network,https://www.chargepoint.com,GPS,38.86138,-77.054603,2026-06-09,312888,2026-06-09 03:02:03 UTC,,,,2023-10-12,,,,,J1772,US,,,,Public,,public,,,,,,,,,,,,,,,,,,,,false,,,,,,,,,false,
ELEC,AMZ 17LNP1EV8 2931,1402 S Eads St,,Arlington,VA,22202,,888-758-4389,E,,Public,24 hours daily,,,,,,2,,,ChargePoint Network,https://www.chargepoint.com,GPS,38.861405,-77.05461,2026-06-09,312889,2026-06-09 03:02:03 UTC,,,,2023-10-12,,,,,J1772,US,,,,Public,,public,,,,,,,,,,,,,,,,,,,,false,,,,,,,,,false,
ELEC,AMZ 17LNP1EV8 24,1402 S Eads St,,Arlington,VA,22202,,888-758-4389,E,,Public,24 hours daily,,,,,,2,,,ChargePoint Network,https://www.chargepoint.com,GPS,38.861403,-77.054623,2026-06-09,312890,2026-06-09 03:02:04 UTC,,,,2023-10-12,,,,,J1772,US,,,,Public,,public,,,,,,,,,,,,,,,,,,,,false,,,,,,,,,false,
ELEC,AMZ 17LNP1EV7 2628,525 14th St S,,Arlington,VA,22202,,888-758-4389,E,,Public,24 hours daily,,,,,,2,,,ChargePoint Network,https://www.chargepoint.com,GPS,38.861378,-77.054594,2026-06-09,312892,2026-06-09 03:02:04 UTC,,,,2023-10-12,,,,,J1772,US,,,,Public,,public,,,,,,,,,,,,,,,,,,,,false,,,,,,,,,false,
ELEC,AMZ 17LNP1EV7 1820,525 14th St S,,Arlington,VA,22202,,888-758-4389,E,,Public,24 hours daily,,,,,,2,,,ChargePoint Network,https://www.chargepoint.com,GPS,38.861394,-77.054612,2026-06-09,312893,2026-06-09 03:02:04 UTC,,,,2023-10-12,,,,,J1772,US,,,,Public,,public,,,,,,,,,,,,,,,,,,,,false,,,,,,,,,false,
ELEC,AMZ 17LNP1EV7 2224,525 14th St S,,Arlington,VA,22202,,888-758-4389,E,,Public,24 hours daily,,,,,,2,,,ChargePoint Network,https://www.chargepoint.com,GPS,38.86138,-77.054567,2026-06-09,312894,2026-06-09 03:02:04 UTC,,,,2023-10-12,,,,,J1772,US,,,,Public,,public,,,,,,,,,,,,,,,,,,,,false,,,,,,,,,false,
ELEC,AMZ 17LNP1EV7 1416,525 14th St S,,Arlington,VA,22202,,888-758-4389,E,,Public,24 hours daily,,,,,,2,,,ChargePoint Network,https://www.chargepoint.com,GPS,38.861379,-77.054584,2026-06-09,312895,2026-06-09 03:02:05 UTC,,,,2023-10-12,,,,,J1772,US,,,,Public,,public,,,,,,,,,,,,,,,,,,,,false,,,,,,,,,false,
ELEC,AMZ 17LNP1EV7 1012,525 14th St S,,Arlington,VA,22202,,888-758-4389,E,,Public,24 hours daily,,,,,,2,,,ChargePoint Network,https://www.chargepoint.com,GPS,38.861386,-77.054596,2026-06-09,312896,2026-06-09 03:02:05 UTC,,,,2023-10-12,,,,,J1772,US,,,,Public,,public,,,,,,,,,,,,,,,,,,,,false,,,,,,,,,false,
ELEC,AMZ 17LNP1EV7 2527,525 14th St S,,Arlington,VA,22202,,888-758-4389,E,,Public,24 hours daily,,,,,,2,,,ChargePoint Network,https://www.chargepoint.com,GPS,38.861393,-77.054597,2026-06-09,312897,2026-06-09 03:02:05 UTC,,,,2023-10-12,,,,,J1772,US,,,,Public,,public,,,,,,,,,,,,,,,,,,,,false,,,,,,,,,false,
ELEC,AMZ 17LNP1EV7 2931,525 14th St S,,Arlington,VA,22202,,888-758-4389,E,,Public,24 hours daily,,,,,,2,,,ChargePoint Network,https://www.chargepoint.com,GPS,38.861394,-77.054586,2026-06-09,312898,2026-06-09 03:02:05 UTC,,,,2023-10-12,,,,,J1772,US,,,,Public,,public,,,,,,,,,,,,,,,,,,,,false,,,,,,,,,false,
ELEC,AMZ 17LNPEV10 3436,S Elm St,"Located WAS 17 P2, stalls 23 (left cable) & 51(right cable)",Arlington,VA,22202,,888-758-4389,E,,Public,24 hours daily,,,,,,2,,,ChargePoint Network,https://www.chargepoint.com,GPS,38.86045,-77.055016,2026-06-09,312899,2026-06-09 03:02:06 UTC,,,,2023-10-12,,,,,J1772,US,,,,Public,,public,,,,,,,,,,,,,,,,,,,,false,,,,,,,,,false,
ELEC,AMZ 17LNPEV10 3335,S Elm St,Located WAS 17 P2 Stalls 24(Left cable) and 50(right cable),Arlington,VA,22202,,888-758-4389,E,,Public,24 hours daily,,,,,,2,,,ChargePoint Network,https://www.chargepoint.com,GPS,38.86045,-77.055026,2026-06-09,312900,2026-06-09 03:02:06 UTC,,,,2023-10-12,,,,,J1772,US,,,,Public,,public,,,,,,,,,,,,,,,,,,,,false,,,,,,,,,false,
ELEC,AMZ 17LNPEV10 2628,S Elm St,Located P2 stalls 26(Left cable) and 48(Right cable),Arlington,VA,22202,,888-758-4389,E,,Public,24 hours daily,,,,,,2,,,ChargePoint Network,https://www.chargepoint.com,GPS,38.860459,-77.055048,2026-06-09,312901,2026-06-09 03:02:06 UTC,,,,2023-10-12,,,,,J1772,US,,,,Public,,public,,,,,,,,,,,,,,,,,,,,false,,,,,,,,,false,
ELEC,AMZ 17LNPEV10 2224,S Elm St,located WAS 17 P2 stalls 27(Left cable) and 47(Right cable),Arlington,VA,22202,,888-758-4389,E,,Public,24 hours daily,,,,,,2,,,ChargePoint Network,https://www.chargepoint.com,GPS,38.860459,-77.055069,2026-06-09,312902,2026-06-09 03:02:07 UTC,,,,2023-10-12,,,,,J1772,US,,,,Public,,public,,,,,,,,,,,,,,,,,,,,false,,,,,,,,,false,
ELEC,AMZ 17LNPEV10 1820,S Elm St,Located WAS 17 P2 stalls 28(Left cable) and 46(Right cable),Arlington,VA,22202,,888-758-4389,E,,Public,24 hours daily,,,,,,2,,,ChargePoint Network,https://www.chargepoint.com,GPS,38.86045,-77.055059,2026-06-09,312903,2026-06-09 03:02:12 UTC,,,,2023-10-12,,,,,J1772,US,,,,Public,,public,,,,,,,,,,,,,,,,,,,,false,,,,,,,,,false,
ELEC,AMZ 17LNPEV10 1012,S Elm St,Located WAS 17 P2 stalls 30(Left cable) and 44(Right cable),Arlington,VA,22202,,888-758-4389,E,,Public,24 hours daily,,,,,,2,,,ChargePoint Network,https://www.chargepoint.com,GPS,38.860417,-77.054994,2026-06-09,312904,2026-06-09 03:02:13 UTC,,,,2023-10-12,,,,,J1772,US,,,,Public,,public,,,,,,,,,,,,,,,,,,,,false,,,,,,,,,false,
ELEC,AMZ 17LNPEV10 24,S Elm St,Located in P2 stalls 31(Left cable) and 32(Right cable),Arlington,VA,22202,,888-758-4389,E,,Public,24 hours daily,,,,,,2,,,ChargePoint Network,https://www.chargepoint.com,GPS,38.860425,-77.055016,2026-06-09,312905,2026-06-09 03:02:13 UTC,,,,2023-10-12,,,,,J1772,US,,,,Public,,public,,,,,,,,,,,,,,,,,,,,false,,,,,,,,,false,
ELEC,AMZ 17LNPEV10 68,S Elm St,Located in P2: stalls 42(left cable) and 43(right cable),Arlington,VA,22202,,888-758-4389,E,,Public,24 hours daily,,,,,,2,,,ChargePoint Network,https://www.chargepoint.com,GPS,38.860392,-77.055059,2026-06-09,312906,2026-06-09 03:02:13 UTC,,,,2023-10-12,,,,,J1772,US,,,,Public,,public,,,,,,,,,,,,,,,,,,,,false,,,,,,,,,false,
ELEC,AMZ 17LNPEV10 2931,S Elm St,Located WAS 17 P2 stalls 40(Left cable) and 41(Right cable),Arlington,VA,22202,,888-758-4389,E,,Public,24 hours daily,,,,,,2,,,ChargePoint Network,https://www.chargepoint.com,GPS,38.8604,-77.055026,2026-06-09,312907,2026-06-09 03:02:14 UTC,,,,2023-10-12,,,,,J1772,US,,,,Public,,public,,,,,,,,,,,,,,,,,,,,false,,,,,,,,,false,
ELEC,AMZ 17LNPEV10 3032,S Elm St,Located WAS 17 P2 stalls 25(left cable) and 49(right cable),Arlington,VA,22202,,888-758-4389,E,,Public,24 hours daily,,,,,,2,,,ChargePoint Network,https://www.chargepoint.com,GPS,38.860467,-77.055059,2026-06-09,312908,2026-06-09 03:02:14 UTC,,,,2023-10-12,,,,,J1772,US,,,,Public,,public,,,,,,,,,,,,,,,,,,,,false,,,,,,,,,false,
ELEC,AMZ 17LNP1EV6 1012,525 14th St S,WAS 19 P3,Arlington,VA,22202,,888-758-4389,E,,Public,24 hours daily,,,,,,2,,,ChargePoint Network,https://www.chargepoint.com,GPS,38.861332,-77.054537,2026-06-09,312909,2026-06-09 03:02:15 UTC,,,,2023-10-12,,,,,J1772,US,,,,Public,,public,,,,,,,,,,,,,,,,,,,,false,,,,,,,,,false,
ELEC,AMZ 17LNP1EV6 1416,525 14th St S,WAS 19 P3,Arlington,VA,22202,,888-758-4389,E,,Public,24 hours daily,,,,,,2,,,ChargePoint Network,https://www.chargepoint.com,GPS,38.86139,-77.054558,2026-06-09,312910,2026-06-09 03:02:15 UTC,,,,2023-10-12,,,,,J1772,US,,,,Public,,public,,,,,,,,,,,,,,,,,,,,false,,,,,,,,,false,
ELEC,AMZ 17LNP1EV6 2224,525 14th St S,WAS 19 P3,Arlington,VA,22202,,888-758-4389,E,,Public,24 hours daily,,,,,,2,,,ChargePoint Network,https://www.chargepoint.com,GPS,38.8614,-77.054562,2026-06-09,312911,2026-06-09 03:02:15 UTC,,,,2023-10-12,,,,,J1772,US,,,,Public,,public,,,,,,,,,,,,,,,,,,,,false,,,,,,,,,false,
ELEC,AMZ 17LNP1EV6 3032,525 14th St S,Location: WAS 19 P3,Arlington,VA,22202,,888-758-4389,E,,Public,24 hours daily,,,,,,2,,,ChargePoint Network,https://www.chargepoint.com,GPS,38.861385,-77.054548,2026-06-09,312912,2026-06-09 03:02:16 UTC,,,,2023-10-12,,,,,J1772,US,,,,Public,,public,,,,,,,,,,,,,,,,,,,,false,,,,,,,,,false,
ELEC,AMZ 17LNP1EV7 13,525 14th St S,,Arlington,VA,22202,,888-758-4389,E,,Public,24 hours daily,,,,,,2,,,ChargePoint Network,https://www.chargepoint.com,GPS,38.861401,-77.054551,2026-06-09,312913,2026-06-09 03:02:16 UTC,,,,2023-10-12,,,,,J1772,US,,,,Public,,public,,,,,,,,,,,,,,,,,,,,false,,,,,,,,,false,
ELEC,AMZ 17LNP1EV7 1719,525 14th St S,,Arlington,VA,22202,,888-758-4389,E,,Public,24 hours daily,,,,,,2,,,ChargePoint Network,https://www.chargepoint.com,GPS,38.861414,-77.054572,2026-06-09,312914,2026-06-09 03:02:16 UTC,,,,2023-10-12,,,,,J1772,US,,,,Public,,public,,,,,,,,,,,,,,,,,,,,false,,,,,,,,,false,
ELEC,AMZ 17LNP1EV7 2123,525 14th St S,,Arlington,VA,22202,,888-758-4389,E,,Public,24 hours daily,,,,,,2,,,ChargePoint Network,https://www.chargepoint.com,GPS,38.861415,-77.054585,2026-06-09,312915,2026-06-09 03:02:16 UTC,,,,2023-10-12,,,,,J1772,US,,,,Public,,public,,,,,,,,,,,,,,,,,,,,false,,,,,,,,,false,
ELEC,AMZ 17LNP1EV7 57,525 14th St S,WAS 19 P3,Arlington,VA,22202,,888-758-4389,E,,Public,24 hours daily,,,,,,2,,,ChargePoint Network,https://www.chargepoint.com,GPS,38.861369,-77.054555,2026-06-09,312916,2026-06-09 03:02:17 UTC,,,,2023-10-12,,,,,J1772,US,,,,Public,,public,,,,,,,,,,,,,,,,,,,,false,,,,,,,,,false,
ELEC,AMZ 17LNP1EV6 68,1402 S Eads St,WAS 17 P3,Arlington,VA,22202,,888-758-4389,E,,Public,24 hours daily,,,,,,2,,,ChargePoint Network,https://www.chargepoint.com,GPS,38.861424,-77.054622,2026-06-09,312917,2026-06-09 03:02:17 UTC,,,,2023-10-12,,,,,J1772,US,,,,Public,,public,,,,,,,,,,,,,,,,,,,,false,,,,,,,,,false,
ELEC,AMZ 17LNP1EV6 2527,1300 S Eads St,WAS 17 P3,Arlington,VA,22202,,888-758-4389,E,,Public,24 hours daily,,,,,,2,,,ChargePoint Network,https://www.chargepoint.com,GPS,38.861482,-77.054558,2026-06-09,312918,2026-06-09 03:02:17 UTC,,,,2023-10-12,,,,,J1772,US,,,,Public,,public,,,,,,,,,,,,,,,,,,,,false,,,,,,,,,false,
ELEC,AMZ 17LNP1EV6 2931,525 14th St S,WAS 17 P3,Arlington,VA,22202,,888-758-4389,E,,Public,24 hours daily,,,,,,2,,,ChargePoint Network,https://www.chargepoint.com,GPS,38.861407,-77.054537,2026-06-09,312919,2026-06-09 03:02:18 UTC,,,,2023-10-12,,,,,J1772,US,,,,Public,,public,,,,,,,,,,,,,,,,,,,,false,,,,,,,,,false,
ELEC,AMZ 17LNP1EV6 1719,525 14th St S,WAS 17 P3,Arlington,VA,22202,,888-758-4389,E,,Public,24 hours daily,,,,,,2,,,ChargePoint Network,https://www.chargepoint.com,GPS,38.861415,-77.054547,2026-06-09,312920,2026-06-09 03:02:18 UTC,,,,2023-10-12,,,,,J1772,US,,,,Public,,public,,,,,,,,,,,,,,,,,,,,false,,,,,,,,,false,
ELEC,AMZ 17LNP1EV6 1315,525 14th St S,WAS 17 P3,Arlington,VA,22202,,888-758-4389,E,,Public,24 hours daily,,,,,,2,,,ChargePoint Network,https://www.chargepoint.com,GPS,38.861407,-77.05444,2026-06-09,312921,2026-06-09 03:02:18 UTC,,,,2023-10-12,,,,,J1772,US,,,,Public,,public,,,,,,,,,,,,,,,,,,,,false,,,,,,,,,false,
ELEC,AMZ 17LNP1EV6 13,1430 S Eads St,WAS 17 P3,Arlington,VA,22202,,888-758-4389,E,,Public,24 hours daily,,,,,,2,,,ChargePoint Network,https://www.chargepoint.com,GPS,38.861008,-77.054642,2026-06-09,312922,2026-06-09 03:02:19 UTC,,,,2023-10-12,,,,,J1772,US,,,,Public,,public,,,,,,,,,,,,,,,,,,,,false,,,,,,,,,false,
ELEC,AMZ 17LNP1EV6 57,525 14th St S,WAS 17 P3,Arlington,VA,22202,,888-758-4389,E,,Public,24 hours daily,,,,,,2,,,ChargePoint Network,https://www.chargepoint.com,GPS,38.86144,-77.054504,2026-06-09,312923,2026-06-09 03:02:19 UTC,,,,2023-10-12,,,,,J1772,US,,,,Public,,public,,,,,,,,,,,,,,,,,,,,false,,,,,,,,,false,
ELEC,AMZ 17LNP1EV9 3335,S Elm St,"Located WAS 17 P3, stalls 26(Left cable) and 49(Right cable)",Arlington,VA,22202,,888-758-4389,E,,Public,24 hours daily,,,,,,2,,,ChargePoint Network,https://www.chargepoint.com,GPS,38.860509,-77.055069,2026-06-09,312924,2026-06-09 03:02:19 UTC,,,,2023-10-12,,,,,J1772,US,,,,Public,,public,,,,,,,,,,,,,,,,,,,,false,,,,,,,,,false,
ELEC,AMZ 17LNP1EV9 1416,S Elm St,"Located WAS 17 P3, stalls 31(Left cable) and 44(Right cable)",Arlington,VA,22202,,888-758-4389,E,,Public,24 hours daily,,,,,,2,,,ChargePoint Network,https://www.chargepoint.com,GPS,38.860593,-77.05508,2026-06-09,312925,2026-06-09 03:02:20 UTC,,,,2023-10-12,,,,,J1772,US,,,,Public,,public,,,,,,,,,,,,,,,,,,,,false,,,,,,,,,false,
ELEC,AMZ 17LNP1EV9 24,510 14th St S,"Located WAS 17 P3, stalls 33(Left cable) and 34(Right cable)",Arlington,VA,22202,,888-758-4389,E,,Public,24 hours daily,,,,,,2,,,ChargePoint Network,https://www.chargepoint.com,GPS,38.860651,-77.055112,2026-06-09,312926,2026-06-09 03:02:20 UTC,,,,2023-10-12,,,,,J1772,US,,,,Public,,public,,,,,,,,,,,,,,,,,,,,false,,,,,,,,,false,
ELEC,AMZ 17LNP1EV9 68,510 14th St S,"Located WAS 17 P3, stalls 41(Left cable) and 42(Right cable)",Arlington,VA,22202,,888-758-4389,E,,Public,24 hours daily,,,,,,2,,,ChargePoint Network,https://www.chargepoint.com,GPS,38.860634,-77.055069,2026-06-09,312927,2026-06-09 03:02:20 UTC,,,,2023-10-12,,,,,J1772,US,,,,Public,,public,,,,,,,,,,,,,,,,,,,,false,,,,,,,,,false,
ELEC,AMZ 17LNP1EV9 2931,S Elm St,"Located WAS 17 P3, stalls 39(Left cable) and 40(Right cable)",Arlington,VA,22202,,888-758-4389,E,,Public,24 hours daily,,,,,,2,,,ChargePoint Network,https://www.chargepoint.com,GPS,38.860484,-77.055059,2026-06-09,312928,2026-06-09 03:02:21 UTC,,,,2023-10-12,,,,,J1772,US,,,,Public,,public,,,,,,,,,,,,,,,,,,,,false,,,,,,,,,false,
ELEC,AMZ 17LNP1EV9 2527,S Elm St,"Located WAS 17 P3, stalls 35(Left cable) and 36(Right cable)",Arlington,VA,22202,,888-758-4389,E,,Public,24 hours daily,,,,,,2,,,ChargePoint Network,https://www.chargepoint.com,GPS,38.860476,-77.055048,2026-06-09,312929,2026-06-09 03:02:21 UTC,,,,2023-10-12,,,,,J1772,US,,,,Public,,public,,,,,,,,,,,,,,,,,,,,false,,,,,,,,,false,
ELEC,AMZ 17LNP1EV9 2123,S Elm St,"Located WAS 17 P3, stalls 37(Left cable) and 38(Right cable)",Arlington,VA,22202,,888-758-4389,E,,Public,24 hours daily,,,,,,2,,,ChargePoint Network,https://www.chargepoint.com,GPS,38.860467,-77.055048,2026-06-09,312930,2026-06-09 03:02:21 UTC,,,,2023-10-12,,,,,J1772,US,,,,Public,,public,,,,,,,,,,,,,,,,,,,,false,,,,,,,,,false,
ELEC,AMZ 17LNP1EV8 3032,510 14th St S,,Arlington,VA,22202,,888-758-4389,E,,Public,24 hours daily,,,,,,2,,,ChargePoint Network,https://www.chargepoint.com,GPS,38.860658,-77.05509,2026-06-09,312931,2026-06-09 03:02:22 UTC,,,,2023-10-12,,,,,J1772,US,,,,Public,,public,,,,,,,,,,,,,,,,,,,,false,,,,,,,,,false,
ELEC,AMZ 17LNP1EV9 1719,510 14th St S,"-Located P3, stalls 72(Left cable) and 73(Right cable)",Arlington,VA,22202,,888-758-4389,E,,Public,24 hours daily,,,,,,2,,,ChargePoint Network,https://www.chargepoint.com,GPS,38.860647,-77.055097,2026-06-09,312932,2026-06-09 03:02:22 UTC,,,,2023-10-12,,,,,J1772,US,,,,Public,,public,,,,,,,,,,,,,,,,,,,,false,,,,,,,,,false,
ELEC,AMZ 17LNP1EV9 1820,S Elm St,"Located P3, stalls 30(Left cable) and 45(Right cable)",Arlington,VA,22202,,888-758-4389,E,,Public,24 hours daily,,,,,,2,,,ChargePoint Network,https://www.chargepoint.com,GPS,38.860576,-77.05508,2026-06-09,312933,2026-06-09 03:02:23 UTC,,,,2023-10-12,,,,,J1772,US,,,,Public,,public,,,,,,,,,,,,,,,,,,,,false,,,,,,,,,false,
ELEC,AMZ 7LNP1EV9 13,510 14th St S,,Arlington,VA,22202,,888-758-4389,E,,Public,24 hours daily,,,,,,2,,,ChargePoint Network,https://www.chargepoint.com,GPS,38.860658,-77.055073,2026-06-09,312934,2026-06-09 03:02:23 UTC,,,,2023-10-12,,,,,J1772,US,,,,Public,,public,,,,,,,,,,,,,,,,,,,,false,,,,,,,,,false,
ELEC,AMZ 17LNP1EV9 911,510 14th St S,"-Located in P3, stalls 105(Left cable) and 106(Right cable)",Arlington,VA,22202,,888-758-4389,E,,Public,24 hours daily,,,,,,2,,,ChargePoint Network,https://www.chargepoint.com,GPS,38.860631,-77.05509,2026-06-09,312935,2026-06-09 03:02:23 UTC,,,,2023-10-12,,,,,J1772,US,,,,Public,,public,,,,,,,,,,,,,,,,,,,,false,,,,,,,,,false,
ELEC,AMZ 17LNP1EV8 119,525 14th St S,,Arlington,VA,22202,,888-758-4389,E,,Public,24 hours daily,,,,,,2,,,ChargePoint Network,https://www.chargepoint.com,GPS,38.861402,-77.054576,2026-06-09,312936,2026-06-09 03:02:23 UTC,,,,2023-10-12,,,,,J1772,US,,,,Public,,public,,,,,,,,,,,,,,,,,,,,false,,,,,,,,,false,
ELEC,AMZ 17LNP1EV8 2123,525 14th St S,,Arlington,VA,22202,,888-758-4389,E,,Public,24 hours daily,,,,,,2,,,ChargePoint Network,https://www.chargepoint.com,GPS,38.861404,-77.054591,2026-06-09,312937,2026-06-09 03:02:24 UTC,,,,2023-10-12,,,,,J1772,US,,,,Public,,public,,,,,,,,,,,,,,,,,,,,false,,,,,,,,,false,
ELEC,AMZ 17LNP1EV8 2527,525 14th St S,,Arlington,VA,22202,,888-758-4389,E,,Public,24 hours daily,,,,,,2,,,ChargePoint Network,https://www.chargepoint.com,GPS,38.861405,-77.054601,2026-06-09,312938,2026-06-09 03:02:24 UTC,,,,2023-10-12,,,,,J1772,US,,,,Public,,public,,,,,,,,,,,,,,,,,,,,false,,,,,,,,,false,
ELEC,AMZ 17LNP1EV8 68,1402 S Eads St,,Arlington,VA,22202,,888-758-4389,E,,Public,24 hours daily,,,,,,2,,,ChargePoint Network,https://www.chargepoint.com,GPS,38.861428,-77.054603,2026-06-09,312939,2026-06-09 03:02:24 UTC,,,,2023-10-12,,,,,J1772,US,,,,Public,,public,,,,,,,,,,,,,,,,,,,,false,,,,,,,,,false,
ELEC,AMZ 17LNP1EV7 24,525 14th St S,,Arlington,VA,22202,,888-758-4389,E,,Public,24 hours daily,,,,,,2,,,ChargePoint Network,https://www.chargepoint.com,GPS,38.861392,-77.054604,2026-06-09,312940,2026-06-09 03:02:24 UTC,,,,2023-10-12,,,,,J1772,US,,,,Public,,public,,,,,,,,,,,,,,,,,,,,false,,,,,,,,,false,
ELEC,AMZ 17LNP1EV7 8,525 14th St S,,Arlington,VA,22202,,888-758-4389,E,,Public,24 hours daily,,,,,,2,,,ChargePoint Network,https://www.chargepoint.com,GPS,38.861388,-77.054588,2026-06-09,312941,2026-06-09 03:02:25 UTC,,,,2023-10-12,,,,,J1772,US,,,,Public,,public,,,,,,,,,,,,,,,,,,,,false,,,,,,,,,false,
ELEC,AMZ 17LNPEV10 2527,510 14th St S,"Located in P2, stalls 33(Left cable) and 34(Right cable)",Arlington,VA,22202,,888-758-4389,E,,Public,24 hours daily,,,,,,2,,,ChargePoint Network,https://www.chargepoint.com,GPS,38.860632,-77.055106,2026-06-09,312942,2026-06-09 03:02:25 UTC,,,,2023-10-12,,,,,J1772,US,,,,Public,,public,,,,,,,,,,,,,,,,,,,,false,,,,,,,,,false,
ELEC,AMZ 17LNPEV10 2123,510 14th St S,Located in P2 stalls 35(Left cable) and 39(Right cable),Arlington,VA,22202,,888-758-4389,E,,Public,24 hours daily,,,,,,2,,,ChargePoint Network,https://www.chargepoint.com,GPS,38.860644,-77.05508,2026-06-09,312943,2026-06-09 03:02:25 UTC,,,,2023-10-12,,,,,J1772,US,,,,Public,,public,,,,,,,,,,,,,,,,,,,,false,,,,,,,,,false,
ELEC,AMZ 17LNP1EV6 1820,525 14th St S,Location: WAS 19 P3,Arlington,VA,22202,,888-758-4389,E,,Public,24 hours daily,,,,,,2,,,ChargePoint Network,https://www.chargepoint.com,GPS,38.861389,-77.054564,2026-06-09,312944,2026-06-09 03:02:26 UTC,,,,2023-10-12,,,,,J1772,US,,,,Public,,public,,,,,,,,,,,,,,,,,,,,false,,,,,,,,,false,
ELEC,AMZ 17LNP1EV6 2628,525 14th St S,WAS 19 P3,Arlington,VA,22202,,888-758-4389,E,,Public,24 hours daily,,,,,,2,,,ChargePoint Network,https://www.chargepoint.com,GPS,38.861376,-77.054549,2026-06-09,312945,2026-06-09 03:02:26 UTC,,,,2023-10-12,,,,,J1772,US,,,,Public,,public,,,,,,,,,,,,,,,,,,,,false,,,,,,,,,false,
ELEC,AMZ 17LNP1EV7 1315,525 14th St S,,Arlington,VA,22202,,888-758-4389,E,,Public,24 hours daily,,,,,,2,,,ChargePoint Network,https://www.chargepoint.com,GPS,38.861413,-77.054559,2026-06-09,312946,2026-06-09 03:02:26 UTC,,,,2023-10-12,,,,,J1772,US,,,,Public,,public,,,,,,,,,,,,,,,,,,,,false,,,,,,,,,false,
ELEC,AMZ 17LNP1EV7 911,525 14th St S,WAS 19 P3,Arlington,VA,22202,,888-758-4389,E,,Public,24 hours daily,,,,,,2,,,ChargePoint Network,https://www.chargepoint.com,GPS,38.861462,-77.054587,2026-06-09,312947,2026-06-09 03:02:26 UTC,,,,2023-10-12,,,,,J1772,US,,,,Public,,public,,,,,,,,,,,,,,,,,,,,false,,,,,,,,,false,
ELEC,AMZ 17LNP1EV6 2123,525 14th St S,WAS 17 P3,Arlington,VA,22202,,888-758-4389,E,,Public,24 hours daily,,,,,,2,,,ChargePoint Network,https://www.chargepoint.com,GPS,38.861382,-77.054429,2026-06-09,312948,2026-06-09 03:02:27 UTC,,,,2023-10-12,,,,,J1772,US,,,,Public,,public,,,,,,,,,,,,,,,,,,,,false,,,,,,,,,false,
ELEC,AMZ 17LNP1EV6 911,525 14th St S,WAS 17 P3,Arlington,VA,22202,,888-758-4389,E,,Public,24 hours daily,,,,,,2,,,ChargePoint Network,https://www.chargepoint.com,GPS,38.861399,-77.054472,2026-06-09,312949,2026-06-09 03:02:27 UTC,,,,2023-10-12,,,,,J1772,US,,,,Public,,public,,,,,,,,,,,,,,,,,,,,false,,,,,,,,,false,
ELEC,AMZ 17LNP1EV9 3436,525 14th St S,"Located WAS 17 P3, stalls 25(Left cable) and 50(Right cable)",Arlington,VA,22202,,888-758-4389,E,,Public,24 hours daily,,,,,,2,,,ChargePoint Network,https://www.chargepoint.com,GPS,38.86144,-77.054547,2026-06-09,312950,2026-06-09 03:02:27 UTC,,,,2023-10-12,,,,,J1772,US,,,,Public,,public,,,,,,,,,,,,,,,,,,,,false,,,,,,,,,false,
ELEC,AMZ 17LNP1EV9 3032,S Elm St,"Located WAS 17 P3, stalls 27(Left cable) and 48(Right cable)",Arlington,VA,22202,,888-758-4389,E,,Public,24 hours daily,,,,,,2,,,ChargePoint Network,https://www.chargepoint.com,GPS,38.860526,-77.05508,2026-06-09,312951,2026-06-09 03:02:28 UTC,,,,2023-10-12,,,,,J1772,US,,,,Public,,public,,,,,,,,,,,,,,,,,,,,false,,,,,,,,,false,
ELEC,AMZ 17LNP1EV9 2628,S Elm St,"Located WAS 17 P3, stalls 28(Left cable) and 47(Right cable)",Arlington,VA,22202,,888-758-4389,E,,Public,24 hours daily,,,,,,2,,,ChargePoint Network,https://www.chargepoint.com,GPS,38.860551,-77.055059,2026-06-09,312952,2026-06-09 03:02:28 UTC,,,,2023-10-12,,,,,J1772,US,,,,Public,,public,,,,,,,,,,,,,,,,,,,,false,,,,,,,,,false,
ELEC,AMZ 17LNP1EV9 2224,S Elm St,Located in WAS 17 P3 stalls 29(Left cable) and 46(Right cable),Arlington,VA,22202,,888-758-4389,E,,Public,24 hours daily,,,,,,2,,,ChargePoint Network,https://www.chargepoint.com,GPS,38.860576,-77.055091,2026-06-09,312953,2026-06-09 03:02:28 UTC,,,,2023-10-12,,,,,J1772,US,,,,Public,,public,,,,,,,,,,,,,,,,,,,,false,,,,,,,,,false,
ELEC,AMZ 17LNP1EV9 1012,S Elm St,"Located WAS 17 P3, stalls 32(Left cable) and 43(Right cable)",Arlington,VA,22202,,888-758-4389,E,,Public,24 hours daily,,,,,,2,,,ChargePoint Network,https://www.chargepoint.com,GPS,38.860601,-77.05508,2026-06-09,312954,2026-06-09 03:02:28 UTC,,,,2023-10-12,,,,,J1772,US,,,,Public,,public,,,,,,,,,,,,,,,,,,,,false,,,,,,,,,false,
ELEC,CH Overflow Lot,98 23rd Street,,Newport News,VA,23607,,888-998-2546,E,,Public,24 hours daily,,,,,,2,,,Blink Network,https://blinkcharging.com,GPS,36.97591085096611,-76.43083899999999,2026-06-09,313744,2026-06-09 00:20:04 UTC,,,,2023-10-16,,,,,J1772,US,,,,Public,,public,,,,,,,,,,,,,,,,,,,,false,,,,,,,,,false,
ELEC,VCU WMSD STATION,801 West Main Street,First Floor of West Main St. Deck,Richmond,VA,23220,,888-758-4389,E,,Public,24 hours daily,,,,,,2,,,ChargePoint Network,https://www.chargepoint.com,GPS,37.545498,-77.452,2026-06-09,313780,2026-06-09 03:02:42 UTC,,,,2023-10-17,,,,,J1772,US,,,,Public,,public,,,,,,,,,,,,,,,,,,,,false,,,,,,,,,false,
ELEC,The Community of Cedar Lakes,Sutler Hill Square,,Chantilly,VA,22033,,888-998-2546,E,,Public,24 hours daily,,,,,,6,,,Blink Network,https://blinkcharging.com,GPS,38.86372575006741,-77.3735902029627,2026-06-09,314102,2026-06-09 00:49:35 UTC,,,,2023-10-18,,,,,J1772,US,,,,Public,,public,,,,,,,,,,,,,,,,,,,,false,,,,,,,,,false,
ELEC,Autel - Williamsburg Chrysler Dodge Jeep RAM,3012 Richmond Rd B,,Williamsburg,VA,23185,,844-765-0150,E,,Public - Credit card at all times,24 hours daily,A D Debit M V,,,,,,2,,AUTEL,https://autelenergy.us,GPS,37.3035695609959,-76.7288149821195,2025-12-12,314493,2026-02-02 23:16:24 UTC,P,,,2023-10-19,,,,,J1772COMBO,US,,,,Public - Carte de crédit en tout temps,,public,CREDIT_CARD_ALWAYS,,CAR_DEALER,,,,,,,$0.40 per kWh,,,,,,,,,,false,,,,,,,,LD,false,
ELEC,STAT 1 STAT2 STATION 2,2369 Rolling Fork Cir,,Herndon,VA,20171,,888-758-4389,E,,Public,24 hours daily,,,,,,2,,,ChargePoint Network,https://www.chargepoint.com,GPS,38.951366,-77.404,2026-06-09,314526,2026-06-09 03:03:14 UTC,,,,2023-10-20,,,,,J1772,US,,,,Public,,public,,,,,,,,,,,,,,,,,,,,false,,,,,,,,,false,
ELEC,STAT 1 STAT2 STATION 1,2393 Glen Echo Rd,,Herndon,VA,20171,,888-758-4389,E,,Public,24 hours daily,,,,,,2,,,ChargePoint Network,https://www.chargepoint.com,GPS,38.951574,-77.40584,2026-06-09,314527,2026-06-09 03:03:14 UTC,,,,2023-10-20,,,,,J1772,US,,,,Public,,public,,,,,,,,,,,,,,,,,,,,false,,,,,,,,,false,
ELEC,The Market at Massanutten Station,1850 Meadow Vista Ln,,McGaheysville,VA,22840,,540-289-4098,E,,Public,24 hours daily,,,,,,2,,,Non-Networked,,200-8,38.40597,-78.71542,2025-12-12,315612,2026-02-02 23:16:24 UTC,P,,,2023-10-23,,,,,J1772,US,,,,Public,,public,,,CONVENIENCE_STORE,,,,,,,Free,,,,,,,,,,false,,,,,,,,LD,false,
ELEC,FOURTEEN35 SPACES 3&4,1435 Toms Creek Rd,,Blacksburg,VA,24060,,888-758-4389,E,,Public,24 hours daily,,,,,,2,,,ChargePoint Network,https://www.chargepoint.com,GPS,37.244496,-80.431326,2026-06-09,316105,2026-06-09 03:03:34 UTC,,,,2023-10-27,,,,,J1772,US,,,,Public,,public,,,,,,,,,,,,,,,,,,,,false,,,,,,,,,false,
ELEC,FOURTEEN35 SPACES 1&2,1435 Toms Creek Rd,,Blacksburg,VA,24060,,888-758-4389,E,,Public,24 hours daily,,,,,,2,,,ChargePoint Network,https://www.chargepoint.com,GPS,37.2445,-80.431348,2026-06-09,316106,2026-06-09 03:03:34 UTC,,,,2023-10-27,,,,,J1772,US,,,,Public,,public,,,,,,,,,,,,,,,,,,,,false,,,,,,,,,false,
ELEC,FOURTEEN35 SPACES 7&8,1435 Toms Creek Rd,,Blacksburg,VA,24060,,888-758-4389,E,,Public,24 hours daily,,,,,,2,,,ChargePoint Network,https://www.chargepoint.com,GPS,37.244486,-80.431338,2026-06-09,316107,2026-06-09 03:03:34 UTC,,,,2023-10-27,,,,,J1772,US,,,,Public,,public,,,,,,,,,,,,,,,,,,,,false,,,,,,,,,false,
ELEC,FOURTEEN35 SPACES 5&6,1435 Toms Creek Rd,,Blacksburg,VA,24060,,888-758-4389,E,,Public,24 hours daily,,,,,,2,,,ChargePoint Network,https://www.chargepoint.com,GPS,37.244509,-80.431332,2026-06-09,316108,2026-06-09 03:03:34 UTC,,,,2023-10-27,,,,,J1772,US,,,,Public,,public,,,,,,,,,,,,,,,,,,,,false,,,,,,,,,false,
ELEC,Wawa - Tesla Supercharger,15 Eustace Rd,,Stafford,VA,22554,,877-798-3752,E,,Public,24 hours daily. Please check Tesla's online station map to see if an adapter is required at this location.,A D Debit M V,,,,,,8,,Tesla,https://www.tesla.com/supercharger,GPS,38.47364,-77.43582,2024-07-01,316167,2025-02-12 00:16:32 UTC,P,,,2023-10-26,,,,,TESLA,US,,,,Public,,public,,,GAS_STATION,,,,,,,,,,,,,,,,,false,,,,,,,,LD,false,
ELEC,"Alexandria Hyundai & Genesis of Alexandria (Alexandria, VA)",1707 Mt Vernon Ave,,Alexandria,VA,22301,,833-632-2778,E,,Public,24 hours daily,,,,,,,4,,Electrify America,https://www.electrifyamerica.com,GPS,38.82137,-77.05766,2026-06-09,316274,2026-06-09 03:19:47 UTC,,,,2023-10-28,,,,,J1772COMBO,US,,,,Public,,public,,,,,,,,,,,,,,,,,,,,false,,,,,,,,,false,
ELEC,MANASSAS TRU BY HILTON,10550 Gateway Blvd,Charger is located just outside of the hotels main drive.,Manassas,VA,20110,,888-758-4389,E,,Public,24 hours daily,,,,,,2,,,ChargePoint Network,https://www.chargepoint.com,GPS,38.740008,-77.512249,2026-06-09,316426,2026-06-09 03:03:52 UTC,,,,2023-11-01,,,,,J1772,US,,,,Public,,public,,,,,,,,,,,,,,,,,,,,false,,,,,,,,,false,
ELEC,UGC EV STATION GILBERT EV,400 Old Turner St,,Blacksburg,VA,24060,,888-758-4389,E,,Public,24 hours daily,,,,,,2,,,ChargePoint Network,https://www.chargepoint.com,GPS,37.233214,-80.421825,2026-06-09,316454,2026-06-09 03:04:05 UTC,,,,2023-11-01,,,,,J1772,US,,,,Public,,public,,,,,,,,,,,,,,,,,,,,false,,,,,,,,,false,
ELEC,Sheehy Ford of Ashland,11450 Washington Highway,,Ashland,VA,23005,,888-998-2546,E,,Public,24 hours daily,,,,,,6,,,Blink Network,https://blinkcharging.com,GPS,37.724906,-77.468478,2026-06-09,316480,2026-06-09 00:09:48 UTC,,,,2023-09-13,,,,,J1772,US,,,,Public,,public,,,,,,,,,,,,,,,,,,,,false,,,,,,,,,false,
ELEC,Home2 Suites - Blacksburg,1321 Rugby Lane,,Blacksburg,VA,24060,,888-998-2546,E,,Public,24 hours daily,,,,,,4,,,Blink Network,https://blinkcharging.com,GPS,37.2149521,-80.402936,2026-06-09,316486,2026-06-09 00:22:38 UTC,,,,2021-11-30,,,,,J1772,US,,,,Public,,public,,,,,,,,,,,,,,,,,,,,false,,,,,,,,,false,
ELEC,Monticello,931 Thomas Jefferson Parkway,,Charlottesville,VA,22902,,888-998-2546,E,,Public,24 hours daily,,,,,,6,,,Blink Network,https://blinkcharging.com,GPS,38.0058789,-78.4522345,2026-06-09,316677,2026-06-09 00:55:52 UTC,,,,2020-09-25,,,,,J1772,US,,,,Public,,public,,,,,,,,,,,,,,,,,,,,false,,,,,,,,,false,
ELEC,Foster Electric Company Inc,1420 Campbell Ave,,Lynchburg,VA,24501,,434-528-2112,E,,Public,Contact site for information,A ANDROID_PAY APPLE_PAY CREDIT D M,,,,,1,,,AMPUP,https://ampup.io,GPS,37.4,-79.16,2023-12-13,319316,2024-01-31 22:07:01 UTC,P,,,2023-10-09,,,,,J1772,US,,,,Public,,public,,,OFFICE_BLDG,,,,,,,,,,,,,,,,,false,,,,,,,,LD,false,
ELEC,Veraâ€™s Fine Jewelers,16701 Midlothian Turnpike,,Midlothian,VA,23113,,804-347-8395,E,,Public,Contact site for information,A ANDROID_PAY APPLE_PAY CREDIT D M,,,,,1,,,AMPUP,https://ampup.io,GPS,37.51,-77.71,2023-12-13,319364,2024-01-31 22:07:01 UTC,P,,,2023-08-18,,,,,J1772,US,,,,Public,,public,,,,,,,,,,,,,,,,,,,,false,,,,,,,,LD,false,
ELEC,The Waterford,4501 E Main St,,Richmond,VA,23231,,919-921-3628,E,,Public,Contact site for information,A ANDROID_PAY APPLE_PAY CREDIT D M,,,,,12,,,AMPUP,https://ampup.io,GPS,37.52,-77.42,2023-12-13,319412,2024-01-31 22:07:01 UTC,P,,,2023-06-22,,,,,J1772,US,,,,Public,,public,,,,,,,,,,,,,,,,,,,,false,,,,,,,,LD,false,
ELEC,The Box,501 Decatur St,,Richmond,VA,23224,,919-921-3628,E,,Public,Contact site for information,A ANDROID_PAY APPLE_PAY CREDIT D M,,,,,6,,,AMPUP,https://ampup.io,GPS,37.52,-77.44,2023-12-13,319418,2024-01-31 22:07:01 UTC,P,,,2023-06-06,,,,,J1772,US,,,,Public,,public,,,,,,,,,,,,,,,,,,,,false,,,,,,,,LD,false,
ELEC,Rivers Casino Portsmouth,3700 Victory Blvd,,Portsmouth,VA,23701,,757-879-2742,E,,Public,Contact site for information,A ANDROID_PAY APPLE_PAY CREDIT D M,,,,,8,,,AMPUP,https://ampup.io,GPS,36.8092064,-76.3513034,2023-12-13,319434,2024-01-31 22:07:01 UTC,P,,,2023-05-04,,,,,J1772,US,,,,Public,,public,,,HOTEL,,,,,,,,,,,,,,,,,false,,,,,,,,LD,false,
ELEC,AMZ 17LNPEV10 1416,510 14th St S,"-Located P2, stalls 29(Left cable) and 45(Right cable) and 16",Arlington,VA,22202,,888-758-4389,E,,Public,24 hours daily,,,,,,2,,,ChargePoint Network,https://www.chargepoint.com,GPS,38.860551,-77.05479,2026-06-09,319612,2026-06-09 03:02:14 UTC,,,,2023-11-11,,,,,J1772,US,,,,Public,,public,,,,,,,,,,,,,,,,,,,,false,,,,,,,,,false,
ELEC,AMZ 17LNP1EV10 131,510 14th St S,,Arlington,VA,22202,,888-758-4389,E,,Public,24 hours daily,,,,,,2,,,ChargePoint Network,https://www.chargepoint.com,GPS,38.860651,-77.055048,2026-06-09,319613,2026-06-09 03:02:14 UTC,,,,2023-11-11,,,,,J1772,US,,,,Public,,public,,,,,,,,,,,,,,,,,,,,false,,,,,,,,,false,
ELEC,ARLINGTON CO. FAIRLINGTON 1,3302 S Stafford St,Fairlington Community Center Parking Lot,Arlington,VA,22206,,888-758-4389,E,,Public,Mon: 12:00am-11:59pm; Tue: 12:00am-11:59pm; Wed: 12:00am-11:59pm; Thu: 12:00am-11:59pm; Fri: 12:00am-11:59pm; Sat: 12:00am-11:59pm; Sun: 12:00am-11:59pm,,,,,,2,,,ChargePoint Network,https://www.chargepoint.com,GPS,38.834854,-77.087011,2026-06-09,319712,2026-06-09 03:04:33 UTC,,,,2023-11-14,,,,,J1772,US,,,,Public,,public,,,,,,,,,,,,,,,,,,,,false,,,,,,,,,false,
ELEC,ARLINGTON CO. FAIRLINGTON 2,3302 S Stafford St,,Arlington,VA,22206,,888-758-4389,E,,Public,Mon: 12:00am-11:59pm; Tue: 12:00am-11:59pm; Wed: 12:00am-11:59pm; Thu: 12:00am-11:59pm; Fri: 12:00am-11:59pm; Sat: 12:00am-11:59pm; Sun: 12:00am-11:59pm,,,,,,2,,,ChargePoint Network,https://www.chargepoint.com,GPS,38.834857,-77.087056,2026-06-09,319713,2026-06-09 03:04:33 UTC,,,,2023-11-14,,,,,J1772,US,,,,Public,,public,,,,,,,,,,,,,,,,,,,,false,,,,,,,,,false,
ELEC,FAIRFAX COUNTY SOUTH PD/AS 2,8855 Lorton Rd,,Lorton,VA,22079,,888-758-4389,E,,Public,24 hours daily,,,,,,2,,,ChargePoint Network,https://www.chargepoint.com,GPS,38.705799,-77.251175,2026-06-09,319751,2026-06-09 02:58:21 UTC,,,,2023-11-15,,,,,J1772,US,,,,Public,,public,,,,,,,,,,,,,,,,,,,,false,,,,,,,,,false,
ELEC,FAIRFAX COUNTY SOUTH PD/AS 1,8855 Lorton Rd,,Lorton,VA,22079,,888-758-4389,E,,Public,24 hours daily,,,,,,2,,,ChargePoint Network,https://www.chargepoint.com,GPS,38.705836,-77.251328,2026-06-09,319752,2026-06-09 02:58:21 UTC,,,,2023-11-15,,,,,J1772,US,,,,Public,,public,,,,,,,,,,,,,,,,,,,,false,,,,,,,,,false,
ELEC,Wease Properties,1126 Professional Drive,,Williamsburg,VA,23185,,888-998-2546,E,,Public,24 hours daily,,,,,,2,,,Blink Network,https://blinkcharging.com,GPS,37.25711195439716,-76.73537812207093,2026-06-09,319850,2026-06-09 00:55:05 UTC,,,,2023-11-15,,,,,J1772,US,,,,Public,,public,,,,,,,,,,,,,,,,,,,,false,,,,,,,,,false,
ELEC,ACC7 ACC7 (01),21625 Gresham Dr,,Ashburn,VA,20147,,888-758-4389,E,,Public,24 hours daily,,,,,,2,,,ChargePoint Network,https://www.chargepoint.com,GPS,39.017669,-77.465527,2026-06-09,319894,2026-06-09 03:04:20 UTC,,,,2023-11-16,,,,,J1772,US,,,,Public,,public,,,,,,,,,,,,,,,,,,,,false,,,,,,,,,false,
ELEC,ACC7 ACC7 (02),21625 Gresham Dr,,Ashburn,VA,20147,,888-758-4389,E,,Public,24 hours daily,,,,,,2,,,ChargePoint Network,https://www.chargepoint.com,GPS,39.01766,-77.46528,2026-06-09,319895,2026-06-09 03:04:21 UTC,,,,2023-11-16,,,,,J1772,US,,,,Public,,public,,,,,,,,,,,,,,,,,,,,false,,,,,,,,,false,
ELEC,SUTTLE CADILLAC,12525 JEFFERSON AVE,,NEWPORT NEWS,VA,23602,,866-816-7584,E,,Public,24 hours daily,,,,,,2,3,,EV Connect,https://www.evconnect.com,GPS,37.127679,-76.513732,2026-06-09,319919,2026-06-09 03:29:48 UTC,,,,2023-11-16,,,,,J1772 J1772COMBO,US,,,,Public,,public,,,,,,,,,,,,,,,,,,,,false,,,,,,,,,false,
ELEC,5701 Cleveland St,5701 Cleveland St,,Virginia Beach,VA,23462,,866-816-7584,E,,Public,24 hours daily,,,,,,2,,,EV Connect,https://www.evconnect.com,GPS,36.846811,-76.177332,2026-06-09,319920,2026-06-09 03:31:51 UTC,,,,2023-11-16,,,,,J1772,US,,,,Public,,public,,,,,,,,,,,,,,,,,,,,false,,,,,,,,,false,
ELEC,Davis Travel Center - Tesla Supercharger,13306 Saint John Church Rd,,Stony Creek,VA,23882,,877-798-3752,E,,Public,24 hours daily. Please check Tesla's online station map to see if an adapter is required at this location.,A D Debit M V,,,,,,8,,Tesla,https://www.tesla.com/supercharger,GPS,36.978006,-77.395017,2024-07-01,320140,2025-02-12 00:16:32 UTC,P,,,2023-11-16,,,,,TESLA,US,,,,Public,,public,,,TRAVEL_CENTER,,,,,,,,,,,,,,,,,false,,,,,,,,LD,false,
ELEC,Sheetz - Tesla Supercharger,1435 Apperson Dr,,Salem,VA,24153,,877-798-3752,E,,Public,24 hours daily. Please check Tesla's online station map to see if an adapter is required at this location.,A D Debit M V,,,,,,8,,Tesla,https://www.tesla.com/supercharger,GPS,37.27251,-80.03734,2024-07-01,320143,2025-02-12 00:16:32 UTC,P,,,2023-11-16,,,,,TESLA,US,,,,Public,,public,,,GAS_STATION,,,,,,,,,,,,,,,,,false,,,,,,,,LD,false,
ELEC,Wawa - Tesla Supercharger,1461 Armory Dr,,Franklin,VA,23851,,877-798-3752,E,,Public,24 hours daily. Please check Tesla's online station map to see if an adapter is required at this location.,A D Debit M V,,,,,,8,,Tesla,https://www.tesla.com/supercharger,GPS,36.667068,-76.953945,2024-07-01,320147,2025-02-12 00:16:32 UTC,P,,,2023-11-16,,,,,TESLA,US,,,,Public,,public,,,GAS_STATION,,,,,,,,,,,,,,,,,false,,,,,,,,LD,false,
ELEC,Berglund Chevrolet Buick,1824 Williamson Rd,,Roanoke,VA,24012,,866-816-7584,E,,Public,24 hours daily,,,,,,,2,,EV Connect,https://www.evconnect.com,GPS,37.288291,-79.934416,2026-06-09,320379,2026-06-09 03:31:35 UTC,,,,2023-11-21,,,,,J1772COMBO,US,,,,Public,,public,,,,,,,,,,,,,,,,,,,,false,,,,,,,,,false,
ELEC,Lorton Marketplace,9467 Lorton Market St,,Lorton,VA,22079,,877-455-3833,E,,Public,24 hours daily,,,,,,,4,,eVgo Network,https://www.evgo.com,GPS,38.7009554,-77.2208474,2026-06-08,320487,2026-06-09 00:00:40 UTC,,,,2023-11-22,,,,,J1772COMBO,US,,,,Public,,public,,,,,,,,,,,,,,,,,,,,false,,,,,,,,,false,
ELEC,WRIGHT WAY HYUN MAIN STOREFRONT,2551 W Main St,,Waynesboro,VA,22980,,888-758-4389,E,,Public,24 hours daily,,,,,,,1,,ChargePoint Network,https://www.chargepoint.com,GPS,38.08008,-78.921195,2026-06-09,320713,2026-06-09 02:59:12 UTC,,,,2023-11-28,,,,,CHADEMO J1772COMBO,US,,,,Public,,public,,,,,,,,,,,,,,,,,,,,false,,,,,,,,,false,
ELEC,Tru by Hilton Chesapeake Greenbrier,1570 Crossways Blvd,,Chesapeake,VA,23320,,757-635-5994,E,,Public,24 hours daily; for guests only,A D M V,,,,,4,,,TURNONGREEN,https://turnongreen.com,200-8,36.77966,-76.23317,2025-12-12,320995,2026-02-02 23:16:24 UTC,P,,,2023-08-23,,,,,J1772,US,,,,Public,,public,,,HOTEL,,,,,,,,,,,,,,,,,true,,,,,,,,LD,false,
ELEC,WMBG HYUNDAI VA HYUNDAI SALES2,7277 Richmond Road,,Williamsburg,VA,23188,,888-758-4389,E,,Public,24 hours daily,,,,,,,1,,ChargePoint Network,https://www.chargepoint.com,GPS,37.363181,-76.767112,2026-06-09,321043,2026-06-09 03:05:10 UTC,,,,2023-11-30,,,,,CHADEMO J1772COMBO,US,,,,Public,,public,,,,,,,,,,,,,,,,,,,,false,,,,,,,,,false,
ELEC,WMBG HYUNDAI VA HYUNDAI SALES1,7277 Richmond Road,,Williamsburg,VA,23188,,888-758-4389,E,,Public,24 hours daily,,,,,,,1,,ChargePoint Network,https://www.chargepoint.com,GPS,37.363187,-76.767104,2026-06-09,321044,2026-06-09 03:05:10 UTC,,,,2023-11-30,,,,,CHADEMO J1772COMBO,US,,,,Public,,public,,,,,,,,,,,,,,,,,,,,false,,,,,,,,,false,
ELEC,Royal Farms - Tesla Supercharger,1200  Euclid Avenue,,Bristol,VA,24201,,877-798-3752,E,,Public,24 hours daily. Please check Tesla's online station map to see if an adapter is required at this location.,A D Debit M V,,,,,,8,,Tesla,https://www.tesla.com/supercharger,GPS,36.601737,-82.191193,2024-07-01,321158,2025-02-12 00:16:32 UTC,P,,,2023-11-30,,,,,TESLA,US,,,,Public,,public,,,GAS_STATION,,,,,,,,,,,,,,,,,false,,,,,,,,LD,false,
ELEC,PIEDMONT REALTY 3100 HIGHLAND,3100 N Highland St,,Arlington,VA,22201,,888-758-4389,E,,Public,24 hours daily,,,,,,2,,,ChargePoint Network,https://www.chargepoint.com,GPS,38.88635,-77.095207,2026-06-09,321211,2026-06-09 02:12:39 UTC,,,,2023-12-01,,,,,J1772,US,,,,Public,,public,,,,,,,,,,,,,,,,,,,,false,,,,,,,,,false,
ELEC,CFLAG EXTERIOR EXTERIOR,5301 Virginia Beach Boulevard,,Virginia Beach,VA,23462,,888-758-4389,E,,Public,Mon: 7:00am-9:00pm; Tue: 7:00am-9:00pm; Wed: 7:00am-9:00pm; Thu: 7:00am-9:00pm; Fri: 7:00am-9:00pm; Sat: 7:00am-7:00pm; Sun: 12:00pm-6:00pm,,,,,,2,,,ChargePoint Network,https://www.chargepoint.com,GPS,36.847359,-76.163503,2026-06-09,321356,2026-06-09 03:04:14 UTC,,,,2023-12-05,,,,,J1772,US,,,,Public,,public,,,,,,,,,,,,,,,,,,,,false,,,,,,,,,false,
ELEC,HIGHLANDER HIGHLANDER 1,901 Fairfax St Acc Pocohontas Hall Lot DD,LOT DD,Radford,VA,24142,,888-758-4389,E,,Public,24 hours daily,,,,,,2,,,ChargePoint Network,https://www.chargepoint.com,GPS,37.136904,-80.551024,2026-06-09,321483,2026-06-09 03:05:25 UTC,,,,2023-12-06,,,,,J1772,US,,,,Public,,public,,,,,,,,,,,,,,,,,,,,false,,,,,,,,,false,
ELEC,1800 Tysons Blvd,1800 Tysons Blvd,,Tysons,VA,22102,,888-998-2546,E,,Public,24 hours daily,,,,,,4,,,Blink Network,https://blinkcharging.com,GPS,38.922403169840685,-77.22251360672801,2026-06-09,322294,2026-06-09 00:08:59 UTC,,,,2023-12-07,,,,,J1772,US,,,,Public,,public,,,,,,,,,,,,,,,,,,,,false,,,,,,,,,false,
ELEC,45610 Woodland Road,45610 Woodland Road,,Sterling,VA,20166,,888-998-2546,E,,Public,24 hours daily,,,,,,4,,,Blink Network,https://blinkcharging.com,GPS,39.022168146281054,-77.42152471254133,2026-06-09,322296,2026-06-09 00:14:12 UTC,,,,2023-12-07,,,,,J1772,US,,,,Public,,public,,,,,,,,,,,,,,,,,,,,false,,,,,,,,,false,
ELEC,1775 Wiehle Avenue,1775 Wiehle Avenue,,Reston,VA,20190,,888-998-2546,E,,Public,24 hours daily,,,,,,2,,,Blink Network,https://blinkcharging.com,GPS,38.95283061426077,-77.33362512883596,2026-06-09,322297,2026-06-09 00:48:45 UTC,,,,2023-12-07,,,,,J1772,US,,,,Public,,public,,,,,,,,,,,,,,,,,,,,false,,,,,,,,,false,
ELEC,Town of Blacksburg - Parking Garage,121 Commons Drive,,Blacksburg,VA,24060,,888-998-2546,E,,Public,24 hours daily,,,,,,7,,,Blink Network,https://blinkcharging.com,GPS,37.239561,-80.417176,2026-06-09,322372,2026-06-09 00:48:24 UTC,,,,2022-10-24,,,,,J1772,US,,,,Public,,public,,,,,,,,,,,,,,,,,,,,false,,,,,,,,,false,
ELEC,1775  Tysons Boulevard,1775  Tysons Boulevard,,Tysons,VA,22102,,888-998-2546,E,,Public,24 hours daily,,,,,,6,,,Blink Network,https://blinkcharging.com,GPS,38.92346378892577,-77.22148343697218,2026-06-09,322377,2026-06-09 01:03:11 UTC,,,,2023-12-08,,,,,J1772,US,,,,Public,,public,,,,,,,,,,,,,,,,,,,,false,,,,,,,,,false,
ELEC,NRUCFC-VEH CFC #1,Cooperative Way,Main Parking Lot,Sterling,VA,20165,,888-758-4389,E,,Public,Mon: 6:00am-7:00pm; Tue: 6:00am-7:00pm; Wed: 6:00am-7:00pm; Thu: 6:00am-7:00pm; Fri: 6:00am-7:00pm; Sat: 6:00am-7:00pm; Sun: 6:00am-7:00pm,,,,,,2,,,ChargePoint Network,https://www.chargepoint.com,GPS,39.041826,-77.425299,2026-06-09,322478,2026-06-09 02:18:36 UTC,,,,2023-12-11,,,,,J1772,US,,,,Public,,public,,,,,,,,,,,,,,,,,,,,false,,,,,,,,,false,
ELEC,NRUCFC-VEH CFC #2,Cooperative Way,Main Parking Lot,Sterling,VA,20165,,888-758-4389,E,,Public,Mon: 6:00am-7:00pm; Tue: 6:00am-7:00pm; Wed: 6:00am-7:00pm; Thu: 6:00am-7:00pm; Fri: 6:00am-7:00pm; Sat: 6:00am-7:00pm; Sun: 6:00am-7:00pm,,,,,,2,,,ChargePoint Network,https://www.chargepoint.com,GPS,39.041807,-77.425239,2026-06-09,322479,2026-06-09 02:18:37 UTC,,,,2023-12-11,,,,,J1772,US,,,,Public,,public,,,,,,,,,,,,,,,,,,,,false,,,,,,,,,false,
ELEC,NRUCFC-VEH CFC #3,20701 Cooperative way,Main Parking Lot,Dulles,VA,20166,,888-758-4389,E,,Public,Mon: 6:00am-7:00pm; Tue: 6:00am-7:00pm; Wed: 6:00am-7:00pm; Thu: 6:00am-7:00pm; Fri: 6:00am-7:00pm; Sat: 6:00am-7:00pm; Sun: 6:00am-7:00pm,,,,,,2,,,ChargePoint Network,https://www.chargepoint.com,GPS,39.041781,-77.425184,2026-06-09,322480,2026-06-09 02:18:37 UTC,,,,2023-12-11,,,,,J1772,US,,,,Public,,public,,,,,,,,,,,,,,,,,,,,false,,,,,,,,,false,
ELEC,HY OF CHANTILLY ST2-NEAR PARTS,14848 Stonecroft Center Ct,Near parts,Chantilly,VA,20151,,888-758-4389,E,,Public,24 hours daily,,,,,,1,,,ChargePoint Network,https://www.chargepoint.com,GPS,38.900205,-77.461807,2026-06-09,322868,2026-06-09 02:27:51 UTC,,,,2023-12-16,,,,,J1772,US,,,,Public,,public,,,,,,,,,,,,,,,,,,,,false,,,,,,,,,false,
ELEC,WEST CREEK WEST CREEK MOB,1600 Wilkes Ridge Dr,Side of building,Henrico,VA,23233,,888-758-4389,E,,Public,24 hours daily,,,,,,2,,,ChargePoint Network,https://www.chargepoint.com,GPS,37.659819,-77.654388,2026-06-09,323047,2026-06-09 03:02:34 UTC,,,,2023-12-20,,,,,J1772,US,,,,Public,,public,,,,,,,,,,,,,,,,,,,,false,,,,,,,,,false,
ELEC,LUXE360 LUXE 360 # 1,14650 Luxe Ctr Dr,,Midlothian,VA,23114,,888-758-4389,E,,Public,24 hours daily,,,,,,2,,,ChargePoint Network,https://www.chargepoint.com,GPS,37.470554,-77.662692,2026-06-09,323504,2026-06-09 03:06:34 UTC,,,,2023-12-27,,,,,J1772,US,,,,Public,,public,,,,,,,,,,,,,,,,,,,,false,,,,,,,,,false,
ELEC,CMA COL HYUNDAI STATION1,2200 Walthall Center Drive,In Front of Showroom,South Chesterfield,VA,23834,,888-758-4389,E,,Public,24 hours daily,,,,,,,1,,ChargePoint Network,https://www.chargepoint.com,GPS,37.308727,-77.39551,2026-06-09,323532,2026-06-09 03:04:57 UTC,,,,2023-12-28,,,,,CHADEMO J1772COMBO,US,,,,Public,,public,,,,,,,,,,,,,,,,,,,,false,,,,,,,,,false,
ELEC,Flying J 750,139 Factory Outlet Dr,,Fort Chiswell,VA,24360,,877-455-3833,E,,Public,24 hours daily,,,,,,,6,,eVgo Network,https://www.evgo.com,GPS,36.945565,-80.945689,2026-06-08,323687,2026-06-08 23:59:39 UTC,,,,2024-01-01,,,,,J1772COMBO,US,,,,Public,,public,,,,,,,,,,,,,,,,,,,,false,,,,,,,,,false,
ELEC,Royal Farms - Tesla Supercharger,129 Holland Rd,,Suffolk,VA,23434,,877-798-3752,E,,Public,24 hours daily. Please check Tesla's online station map to see if an adapter is required at this location.,A D Debit M V,,,,,,8,,Tesla,https://www.tesla.com/supercharger,GPS,36.71739,-76.656885,2024-07-01,324013,2025-02-12 00:16:32 UTC,P,,,2024-01-04,,,,,TESLA,US,,,,Public,,public,,,GAS_STATION,,,,,,,,,,,,,,,,,false,,,,,,,,LD,false,
ELEC,Wawa - Tesla Supercharger,2051  Daniel Stuart Square,,Woodbridge,VA,22191,,877-798-3752,E,,Public,24 hours daily. Please check Tesla's online station map to see if an adapter is required at this location.,A D Debit M V,,,,,,8,,Tesla,https://www.tesla.com/supercharger,GPS,38.63313,-77.27624,2024-07-01,324016,2025-02-12 00:16:32 UTC,P,,,2024-01-04,,,,,TESLA,US,,,,Public,,public,,,GAS_STATION,,,,,,,,,,,,,,,,,false,,,,,,,,LD,false,
ELEC,OBE LYNCHBURG GEN 1,1901 Tate Springs Road,"By using this EV charger, you agree OBE Power owns and operates it, keeping all environmental attributes, including carbon credits.",Lynchburg,VA,24501,,888-758-4389,E,,Public,24 hours daily,,,,,,2,,,ChargePoint Network,https://www.chargepoint.com,GPS,37.41385,-79.171508,2026-06-09,325399,2026-06-09 03:07:46 UTC,,,,2024-01-13,,,,,J1772,US,,,,Public,,public,,,,,,,,,,,,,,,,,,,,false,,,,,,,,,false,
ELEC,OBE LYNCHBURG GEN 2,1901 Tate Springs Road,"By using this EV charger, you agree OBE Power owns and operates it, keeping all environmental attributes, including carbon credits.",Lynchburg,VA,24501,,888-758-4389,E,,Public,24 hours daily,,,,,,2,,,ChargePoint Network,https://www.chargepoint.com,GPS,37.413955,-79.171386,2026-06-09,325401,2026-06-09 03:07:47 UTC,,,,2024-01-13,,,,,J1772,US,,,,Public,,public,,,,,,,,,,,,,,,,,,,,false,,,,,,,,,false,
ELEC,OBE LYNCHBURG GEN 3,1901 Tate Springs Road,"By using this EV charger, you agree OBE Power owns and operates it, keeping all environmental attributes, including carbon credits.",Lynchburg,VA,24501,,888-758-4389,E,,Public,24 hours daily,,,,,,2,,,ChargePoint Network,https://www.chargepoint.com,GPS,37.413967,-79.171371,2026-06-09,325402,2026-06-09 03:07:53 UTC,,,,2024-01-13,,,,,J1772,US,,,,Public,,public,,,,,,,,,,,,,,,,,,,,false,,,,,,,,,false,
ELEC,SWTCH Energy Inc.,2727 Merrilee Dr,,Fairfax,VA,22031,,844-798-2438,E,,Public,24 hours daily,A D Debit M V,,,,,4,,,SWTCH,https://swtchenergy.com,GPS,38.8793,-77.23,2024-02-12,325977,2025-02-12 00:16:32 UTC,P,,,2024-01-07,,,,,J1772,US,,,,Public,,public,,,MULTI_UNIT_DWELLING,,,,,,,,,,,,,,,,,false,,,,,,,,,false,
ELEC,SWTCH Energy Inc.,2729 Merrilee Dr,,Fairfax,VA,22031,,844-798-2438,E,,Public,24 hours daily,A D Debit M V,,,,,4,,,SWTCH,https://swtchenergy.com,GPS,38.8788,-77.2301,2024-02-12,325987,2025-02-12 00:16:32 UTC,P,,,2024-01-08,,,,,J1772,US,,,,Public,,public,,,MULTI_UNIT_DWELLING,,,,,,,,,,,,,,,,,false,,,,,,,,,false,
ELEC,Triton Glen 2nd Level,10945 Nuckols Road,,Glen Allen,VA,23060,,888-998-2546,E,,Public,24 hours daily,,,,,,4,,,Blink Network,https://blinkcharging.com,GPS,37.66539698766593,-77.57605260245414,2026-06-09,326009,2026-06-09 00:41:47 UTC,,,,2024-01-18,,,,,J1772,US,,,,Public,,public,,,,,,,,,,,,,,,,,,,,false,,,,,,,,,false,
ELEC,Triton Glen 4th Level,10945 Nuckols Road,,Glen Allen,VA,23060,,888-998-2546,E,,Public,24 hours daily,,,,,,4,,,Blink Network,https://blinkcharging.com,GPS,37.66539698766593,-77.57557260245414,2026-06-09,326016,2026-06-09 01:00:09 UTC,,,,2024-01-18,,,,,J1772,US,,,,Public,,public,,,,,,,,,,,,,,,,,,,,false,,,,,,,,,false,
ELEC,Wawa - Tesla Supercharger,907 Colonial Corner Dr,,Hopewell,VA,23860,,877-798-3752,E,,Public,24 hours daily. Please check Tesla's online station map to see if an adapter is required at this location.,A D Debit M V,,,,,,12,,Tesla,https://www.tesla.com/supercharger,GPS,37.27157,-77.31661,2024-07-01,326168,2025-02-12 00:16:32 UTC,P,,,2024-01-18,,,,,TESLA,US,,,,Public,,public,,,GAS_STATION,,,,,,,,,,,,,,,,,false,,,,,,,,LD,false,
ELEC,Wawa - Tesla Supercharger,1146 N Military Hwy,,Norfolk,VA,23502,,877-798-3752,E,,Public,24 hours daily. Please check Tesla's online station map to see if an adapter is required at this location.,A D Debit M V,,,,,,8,,Tesla,https://www.tesla.com/supercharger,GPS,36.86132,-76.20931,2024-07-01,326171,2025-02-12 00:16:32 UTC,P,,,2024-01-18,,,,,TESLA,US,,,,Public,,public,,,GAS_STATION,,,,,,,,,,,,,,,,,false,,,,,,,,LD,false,
ELEC,URBA APARTMENTS,624 North Glebe Road,,Arlington,VA,22203,,888-998-2546,E,,Public,24 hours daily,,,,,,8,,,Blink Network,https://blinkcharging.com,GPS,38.87743192691039,-77.11060937116459,2026-06-09,326613,2026-06-09 00:42:46 UTC,,,,2024-01-04,,,,,J1772,US,,,,Public,,public,,,,,,,,,,,,,,,,,,,,false,,,,,,,,,false,
ELEC,HOLBROOK HOLBROOK,990 Main St,,Danville,VA,24541,,888-758-4389,E,,Public,24 hours daily,,,,,,2,,,ChargePoint Network,https://www.chargepoint.com,GPS,36.581421,-79.401196,2026-06-09,326957,2026-06-09 03:04:11 UTC,,,,2024-01-30,,,,,J1772,US,,,,Public,,public,,,,,,,,,,,,,,,,,,,,false,,,,,,,,,false,
ELEC,Malloy Ford of Charlottesville,2070 Seminole Trail,,Charlottesville,VA,22901,,888-998-2546,E,,Public,24 hours daily,,,,,,,4,,Blink Network,https://blinkcharging.com,GPS,38.092794,-78.468138,2026-06-09,327448,2026-06-09 00:11:40 UTC,,,,2024-02-02,,,,,J1772COMBO,US,,,,Public,,public,,,,,,,,,,,,,,,,,,,,false,,,,,,,,,false,
ELEC,Fair Oaks,12011 Lee Jackson Memorial Highway,,Fairfax,VA,22033,,888-998-2546,E,,Public,24 hours daily,,,,,,2,,,Blink Network,https://blinkcharging.com,GPS,38.86678786516168,-77.36108116931673,2026-06-09,327450,2026-06-09 00:41:58 UTC,,,,2024-02-02,,,,,J1772,US,,,,Public,,public,,,,,,,,,,,,,,,,,,,,false,,,,,,,,,false,
ELEC,Plaza America,11730 Plaza America Drive,,Reston,VA,20190,,888-998-2546,E,,Public,24 hours daily,,,,,,2,,,Blink Network,https://blinkcharging.com,GPS,38.9532847,-77.3505352,2026-06-09,328041,2026-06-09 00:24:49 UTC,,,,2022-08-23,,,,,J1772,US,,,,Public,,public,,,,,,,,,,,,,,,,,,,,false,,,,,,,,,false,
ELEC,Quality Inn Danville,2130 Riverside Dr,,Danville,VA,24540,,434-333-7208,E,,Public,24 hours daily; for guests only,A D M V,,,,,2,,,TURNONGREEN,https://turnongreen.com,200-8,36.59604,-79.40562,2025-12-12,328437,2026-02-02 23:16:24 UTC,P,,,2024-05-23,,,,,J1772,US,,,,Public,,public,,,HOTEL,,,,,,,$3.50 per hour,,,,,,,,,,true,,,,,,,,LD,false,
ELEC,GEORGE MASON U SCITECH KINGLOT,10900 University Boulevard,Located in the King Parking Lot on the Science & Technology campus of George Mason University.,Manassas,VA,20110,,888-758-4389,E,,Public,24 hours daily,,,,,,2,,,ChargePoint Network,https://www.chargepoint.com,GPS,38.756357,-77.520097,2026-06-09,328486,2026-06-09 03:09:15 UTC,,,,2024-02-15,,,,,J1772,US,,,,Public,,public,,,,,,,,,,,,,,,,,,,,false,,,,,,,,,false,
ELEC,Royal Farms - Tesla Supercharger,25016 Lee Highway,,Abingdon,VA,24210,,877-798-3752,E,,Public,24 hours daily. Please check Tesla's online station map to see if an adapter is required at this location.,A D Debit M V,,,,,,8,,Tesla,https://www.tesla.com/supercharger,GPS,36.71248,-81.92929,2024-07-01,328514,2025-02-12 00:16:32 UTC,P,,,2024-02-15,,,,,TESLA,US,,,,Public,,public,,,GAS_STATION,,,,,,,,,,,,,,,,,false,,,,,,,,LD,false,
ELEC,10800 - 10802 Parkridge,10800 Parkridge Boulevard,,Reston,VA,20191,,888-998-2546,E,,Public,24 hours daily,,,,,,2,,,Blink Network,https://blinkcharging.com,GPS,38.94465208226168,-77.31812492883596,2026-06-09,328788,2026-06-09 00:16:53 UTC,,,,2023-08-23,,,,,J1772,US,,,,Public,,public,,,,,,,,,,,,,,,,,,,,false,,,,,,,,,false,
ELEC,ERP EV CHARGER ERP,4610 Colley Ave,Northbound on Colley Ave,Norfolk,VA,23508,,888-758-4389,E,,Public,24 hours daily,,,,,,2,,,ChargePoint Network,https://www.chargepoint.com,GPS,36.886381,-76.294769,2026-06-09,328931,2026-06-09 03:08:09 UTC,,,,2024-02-22,,,,,J1772,US,,,,Public,,public,,,,,,,,,,,,,,,,,,,,false,,,,,,,,,false,
ELEC,CherryHill Apartments,2120 N Monroe St.,,Arlington,VA,22207,,888-998-2546,E,,Public,24 hours daily,,,,,,2,,,Blink Network,https://blinkcharging.com,GPS,38.8970905,-77.1043352,2026-06-09,328997,2026-06-09 01:00:41 UTC,,,,2021-12-10,,,,,J1772,US,,,,Public,,public,,,,,,,,,,,,,,,,,,,,false,,,,,,,,,false,
ELEC,TOWN SALTVILLE TOWN COMMONS,146 Palmer Avenue,Right side parking area at Post Office,Saltville,VA,24370,,888-758-4389,E,,Public,24 hours daily,,,,,,2,,,ChargePoint Network,https://www.chargepoint.com,GPS,36.880048,-81.764695,2026-06-09,329016,2026-06-09 03:07:03 UTC,,,,2024-02-23,,,,,J1772,US,,,,Public,,public,,,,,,,,,,,,,,,,,,,,false,,,,,,,,,false,
ELEC,Sheehy Richmond - L2,10601 Midlothian Turnpike,,Richmond,VA,23235,,888-998-2546,E,,Public,24 hours daily,,,,,,8,,,Blink Network,https://blinkcharging.com,GPS,37.50545,-77.59248,2026-06-09,329183,2026-06-09 00:35:43 UTC,,,,2024-02-19,,,,,J1772,US,,,,Public,,public,,,,,,,,,,,,,,,,,,,,false,,,,,,,,,false,
ELEC,FAIRFAX COUNTY SPRING METRO 1,7039 Old Keene Mill Rd,,Springfield,VA,22150,,888-758-4389,E,,Public,24 hours daily,,,,,,2,,,ChargePoint Network,https://www.chargepoint.com,GPS,38.778064,-77.187689,2026-06-09,329344,2026-06-09 03:09:59 UTC,,,,2024-02-27,,,,,J1772,US,,,,Public,,public,,,,,,,,,,,,,,,,,,,,false,,,,,,,,,false,
ELEC,FAIRFAX COUNTY SPRING METRO 2,7039 Old Keene Mill Rd,,Springfield,VA,22150,,888-758-4389,E,,Public,24 hours daily,,,,,,2,,,ChargePoint Network,https://www.chargepoint.com,GPS,38.778146,-77.187699,2026-06-09,329345,2026-06-09 03:10:00 UTC,,,,2024-02-27,,,,,J1772,US,,,,Public,,public,,,,,,,,,,,,,,,,,,,,false,,,,,,,,,false,
ELEC,FAIRFAX COUNTY SPRING METRO 3,7039 Old Keene Mill Rd,,Springfield,VA,22150,,888-758-4389,E,,Public,24 hours daily,,,,,,2,,,ChargePoint Network,https://www.chargepoint.com,GPS,38.778287,-77.18774,2026-06-09,329346,2026-06-09 03:10:00 UTC,,,,2024-02-27,,,,,J1772,US,,,,Public,,public,,,,,,,,,,,,,,,,,,,,false,,,,,,,,,false,
ELEC,LOUDOUN COUNTY STERLING CENTER,120 Enterprise Street,Community Center,Sterling,VA,20164,,888-758-4389,E,,Public,24 hours daily,,,,,,1,,,ChargePoint Network,https://www.chargepoint.com,GPS,38.998794,-77.401772,2026-06-09,329426,2026-06-09 03:09:57 UTC,,,,2024-02-28,,,,,J1772,US,,,,Public,,public,,,,,,,,,,,,,,,,,,,,false,,,,,,,,,false,
ELEC,LOUDOUN COUNTY BLUEMONT CENTER,33846 Snickersville Turnpike,Community Center,Bluemont,VA,20135,,888-758-4389,E,,Public,24 hours daily,,,,,,2,,,ChargePoint Network,https://www.chargepoint.com,GPS,39.109745,-77.829099,2026-06-09,329517,2026-06-09 03:09:55 UTC,,,,2024-02-29,,,,,J1772,US,,,,Public,,public,,,,,,,,,,,,,,,,,,,,false,,,,,,,,,false,
ELEC,LOUDOUN COUNTY MIDDLEBURG LB,101 Reed Street,Library,Middleburg,VA,20117,,888-758-4389,E,,Public,24 hours daily,,,,,,2,,,ChargePoint Network,https://www.chargepoint.com,GPS,38.968343,-77.740558,2026-06-09,329518,2026-06-09 03:09:56 UTC,,,,2024-02-29,,,,,J1772,US,,,,Public,,public,,,,,,,,,,,,,,,,,,,,false,,,,,,,,,false,
ELEC,Sheehy Richmond - L3,10601 Midlothian Turnpike,,Richmond,VA,23235,,888-998-2546,E,,Public,24 hours daily,,,,,,,4,,Blink Network,https://blinkcharging.com,GPS,37.50545,-77.59248,2026-06-09,329602,2026-06-09 00:27:20 UTC,,,,2024-02-27,,,,,J1772COMBO,US,,,,Public,,public,,,,,,,,,,,,,,,,,,,,false,,,,,,,,,false,
ELEC,The Wellness Center at West Falls,7174 Cardinal Lane,,Falls Church,VA,22043,,888-998-2546,E,,Public,24 hours daily,,,,,,4,,,Blink Network,https://blinkcharging.com,GPS,38.8970102034861,-77.19260874603272,2026-06-09,329958,2026-06-09 00:25:13 UTC,,,,2024-03-06,,,,,J1772,US,,,,Public,,public,,,,,,,,,,,,,,,,,,,,false,,,,,,,,,false,
ELEC,515 King St. Garage,107 N. St. Asaph St.,,Alexandria,VA,22314,,855-223-5351,E,,Public,24 hours daily,A D M V,,,,,4,,,FLASH,https://www.flashparking.com/products/diversify-parking-revenue/ev-charging-as-a-revenue-stream/,GPS,38.80539161544743,-77.04557418823244,2026-06-09,330022,2026-06-09 03:40:43 UTC,,,,2024-03-07,,,,,J1772,US,,,,Public,,public,,,PUBLIC,,,,,,,,,,,,,,,,,false,,,,,,,,,false,
ELEC,Sheetz - Tesla Supercharger,1702  South Main Street,,Blacksburg,VA,24060,,877-798-3752,E,,Public,24 hours daily. Please check Tesla's online station map to see if an adapter is required at this location.,A D Debit M V,,,,,,8,,Tesla,https://www.tesla.com/supercharger,GPS,37.21089,-80.40036,2024-07-01,330106,2025-02-12 00:16:32 UTC,P,,,2024-03-07,,,,,TESLA,US,,,,Public,,public,,,GAS_STATION,,,,,,,,,,,,,,,,,false,,,,,,,,LD,false,
ELEC,FAIRFAX COUNTY SPRING METRO 4,7039 Old Keene Mill Rd,,Springfield,VA,22150,,888-758-4389,E,,Public,24 hours daily,,,,,,1,,,ChargePoint Network,https://www.chargepoint.com,GPS,38.778199,-77.187591,2026-06-09,330297,2026-06-09 03:10:00 UTC,,,,2024-03-13,,,,,J1772,US,,,,Public,,public,,,,,,,,,,,,,,,,,,,,false,,,,,,,,,false,
ELEC,FAIRFAX COUNTY SPRING METRO 5,7039 Old Keene Mill Rd,,Springfield,VA,22150,,888-758-4389,E,,Public,24 hours daily,,,,,,1,,,ChargePoint Network,https://www.chargepoint.com,GPS,38.778462,-77.18743,2026-06-09,330298,2026-06-09 03:10:01 UTC,,,,2024-03-13,,,,,J1772,US,,,,Public,,public,,,,,,,,,,,,,,,,,,,,false,,,,,,,,,false,
ELEC,BELLA APARTMENT THE BELLA 1,700 City View Dr,,Midlothian,VA,23113,,888-758-4389,E,,Public,24 hours daily,,,,,,2,,,ChargePoint Network,https://www.chargepoint.com,GPS,37.515564,-77.69935,2026-06-09,330346,2026-06-09 03:10:58 UTC,,,,2024-03-13,,,,,J1772,US,,,,Public,,public,,,,,,,,,,,,,,,,,,,,false,,,,,,,,,false,
ELEC,BELLA APARTMENT THE BELLA 2,700 City View Dr,,Midlothian,VA,23113,,888-758-4389,E,,Public,24 hours daily,,,,,,2,,,ChargePoint Network,https://www.chargepoint.com,GPS,37.513842,-77.698108,2026-06-09,330350,2026-06-09 03:10:59 UTC,,,,2024-03-13,,,,,J1772,US,,,,Public,,public,,,,,,,,,,,,,,,,,,,,false,,,,,,,,,false,
ELEC,LOUDOUN COUNTY STERLINGCENTER2,120 Enterprise St,,Sterling,VA,20164,,888-758-4389,E,,Public,24 hours daily,,,,,,2,,,ChargePoint Network,https://www.chargepoint.com,GPS,38.998839,-77.401937,2026-06-09,330476,2026-06-09 03:09:56 UTC,,,,2024-03-14,,,,,J1772,US,,,,Public,,public,,,,,,,,,,,,,,,,,,,,false,,,,,,,,,false,
ELEC,VICTORY POINT VICTORY,14200 Park Meadow Dr,surface parking,Chantilly,VA,20151,,888-758-4389,E,,Public,24 hours daily,,,,,,2,,,ChargePoint Network,https://www.chargepoint.com,GPS,38.871817,-77.437343,2026-06-09,330487,2026-06-09 03:10:51 UTC,,,,2024-03-14,,,,,J1772,US,,,,Public,,public,,,,,,,,,,,,,,,,,,,,false,,,,,,,,,false,
ELEC,DEV EVSP IAD 1V #1,9300 Cargo Dr,,Sterling,VA,20166,,888-758-4389,E,,Public,24 hours daily,,,,,,2,,,ChargePoint Network,https://www.chargepoint.com,GPS,38.955201,-77.453078,2026-06-09,330608,2026-06-09 03:10:51 UTC,,,,2024-03-15,,,,,J1772,US,,,,Public,,public,,,,,,,,,,,,,,,,,,,,false,,,,,,,,,false,
ELEC,DEV EVSP IAD 1V #2,9300 Cargo Dr,1V#2,Sterling,VA,20166,,888-758-4389,E,,Public,24 hours daily,,,,,,2,,,ChargePoint Network,https://www.chargepoint.com,GPS,38.955425,-77.452159,2026-06-09,330610,2026-06-09 03:10:53 UTC,,,,2024-03-15,,,,,J1772,US,,,,Public,,public,,,,,,,,,,,,,,,,,,,,false,,,,,,,,,false,
ELEC,DEV EVSP IAD 1V #3,9300 Cargo Dr,,Sterling,VA,20166,,888-758-4389,E,,Public,24 hours daily,,,,,,2,,,ChargePoint Network,https://www.chargepoint.com,GPS,38.955405,-77.452233,2026-06-09,330611,2026-06-09 03:10:54 UTC,,,,2024-03-15,,,,,J1772,US,,,,Public,,public,,,,,,,,,,,,,,,,,,,,false,,,,,,,,,false,
ELEC,DEV EVSP IAD 1V #4,9300 Cargo Dr,,Sterling,VA,20166,,888-758-4389,E,,Public,24 hours daily,,,,,,2,,,ChargePoint Network,https://www.chargepoint.com,GPS,38.955379,-77.452155,2026-06-09,330612,2026-06-09 03:10:54 UTC,,,,2024-03-15,,,,,J1772,US,,,,Public,,public,,,,,,,,,,,,,,,,,,,,false,,,,,,,,,false,
ELEC,DEV EVSP IAD 1U #1,9300 Cargo Dr,Column 1U,Sterling,VA,20166,,888-758-4389,E,,Public,24 hours daily,,,,,,2,,,ChargePoint Network,https://www.chargepoint.com,GPS,38.955357,-77.452395,2026-06-09,330613,2026-06-09 03:10:54 UTC,,,,2024-03-15,,,,,J1772,US,,,,Public,,public,,,,,,,,,,,,,,,,,,,,false,,,,,,,,,false,
ELEC,DEV EVSP IAD 1U #2,9300 Cargo Dr,Column 1U,Sterling,VA,20166,,888-758-4389,E,,Public,24 hours daily,,,,,,2,,,ChargePoint Network,https://www.chargepoint.com,GPS,38.954447,-77.452449,2026-06-09,330614,2026-06-09 03:10:55 UTC,,,,2024-03-15,,,,,J1772,US,,,,Public,,public,,,,,,,,,,,,,,,,,,,,false,,,,,,,,,false,
ELEC,DEV EVSP IAD 1U #3,9300 Cargo Dr,Column 1U,Sterling,VA,20166,,888-758-4389,E,,Public,24 hours daily,,,,,,2,,,ChargePoint Network,https://www.chargepoint.com,GPS,38.95542,-77.452459,2026-06-09,330615,2026-06-09 03:10:55 UTC,,,,2024-03-15,,,,,J1772,US,,,,Public,,public,,,,,,,,,,,,,,,,,,,,false,,,,,,,,,false,
ELEC,DEV EVSP IAD 1U #4,9300 Cargo Dr,Column 1U,Sterling,VA,20166,,888-758-4389,E,,Public,24 hours daily,,,,,,2,,,ChargePoint Network,https://www.chargepoint.com,GPS,38.955423,-77.452425,2026-06-09,330616,2026-06-09 03:10:55 UTC,,,,2024-03-15,,,,,J1772,US,,,,Public,,public,,,,,,,,,,,,,,,,,,,,false,,,,,,,,,false,
ELEC,DEV EVSP IAD 1U #5,9300 Cargo Dr,Column 1U,Sterling,VA,20166,,888-758-4389,E,,Public,24 hours daily,,,,,,2,,,ChargePoint Network,https://www.chargepoint.com,GPS,38.955616,-77.453069,2026-06-09,330617,2026-06-09 03:10:56 UTC,,,,2024-03-15,,,,,J1772,US,,,,Public,,public,,,,,,,,,,,,,,,,,,,,false,,,,,,,,,false,
ELEC,DEV EVSP AD 1U #6,9300 Cargo Dr,Column 1U,Sterling,VA,20166,,888-758-4389,E,,Public,24 hours daily,,,,,,2,,,ChargePoint Network,https://www.chargepoint.com,GPS,38.955361,-77.452388,2026-06-09,330618,2026-06-09 03:10:56 UTC,,,,2024-03-15,,,,,J1772,US,,,,Public,,public,,,,,,,,,,,,,,,,,,,,false,,,,,,,,,false,
ELEC,DEV EVSP IAD 1R #1,9300 Cargo Dr,Column 1R,Sterling,VA,20166,,888-758-4389,E,,Public,24 hours daily,,,,,,2,,,ChargePoint Network,https://www.chargepoint.com,GPS,38.955301,-77.452597,2026-06-09,330619,2026-06-09 03:10:56 UTC,,,,2024-03-15,,,,,J1772,US,,,,Public,,public,,,,,,,,,,,,,,,,,,,,false,,,,,,,,,false,
ELEC,DEV EVSP IAD 1R #2,9300 Cargo Dr,Column 1R,Sterling,VA,20166,,888-758-4389,E,,Public,24 hours daily,,,,,,2,,,ChargePoint Network,https://www.chargepoint.com,GPS,38.955368,-77.452523,2026-06-09,330620,2026-06-09 03:10:57 UTC,,,,2024-03-15,,,,,J1772,US,,,,Public,,public,,,,,,,,,,,,,,,,,,,,false,,,,,,,,,false,
ELEC,DEV EVSP IAD 1R #3,9300 Cargo Dr,Column 1R,Sterling,VA,20166,,888-758-4389,E,,Public,24 hours daily,,,,,,2,,,ChargePoint Network,https://www.chargepoint.com,GPS,38.955362,-77.452515,2026-06-09,330621,2026-06-09 03:10:57 UTC,,,,2024-03-15,,,,,J1772,US,,,,Public,,public,,,,,,,,,,,,,,,,,,,,false,,,,,,,,,false,
ELEC,DEV EVSP IAD 1R #4,9300 Cargo Dr,,Sterling,VA,20166,,888-758-4389,E,,Public,24 hours daily,,,,,,2,,,ChargePoint Network,https://www.chargepoint.com,GPS,38.955283,-77.452578,2026-06-09,330622,2026-06-09 03:10:57 UTC,,,,2024-03-15,,,,,J1772,US,,,,Public,,public,,,,,,,,,,,,,,,,,,,,false,,,,,,,,,false,
ELEC,WOODLEIGH CHASE STATION 1,9805 Woodleigh Lane,,Fairfax,VA,22032,,888-758-4389,E,,Public,24 hours daily,,,,,,2,,,ChargePoint Network,https://www.chargepoint.com,GPS,38.825452,-77.288047,2026-06-09,330770,2026-06-09 03:09:39 UTC,,,,2024-03-19,,,,,J1772,US,,,,Public,,public,,,,,,,,,,,,,,,,,,,,false,,,,,,,,,false,
ELEC,DEV EVSP IAD VALET # 1,44900 Saarinen Cir,,Sterling,VA,20166,,888-758-4389,E,,Public,24 hours daily,,,,,,2,,,ChargePoint Network,https://www.chargepoint.com,GPS,38.954194,-77.446208,2026-06-09,330814,2026-06-09 03:07:37 UTC,,,,2024-03-20,,,,,J1772,US,,,,Public,,public,,,,,,,,,,,,,,,,,,,,false,,,,,,,,,false,
ELEC,EV CHARGIING FS1,255 Sterrett Dr,,Blacksburg,VA,24060,,888-758-4389,E,,Public,24 hours daily,,,,,,2,,,ChargePoint Network,https://www.chargepoint.com,GPS,37.218915,-80.41391,2026-06-09,330816,2026-06-09 03:10:38 UTC,,,,2024-03-20,,,,,J1772,US,,,,Public,,public,,,,,,,,,,,,,,,,,,,,false,,,,,,,,,false,
ELEC,MARKET ST S126579,12001 Market St,Parking Garage B2 Level Ramp,Reston,VA,20190,,888-758-4389,E,,Public,24 hours daily,,,,,,2,,,ChargePoint Network,https://www.chargepoint.com,GPS,38.958325,-77.361916,2026-06-08,331230,2026-06-08 02:47:08 UTC,,,,2024-03-28,,,,,J1772,US,,,,Public,,public,,,,,,,,,,,,,,,,,,,,false,,,,,,,,,false,
ELEC,LOVETTSVILLE LTC ST 1,5 Town Center Dr,,Lovettsville,VA,20180,,888-758-4389,E,,Public,24 hours daily,,,,,,2,,,ChargePoint Network,https://www.chargepoint.com,GPS,39.274452,-77.640087,2026-06-08,331861,2026-06-08 02:48:02 UTC,,,,2024-04-06,,,,,J1772,US,,,,Public,,public,,,,,,,,,,,,,,,,,,,,false,,,,,,,,,false,
ELEC,LOVETTSVILLE LTC ST 2,5 Town Center Dr,,Lovettsville,VA,20180,,888-758-4389,E,,Public,24 hours daily,,,,,,2,,,ChargePoint Network,https://www.chargepoint.com,GPS,39.274344,-77.640087,2026-06-08,331862,2026-06-08 02:48:02 UTC,,,,2024-04-06,,,,,J1772,US,,,,Public,,public,,,,,,,,,,,,,,,,,,,,false,,,,,,,,,false,
ELEC,LOVETTSVILLE LTC ST 3,5 Town Center Dr,,Lovettsville,VA,20180,,888-758-4389,E,,Public,24 hours daily,,,,,,2,,,ChargePoint Network,https://www.chargepoint.com,GPS,39.274319,-77.640087,2026-06-08,331863,2026-06-08 02:48:02 UTC,,,,2024-04-06,,,,,J1772,US,,,,Public,,public,,,,,,,,,,,,,,,,,,,,false,,,,,,,,,false,
ELEC,"Dollar Tree Management, LLC - North Garage",1313 Crossways Boulevard,,Chesapeake,VA,23320,,888-998-2546,E,,Public,24 hours daily,,,,,,6,,,Blink Network,https://blinkcharging.com,GPS,36.769767,-76.243748,2026-06-09,332168,2026-06-09 00:39:09 UTC,,,,2023-05-25,,,,,J1772,US,,,,Public,,public,,,,,,,,,,,,,,,,,,,,false,,,,,,,,,false,
ELEC,"Summit Pointe Garage 1, LLC- Parking Garage #1",580 Belaire Avenue,,Chesapeake,VA,23320,,888-998-2546,E,,Public,24 hours daily,,,,,,6,,,Blink Network,https://blinkcharging.com,GPS,36.76856697529344,-76.24044142310593,2026-06-09,332172,2026-06-09 00:22:37 UTC,,,,2023-05-25,,,,,J1772,US,,,,Public,,public,,,,,,,,,,,,,,,,,,,,false,,,,,,,,,false,
ELEC,"Summit Pointe Block 3, LLC - Parking Garage #3",650 Belaire Avenue,,Chesapeake,VA,23320,,888-998-2546,E,,Public,24 hours daily,,,,,,6,,,Blink Network,https://blinkcharging.com,GPS,36.76886181658691,-76.23900250967286,2026-06-09,332176,2026-06-09 00:59:44 UTC,,,,2023-05-25,,,,,J1772,US,,,,Public,,public,,,,,,,,,,,,,,,,,,,,false,,,,,,,,,false,
ELEC,LYNX VENTURES STATION 14 DC,0 E 4th St,1-Bottom of garage,Richmond,VA,23224,,888-758-4389,E,,Public,24 hours daily,,,,,,,1,,ChargePoint Network,https://www.chargepoint.com,GPS,37.524181,-77.437457,2026-06-09,332454,2026-06-09 02:26:05 UTC,,,,2024-04-17,,,,,CHADEMO J1772COMBO,US,,,,Public,,public,,,,,,,,,,,,,,,,,,,,false,,,,,,,,,false,
ELEC,MICROSOFT IAD03 1,41720 Inclusion Ln,,Leesburg,VA,20175,,888-758-4389,E,,Public,24 hours daily,,,,,,2,,,ChargePoint Network,https://www.chargepoint.com,GPS,39.068341,-77.559985,2026-06-08,332464,2026-06-08 02:47:01 UTC,,,,2024-04-17,,,,,J1772,US,,,,Public,,public,,,,,,,,,,,,,,,,,,,,false,,,,,,,,,false,
ELEC,Wintergarden Pacific - Parking Lot,3338 Wintergreen Drive,,Roseland,VA,22967,,888-998-2546,E,,Public,24 hours daily,,,,,,2,,,Blink Network,https://blinkcharging.com,GPS,37.9213333,-78.9495556,2026-06-09,332601,2026-06-09 00:13:58 UTC,,,,2024-04-18,,,,,J1772,US,,,,Public,,public,,,,,,,,,,,,,,,,,,,,false,,,,,,,,,false,
ELEC,LOUDOUN METRO STATION 13.5,43625 Croson lane,,Ashburn,VA,20147,,888-758-4389,E,,Public,"Mon: 12:00am-1:00am, 4:00am-11:59pm; Tue: 12:00am-1:00am, 4:00am-11:59pm; Wed: 12:00am-1:00am, 4:00am-11:59pm; Thu: 12:00am-1:00am, 4:00am-11:59pm; Fri: 12:00am-1:00am, 4:00am-11:59pm; Sat: 12:00am-1:00am, 4:00am-11:59pm; Sun: 12:00am-1:00am, 4:00am-11:59pm",,,,,,2,,,ChargePoint Network,https://www.chargepoint.com,GPS,39.00537,-77.49298,2026-06-09,332607,2026-06-09 01:31:27 UTC,,,,2024-04-19,,,,,J1772,US,,,,Public,,public,,,,,,,,,,,,,,,,,,,,false,,,,,,,,,false,
ELEC,Washington Exotics,21826 Pacific Blvd,,Sterling,VA,20166,,844-226-3873,E,,Public,,,,,,,1,,,ABM,https://info.abm.com/SimplifyEV,GPS,39.0123787,-77.4369395,2026-06-09,333234,2026-06-09 04:21:05 UTC,,,,2024-04-22,,,,,J1772,US,,,,Public,,public,,,,,,,,,,,,,,,,,,,,false,,,,,,,,,false,
ELEC,Farmville Farmer's Market Lot,213 North Street,,Farmville,VA,23901,,844-226-3873,E,,Public,,,,,,,1,1,,ABM,https://info.abm.com/SimplifyEV,GPS,37.3039766,-78.3929295,2026-06-09,333303,2026-06-09 04:21:21 UTC,,,,2024-04-22,,,,,J1772 J1772COMBO,US,,,,Public,,public,,,,,,,,,,,,,,,,,,,,false,,,,,,,,,false,
ELEC,Farmville Downtown Plaza Lot,Main Street,,Farmville,VA,23901,,844-226-3873,E,,Public,,,,,,,1,1,,ABM,https://info.abm.com/SimplifyEV,GPS,37.3018393,-78.3927203,2026-06-09,333304,2026-06-09 04:21:21 UTC,,,,2024-04-22,,,,,J1772 J1772COMBO,US,,,,Public,,public,,,,,,,,,,,,,,,,,,,,false,,,,,,,,,false,
ELEC,Allegiance Hospitalilty,2100 Dickens Road Suite,,Richmond,VA,23230,,888-998-2546,E,,Public,24 hours daily,,,,,,4,,,Blink Network,https://blinkcharging.com,GPS,37.600240681322965,-77.51269484698908,2026-06-09,333405,2026-06-09 00:34:09 UTC,,,,2024-04-23,,,,,J1772,US,,,,Public,,public,,,,,,,,,,,,,,,,,,,,false,,,,,,,,,false,
ELEC,COR OETM COR OETM 1,1500 East Franklin Street,,Richmond,VA,23219,,888-758-4389,E,,Public,24 hours daily,,,,,,1,,,ChargePoint Network,https://www.chargepoint.com,GPS,37.535685,-77.429325,2026-06-08,333428,2026-06-08 02:48:46 UTC,,,,2024-04-24,,,,,J1772,US,,,,Public,,public,,,,,,,,,,,,,,,,,,,,false,,,,,,,,,false,
ELEC,COR OETM COR OETM 2,1500 East Franklin Street,,Richmond,VA,23219,,888-758-4389,E,,Public,24 hours daily,,,,,,1,,,ChargePoint Network,https://www.chargepoint.com,GPS,37.53565,-77.429332,2026-06-08,333430,2026-06-08 02:48:51 UTC,,,,2024-04-24,,,,,J1772,US,,,,Public,,public,,,,,,,,,,,,,,,,,,,,false,,,,,,,,,false,
ELEC,"Springfield, VA - Loisdale Road - Tesla Destination",8100 Loisdale Rd,,Springfield,VA,22150,,877-798-3752,E,,Public,,A D Debit M V,,,,,6,,,Tesla Destination,https://www.tesla.com/destination-charging,GPS,38.740249,-77.187968,2024-07-01,333476,2025-02-12 00:16:32 UTC,P,,,2024-04-18,,,,,J1772 TESLA,US,,,,Public,,public,,,HOTEL,,,,,,,,,,,,,,,,,false,,,,,,,,LD,false,
ELEC,Sheehy Ford of Ashland - DCFC,11450 Washington Highway,,Ashland,VA,23005,,888-998-2546,E,,Public,24 hours daily,,,,,,,2,,Blink Network,https://blinkcharging.com,GPS,37.724852,-77.468748,2026-06-09,333486,2026-06-09 00:46:16 UTC,,,,2023-11-01,,,,,J1772COMBO,US,,,,Public,,public,,,,,,,,,,,,,,,,,,,,false,,,,,,,,,false,
ELEC,Radley Acura,5823 Columbia Pike,,Falls Church,VA,22041,,888-998-2546,E,,Public,24 hours daily,,,,,,2,2,,Blink Network,https://blinkcharging.com,GPS,38.8493682817833,-77.13129030094741,2026-06-09,333601,2026-06-09 00:49:04 UTC,,,,2024-02-16,,,,,J1772 J1772COMBO,US,,,,Public,,public,,,,,,,,,,,,,,,,,,,,false,,,,,,,,,false,
ELEC,"Vienna, VA - Tesla Destination",8400 Old Courthouse Rd,,Vienna,VA,22182,,877-798-3752,E,,Public,,A D Debit M V,,,,,6,,,Tesla Destination,https://www.tesla.com/destination-charging,GPS,38.915807,-77.235814,2024-07-01,333713,2025-02-12 00:16:32 UTC,P,,,2024-04-25,,,,,J1772 TESLA,US,,,,Public,,public,,,HOTEL,,,,,,,,,,,,,,,,,false,,,,,,,,LD,false,
ELEC,Episcopal High School,1200 N Quaker Ln,,Alexandria,VA,22302,,NA,E,,Public,24 hours daily,A ACCOUNT_BALANCE ANDROID_PAY APPLE_PAY CREDIT D M V,,,,,1,,,Non-Networked,,200-8,38.82506,-77.09393,2024-05-09,333900,2025-02-12 00:16:32 UTC,P,,,2023-05-18,,,,,J1772,US,,,,Public,,public,,,PARKING_LOT,,,,,,,,,,,,,,,,,false,,,,,,,,LD,false,
ELEC,Wyndham at Hampton,2 Wyndham Dr,,Hampton,VA,23666,,917-274-7217,E,,Public,24 hours daily,,,,,,4,,,EVIUM,https://www.eviumcharging.com,GPS,37.0504159,-76.39357609999999,2026-06-09,334092,2026-06-09 04:43:39 UTC,,,,2023-10-09,,,,,J1772,US,,,,Public,,public,,,,,,,,,,,,,,,,,,,,false,,,,,,,,,false,
ELEC,Homewood Suites Charlottesville,2036 India Rd,,Charlottesville,VA,22901,,949-945-2000,E,,Public,24 hours daily,,,,,,2,,,EVGATEWAY,https://evgateway.com,GPS,38.061769,-78.488648,2026-06-09,334101,2026-06-09 04:44:08 UTC,,,,2023-08-23,,,,,J1772,US,,,,Public,,public,,,,,,,,,,,,,,,,,,,,false,,,,,,,,,false,
ELEC,Citizap,220 Webbs Mill Road,,Floyd,VA,24091,,949-945-2000,E,,Public,Mon: 4:00am-4:00pm; Tue: 4:00am-4:00pm; Wed: 4:00am-4:00pm; Thu: 4:00am-4:00pm; Fri: 4:00am-4:00pm; Sat: 4:00am-4:00pm; Sun: 4:00am-4:00pm,,,,,,6,,,EVGATEWAY,https://evgateway.com,GPS,36.9183,-80.32488,2026-06-09,334120,2026-06-09 04:43:47 UTC,,,,2022-05-19,,,,,J1772,US,,,,Public,,public,,,,,,,,,,,,,,,,,,,,false,,,,,,,,,false,
ELEC,Makers Rise Apartments,2311 Dulles Station Blvd,,Herndon,VA,20171,,949-945-2000,E,,Public,24 hours daily,,,,,,10,,,EVGATEWAY,https://evgateway.com,GPS,38.95855289999999,-77.4152636,2026-06-09,334134,2026-06-09 04:41:57 UTC,,,,2023-10-23,,,,,J1772,US,,,,Public,,public,,,,,,,,,,,,,,,,,,,,false,,,,,,,,,false,
ELEC,ICON at Dulles - I Building Garage,2333 Dulles Station Blvd,,Herndon,VA,20171,,949-945-2000,E,,Public,24 hours daily,,,,,,6,,,EVGATEWAY,https://evgateway.com,GPS,38.956653,-77.41795479999999,2026-06-09,334135,2026-06-09 04:41:47 UTC,,,,2023-12-12,,,,,J1772,US,,,,Public,,public,,,,,,,,,,,,,,,,,,,,false,,,,,,,,,false,
ELEC,ICON at Dulles - K Building Garage,2341 Dulles Station Blvd,,Herndon,VA,20171,,949-945-2000,E,,Public,24 hours daily,,,,,,6,,,EVGATEWAY,https://evgateway.com,GPS,38.95659819999999,-77.4187785,2026-06-09,334136,2026-06-09 04:41:52 UTC,,,,2023-12-12,,,,,J1772,US,,,,Public,,public,,,,,,,,,,,,,,,,,,,,false,,,,,,,,,false,
ELEC,Swift Creek,13501 Hull Street Rd,,Midlothian,VA,23112,,866-816-7584,E,,Public,24 hours daily,,,,,,,4,,EV Connect,https://www.evconnect.com,GPS,37.411391,-77.646565,2026-06-09,334291,2026-06-09 03:32:29 UTC,,,,2024-04-30,,,,,J1772COMBO,US,,,,Public,,public,,,,,,,,,,,,,,,,,,,,false,,,,,,,,,false,
ELEC,DEV PUBLIC LGBG LOT A #2,1800 Lakeside Avenue,,Henrico,VA,23228,,888-758-4389,E,,Public,24 hours daily,,,,,,2,,,ChargePoint Network,https://www.chargepoint.com,GPS,37.620335,-77.470159,2026-06-08,334367,2026-06-08 02:48:48 UTC,,,,2024-05-02,,,,,J1772,US,,,,Public,,public,,,,,,,,,,,,,,,,,,,,false,,,,,,,,,false,
ELEC,DEV PUBLIC LGBG LOT A #1,1800 Lakeside Avenue,,Henrico,VA,23228,,888-758-4389,E,,Public,24 hours daily,,,,,,2,,,ChargePoint Network,https://www.chargepoint.com,GPS,37.620393,-77.470132,2026-06-08,334368,2026-06-08 02:48:48 UTC,,,,2024-05-02,,,,,J1772,US,,,,Public,,public,,,,,,,,,,,,,,,,,,,,false,,,,,,,,,false,
ELEC,STHR HYUNDAI 2,7300 Williamson Road,,Hollins,VA,24019,,888-758-4389,E,,Public,24 hours daily,,,,,,,1,,ChargePoint Network,https://www.chargepoint.com,GPS,37.347392,-79.954125,2026-06-08,334576,2026-06-08 02:49:40 UTC,,,,2024-05-03,,,,,CHADEMO J1772COMBO,US,,,,Public,,public,,,,,,,,,,,,,,,,,,,,false,,,,,,,,,false,
ELEC,The Factory,11900 Main St,,Fredericksburg,VA,22408,,540-618-5819,E,,Public,Contact site for information,A ANDROID_PAY APPLE_PAY CREDIT D M,,,,,4,,,AMPUP,https://ampup.io,GPS,38.2792879,-77.4484495,2024-05-09,335287,2025-02-12 00:16:32 UTC,P,,,2023-11-21,,,,,J1772,US,,,,Public,,public,,,MULTI_UNIT_DWELLING,,,,,,,,,,,,,,,,,false,,,,,,,,LD,false,
ELEC,Avery Point,12000 Avery Pt Way,,Richmond,VA,23233,,804-270-8180,E,,Public,Contact site for information,A ANDROID_PAY APPLE_PAY CREDIT D M,,,,,1,,,AMPUP,https://ampup.io,GPS,37.653191,-77.653196,2024-05-09,335320,2025-02-12 00:16:32 UTC,P,,,2024-02-15,,,,,J1772,US,,,,Public,,public,,,MULTI_UNIT_DWELLING,,,,,,,,,,,,,,,,,false,,,,,,,,LD,false,
ELEC,BILLTALLEYFORD CH3,6280 Mechanicsville Turnpike,Back Lot,Mechanicsville,VA,23111,,888-758-4389,E,,Public,24 hours daily,,,,,,2,,,ChargePoint Network,https://www.chargepoint.com,GPS,37.619705,-77.319234,2026-06-08,335676,2026-06-08 02:49:35 UTC,,,,2024-05-07,,,,,J1772,US,,,,Public,,public,,,,,,,,,,,,,,,,,,,,false,,,,,,,,,false,
ELEC,BILLTALLEYFORD CH4,6280 Mechanicsville Turnpike,Back Lot,Mechanicsville,VA,23111,,888-758-4389,E,,Public,24 hours daily,,,,,,2,,,ChargePoint Network,https://www.chargepoint.com,GPS,37.619777,-77.319107,2026-06-08,335677,2026-06-08 02:49:35 UTC,,,,2024-05-07,,,,,J1772,US,,,,Public,,public,,,,,,,,,,,,,,,,,,,,false,,,,,,,,,false,
ELEC,SpringHill Suites VB Ocean Front,901 Atlantic Avenue,,Virginia Beach,VA,23451,,888-998-2546,E,,Public,24 hours daily,,,,,,2,,,Blink Network,https://blinkcharging.com,GPS,36.83832729803362,-75.97182493249758,2026-06-09,341875,2026-06-09 00:23:49 UTC,,,,2024-05-08,,,,,J1772,US,,,,Public,,public,,,,,,,,,,,,,,,,,,,,false,,,,,,,,,false,
ELEC,Newport News Waterworks MOC,425 Industrial Park Drive,,Newport News,VA,23608,,888-998-2546,E,,Public,24 hours daily,,,,,,5,,,Blink Network,https://blinkcharging.com,GPS,37.16529511977343,-76.55398904232916,2026-06-09,346124,2026-06-09 00:13:17 UTC,,,,2024-05-13,,,,,J1772,US,,,,Public,,public,,,,,,,,,,,,,,,,,,,,false,,,,,,,,,false,
ELEC,WMBG HONDA WMBH NEW PDI,7101 Richmond Rd,,Williamsburg,VA,23188,,888-758-4389,E,,Public,24 hours daily,,,,,,,1,,ChargePoint Network,https://www.chargepoint.com,GPS,37.358674,-76.766329,2026-06-08,346416,2026-06-08 02:50:12 UTC,,,,2024-05-17,,,,,CHADEMO J1772COMBO,US,,,,Public,,public,,,,,,,,,,,,,,,,,,,,false,,,,,,,,,false,
ELEC,DISTRICT VUE STATION 2,2552 Orange Ave NE,,Roanoke,VA,24012,,888-758-4389,E,,Public,24 hours daily,,,,,,2,,,ChargePoint Network,https://www.chargepoint.com,GPS,37.293505,-79.906348,2026-06-08,346500,2026-06-08 02:50:11 UTC,,,,2024-05-18,,,,,J1772,US,,,,Public,,public,,,,,,,,,,,,,,,,,,,,false,,,,,,,,,false,
ELEC,DISTRICT VUE STATION 1,2552 Orange Ave NE,,Roanoke,VA,24012,,888-758-4389,E,,Public,24 hours daily,,,,,,2,,,ChargePoint Network,https://www.chargepoint.com,GPS,37.293531,-79.906408,2026-06-08,346501,2026-06-08 02:50:12 UTC,,,,2024-05-18,,,,,J1772,US,,,,Public,,public,,,,,,,,,,,,,,,,,,,,false,,,,,,,,,false,
ELEC,DAIRY QUEEN STATION 1,433 N Main St,,Kilmarnock,VA,22482,,888-758-4389,E,,Public,24 hours daily,,,,,,,1,,ChargePoint Network,https://www.chargepoint.com,GPS,37.719844,-76.385295,2026-06-08,346600,2026-06-08 02:50:30 UTC,,,,2024-05-21,,,,,J1772COMBO TESLA,US,,,,Public,,public,,,,,,,,,,,,,,,,,,,,false,,,,,,,,,false,
ELEC,DAIRY QUEEN STATION 2,433 N Main St,,Kilmarnock,VA,22482,,888-758-4389,E,,Public,24 hours daily,,,,,,,1,,ChargePoint Network,https://www.chargepoint.com,GPS,37.719798,-76.385262,2026-06-08,346601,2026-06-08 02:50:30 UTC,,,,2024-05-21,,,,,J1772COMBO TESLA,US,,,,Public,,public,,,,,,,,,,,,,,,,,,,,false,,,,,,,,,false,
ELEC,703 England,703 England St,,Ashland,VA,23005,,866-816-7584,E,,Public,24 hours daily,,,,,,,4,,EV Connect,https://www.evconnect.com,GPS,37.757788,-77.470332,2026-06-09,346961,2026-06-09 03:32:17 UTC,,,,2024-05-30,,,,,CHADEMO J1772COMBO,US,,,,Public,,public,,,,,,,,,,,,,,,,,,,,false,,,,,,,,,false,
ELEC,WMBG HONDA WMBGHONDANEW,7101 Richmond Rd,,Williamsburg,VA,23188,,888-758-4389,E,,Public,24 hours daily,,,,,,1,,,ChargePoint Network,https://www.chargepoint.com,GPS,37.358647,-76.766442,2026-06-09,347256,2026-06-09 03:03:58 UTC,,,,2024-06-01,,,,,J1772,US,,,,Public,,public,,,,,,,,,,,,,,,,,,,,false,,,,,,,,,false,
ELEC,BILLTALLEYFORD CH5,6280 Mechanicsville Tpke,Back Lot,Mechanicsville,VA,23111,,888-758-4389,E,,Public,24 hours daily,,,,,,2,,,ChargePoint Network,https://www.chargepoint.com,GPS,37.619007,-77.318357,2026-06-08,347259,2026-06-08 02:49:45 UTC,,,,2024-06-01,,,,,J1772,US,,,,Public,,public,,,,,,,,,,,,,,,,,,,,false,,,,,,,,,false,
ELEC,NORFOLK N. GAR #4,1511 USAA Dr,,Norfolk,VA,23502,,888-758-4389,E,,Public,24 hours daily,,,,,,2,,,ChargePoint Network,https://www.chargepoint.com,GPS,36.877003,-76.20751,2026-06-08,347409,2026-06-08 02:51:02 UTC,,,,2024-06-05,,,,,J1772,US,,,,Public,,public,,,,,,,,,,,,,,,,,,,,false,,,,,,,,,false,
ELEC,NORFOLK N. GAR #3,1511 USAA Dr,,Norfolk,VA,23502,,888-758-4389,E,,Public,24 hours daily,,,,,,2,,,ChargePoint Network,https://www.chargepoint.com,GPS,36.876985,-76.207451,2026-06-08,347410,2026-06-08 02:51:02 UTC,,,,2024-06-05,,,,,J1772,US,,,,Public,,public,,,,,,,,,,,,,,,,,,,,false,,,,,,,,,false,
ELEC,NORFOLK N. GAR #1,1511 USAA Dr,,Norfolk,VA,23502,,888-758-4389,E,,Public,24 hours daily,,,,,,2,,,ChargePoint Network,https://www.chargepoint.com,GPS,36.876965,-76.207329,2026-06-08,347411,2026-06-08 02:51:03 UTC,,,,2024-06-05,,,,,J1772,US,,,,Public,,public,,,,,,,,,,,,,,,,,,,,false,,,,,,,,,false,
ELEC,NORFOLK N. GAR #2,1511 USAA Dr,,Norfolk,VA,23502,,888-758-4389,E,,Public,24 hours daily,,,,,,2,,,ChargePoint Network,https://www.chargepoint.com,GPS,36.876978,-76.20739,2026-06-08,347412,2026-06-08 02:51:03 UTC,,,,2024-06-05,,,,,J1772,US,,,,Public,,public,,,,,,,,,,,,,,,,,,,,false,,,,,,,,,false,
ELEC,POHANKA LEXUS LXS CUST LOT,13909 Lee Jackson Memorial Hwy Service Rd,Near guard tower on monument sign,Chantilly,VA,20151,,888-758-4389,E,,Public,24 hours daily,,,,,,2,,,ChargePoint Network,https://www.chargepoint.com,GPS,38.89181,-77.42794,2026-06-09,347454,2026-06-09 02:50:40 UTC,,,,2024-06-06,,,,,J1772,US,,,,Public,,public,,,,,,,,,,,,,,,,,,,,false,,,,,,,,,false,
ELEC,Post Office St. Parking Lot,Post Office St,Behind Village Mall on Main St,Chincoteague,VA,23336,,,E,,Public,24 hours daily; Connector is accessible after payment,,,,,,2,,,Non-Networked,,200-6,37.93373,-75.37558,2024-08-15,347519,2025-02-12 00:16:32 UTC,LG,,,2024-04-25,,,,,J1772,US,,,,Public,,public,,,MUNI_GOV,,,,,,,$0.45 per kWh + $1.50 per event,,,,,,,,,,false,,,,,,,,LD,false,
ELEC,Queen St. Parking Lot,Queen St Parking Lot,"Behind 34 Market St, Onancock, VA 23417",Onancock,VA,23417,,855-938-8766,E,,Public,24 hours daily,CREDIT Debit,,,,,2,,,Non-Networked,,200-6,37.71138,-75.7494,2024-06-13,347520,2025-02-12 00:16:32 UTC,P,,,2024-04-25,,,,,J1772,US,,,,Public,,public,,,HARDWARE_STORE,,,,,,,Free,,,,,,,,,,false,,,,,,,,LD,false,
ELEC,Cape Charles Visitor Center,21275 Cooperative Way,Behind Visitor Center,Tasley,VA,23441,,855-938-8766,E,,Public,24 hours daily; connector is accessible after payment,CREDIT Debit,,,,,2,,,Non-Networked,,200-8,37.26697,-76.01728,2026-01-13,347521,2026-02-02 23:16:24 UTC,LG,,,2024-04-25,,,,,J1772,US,,,,Public,,public,,,PARKING_LOT,,,,,,,"$0.55 per kWh, $1.50 per event",,,,,,,,,,false,,,,,,,,LD,false,
ELEC,Malloy Ford Alexandria - DCFC,6510 Little River Turnpike,,Alexandria,VA,22312,,888-998-2546,E,,Public,24 hours daily,,,,,,,4,,Blink Network,https://blinkcharging.com,GPS,38.821667187160614,-77.15786571905315,2026-06-09,347523,2026-06-09 00:14:49 UTC,,,,2024-06-05,,,,,J1772COMBO,US,,,,Public,,public,,,,,,,,,,,,,,,,,,,,false,,,,,,,,,false,
ELEC,Vine Cottage Inn B&B,7402 Sam Snead Hwy,,Hot Springs,VA,24445,,540-839-2422,E,,Public - Call ahead,24 hours daily,A D Debit M V,,,,,1,,,Non-Networked,,GPS,37.9941657,-79.8321488,2024-07-11,347609,2025-02-12 00:16:32 UTC,P,,,2024-06-04,,,,,J1772,US,,,,Public - Appeler à l'avance,,public,CALL,,B_AND_B,,,,,,,Free,,,,,,,,,,true,,,,,,,,LD,false,
ELEC,Wawa - Tesla Supercharger,15809  Jefferson Davis Highway,,Woodbridge,VA,22191,,877-798-3752,E,,Public,24 hours daily. Please check Tesla's online station map to see if an adapter is required at this location.,A D Debit M V,,,,,,8,,Tesla,https://www.tesla.com/supercharger,GPS,38.60892,-77.29031,2024-07-01,348232,2025-02-12 00:16:32 UTC,P,,,2024-06-17,,,,,TESLA,US,,,,Public,,public,,,GAS_STATION,,,,,,,,,,,,,,,,,false,,,,,,,,LD,false,
ELEC,GridPoint,5305 Valleypark Dr,,Roanoke,VA,24019,,888-385-6671,E,,Public - Credit card at all times,24 hours daily,A ACCOUNT_BALANCE ANDROID_PAY APPLE_PAY D M V,,,,,1,,,LOOP,https://loopglobal.com,GPS,37.3313,-79.99069,2026-03-12,348784,2026-03-12 20:29:51 UTC,P,,,2022-08-29,,,,,J1772,US,,,,Public - Carte de crédit en tout temps,,public,CREDIT_CARD_ALWAYS,,OTHER,,,,,,,$1 activation fee; $0.15 per kWh,,,,,,,,,,false,,,,,,,,LD,false,
ELEC,Kajeet,7901 Jones Branch Dr,,McLean,VA,22102,,888-385-6671,E,,Public - Credit card at all times,24 hours daily,A ACCOUNT_BALANCE ANDROID_PAY APPLE_PAY D M V,,,,,2,,,LOOP,https://loopglobal.com,GPS,38.92636,-77.21936,2026-03-12,348853,2026-03-12 20:29:51 UTC,P,,,2023-06-08,,,,,J1772,US,,,,Public - Carte de crédit en tout temps,,public,CREDIT_CARD_ALWAYS,,OFFICE_BLDG,,,,,,,$35 monthly service fee,,,,,,,,,,false,,,,,,,,LD,false,
ELEC,Pilot Travel Center 752,1530 Rest Church Rd,,Winchester,VA,22624,,877-455-3833,E,,Public,24 hours daily,,,,,,,4,,eVgo Network,https://www.evgo.com,GPS,39.2901824,-78.0869307,2026-06-08,349068,2026-06-09 00:00:07 UTC,,,,2024-06-23,,,,,J1772COMBO,US,,,,Public,,public,,,,,,,,,,,,,,,,,,,,false,,,,,,,,,false,
ELEC,DEV EVSP DCA EV2-1,2400 National Ave,,Arlington,VA,22202,,888-758-4389,E,,Public,24 hours daily,,,,,,2,,,ChargePoint Network,https://www.chargepoint.com,GPS,38.852895,-77.045007,2026-06-08,349613,2026-06-08 02:52:05 UTC,,,,2024-06-28,,,,,J1772,US,,,,Public,,public,,,,,,,,,,,,,,,,,,,,false,,,,,,,,,false,
ELEC,POWER SHARING DCA EV2-5,2400 National Ave,,Arlington,VA,22202,,888-758-4389,E,,Public,24 hours daily,,,,,,1,,,ChargePoint Network,https://www.chargepoint.com,GPS,38.852862,-77.044988,2026-06-08,349614,2026-06-08 02:52:05 UTC,,,,2024-06-28,,,,,J1772,US,,,,Public,,public,,,,,,,,,,,,,,,,,,,,false,,,,,,,,,false,
ELEC,DEV EVSP DCA EV2-8,2400 National Ave,,Arlington,VA,22202,,888-758-4389,E,,Public,24 hours daily,,,,,,2,,,ChargePoint Network,https://www.chargepoint.com,GPS,38.852853,-77.044833,2026-06-08,349615,2026-06-08 02:52:06 UTC,,,,2024-06-28,,,,,J1772,US,,,,Public,,public,,,,,,,,,,,,,,,,,,,,false,,,,,,,,,false,
ELEC,DEV EVSP DCA EV2-2,2400 National Ave,,Arlington,VA,22202,,888-758-4389,E,,Public,24 hours daily,,,,,,2,,,ChargePoint Network,https://www.chargepoint.com,GPS,38.852855,-77.045144,2026-06-08,349616,2026-06-08 02:52:06 UTC,,,,2024-06-28,,,,,J1772,US,,,,Public,,public,,,,,,,,,,,,,,,,,,,,false,,,,,,,,,false,
ELEC,DEV EVSP DCA EV2-4,2400 National Ave,,Arlington,VA,22202,,888-758-4389,E,,Public,24 hours daily,,,,,,2,,,ChargePoint Network,https://www.chargepoint.com,GPS,38.852837,-77.045096,2026-06-08,349617,2026-06-08 02:52:06 UTC,,,,2024-06-28,,,,,J1772,US,,,,Public,,public,,,,,,,,,,,,,,,,,,,,false,,,,,,,,,false,
ELEC,DEV EVSP DCA EV2-3,2400 National Ave,,Arlington,VA,22202,,888-758-4389,E,,Public,24 hours daily,,,,,,2,,,ChargePoint Network,https://www.chargepoint.com,GPS,38.85287,-77.044953,2026-06-08,349618,2026-06-08 02:52:06 UTC,,,,2024-06-28,,,,,J1772,US,,,,Public,,public,,,,,,,,,,,,,,,,,,,,false,,,,,,,,,false,
ELEC,POWER SHARING DCA EV2-6,2400 National Ave,,Arlington,VA,22202,,888-758-4389,E,,Public,24 hours daily,,,,,,2,,,ChargePoint Network,https://www.chargepoint.com,GPS,38.852761,-77.045267,2026-06-08,349619,2026-06-08 02:52:07 UTC,,,,2024-06-28,,,,,J1772,US,,,,Public,,public,,,,,,,,,,,,,,,,,,,,false,,,,,,,,,false,
ELEC,DEV EVSP DCA EV2-7,2400 National Ave,,Arlington,VA,22202,,888-758-4389,E,,Public,24 hours daily,,,,,,2,,,ChargePoint Network,https://www.chargepoint.com,GPS,38.85283,-77.045074,2026-06-08,349620,2026-06-08 02:52:07 UTC,,,,2024-06-28,,,,,J1772,US,,,,Public,,public,,,,,,,,,,,,,,,,,,,,false,,,,,,,,,false,
ELEC,BOYD HOMES BOYD HOMES,542 Gateway Centre Pkwy,,Bon Air,VA,23235,,888-758-4389,E,,Public,24 hours daily,,,,,,2,,,ChargePoint Network,https://www.chargepoint.com,GPS,37.499332,-77.554541,2026-06-09,349697,2026-06-09 02:55:30 UTC,,,,2024-06-29,,,,,J1772,US,,,,Public,,public,,,,,,,,,,,,,,,,,,,,false,,,,,,,,,false,
ELEC,MISSION COFFEE STATION 1,222 South Wayne Avenue,,Waynesboro,VA,22980,,888-758-4389,E,,Public,24 hours daily,,,,,,2,,,ChargePoint Network,https://www.chargepoint.com,GPS,38.067018,-78.889327,2026-06-08,349745,2026-06-08 02:52:24 UTC,,,,2024-06-29,,,,,J1772,US,,,,Public,,public,,,,,,,,,,,,,,,,,,,,false,,,,,,,,,false,
ELEC,POHANKAHYUNDAI POHY 1,10667 Patriot Hwy,The station is on the side of the service entrance,Fredericksburg,VA,22408,,888-758-4389,E,,Public,24 hours daily,,,,,,,1,,ChargePoint Network,https://www.chargepoint.com,GPS,38.255242,-77.496549,2026-06-08,349937,2026-06-08 02:47:23 UTC,,,,2024-07-04,,,,,CHADEMO J1772COMBO,US,,,,Public,,public,,,,,,,,,,,,,,,,,,,,false,,,,,,,,,false,
ELEC,POHANKAHYUNDAI POHY 2,10667 Patriot Hwy,The station is on the side of the service entrance.,Fredericksburg,VA,22408,,888-758-4389,E,,Public,24 hours daily,,,,,,,1,,ChargePoint Network,https://www.chargepoint.com,GPS,38.255217,-77.496471,2026-06-08,349938,2026-06-08 02:47:23 UTC,,,,2024-07-04,,,,,CHADEMO J1772COMBO,US,,,,Public,,public,,,,,,,,,,,,,,,,,,,,false,,,,,,,,,false,
ELEC,Malloy Ford of Winchester - DCFC,1911 Valley Avenue,,Winchester,VA,22601,,888-998-2546,E,,Public,24 hours daily,,,,,,,4,,Blink Network,https://blinkcharging.com,GPS,39.16822429111155,-78.18129160355248,2026-06-09,350014,2026-06-09 00:32:05 UTC,,,,2024-07-01,,,,,J1772COMBO,US,,,,Public,,public,,,,,,,,,,,,,,,,,,,,false,,,,,,,,,false,
ELEC,The EV Superstore,2300 N Lombardy St,,Richmond,VA,23220,,800-636-0986,E,,Public,24 hours daily,A D Debit M V,,,,,2,,,Non-Networked,,GPS,37.5638900806243,-77.4477805134612,2024-08-15,350095,2025-02-12 00:16:32 UTC,P,,,2024-06-27,,,,,J1772,US,,,,Public,,public,,,PARKING_LOT,,,,,,,$0.45 per kWh,,,,,,,,,,false,,,,,,,,LD,false,
ELEC,ARLINGTON CO. MADISON 1,3829 N Stafford St,Front surface parking lot,Arlington,VA,22207,,888-758-4389,E,,Public,24 hours daily,,,,,,1,,,ChargePoint Network,https://www.chargepoint.com,GPS,38.923255,-77.124385,2026-06-08,350222,2026-06-08 02:52:11 UTC,,,,2024-07-10,,,,,J1772,US,,,,Public,,public,,,,,,,,,,,,,,,,,,,,false,,,,,,,,,false,
ELEC,ARLINGTON CO. MADISON 3,3829 N Stafford St,Front surface parking lot,Arlington,VA,22207,,888-758-4389,E,,Public,24 hours daily,,,,,,1,,,ChargePoint Network,https://www.chargepoint.com,GPS,38.923214,-77.12441,2026-06-08,350223,2026-06-08 02:52:11 UTC,,,,2024-07-10,,,,,J1772,US,,,,Public,,public,,,,,,,,,,,,,,,,,,,,false,,,,,,,,,false,
ELEC,ARLINGTON CO. MADISON 6,3829 N Stafford St,Front surface parking lot,Arlington,VA,22207,,888-758-4389,E,,Public,24 hours daily,,,,,,1,,,ChargePoint Network,https://www.chargepoint.com,GPS,38.923142,-77.124447,2026-06-08,350224,2026-06-08 02:52:12 UTC,,,,2024-07-10,,,,,J1772,US,,,,Public,,public,,,,,,,,,,,,,,,,,,,,false,,,,,,,,,false,
ELEC,ARLINGTON CO. MADISON 5,3829 N Stafford St,Front surface parking lot,Arlington,VA,22207,,888-758-4389,E,,Public,24 hours daily,,,,,,1,,,ChargePoint Network,https://www.chargepoint.com,GPS,38.92316,-77.12444,2026-06-08,350226,2026-06-08 02:52:13 UTC,,,,2024-07-10,,,,,J1772,US,,,,Public,,public,,,,,,,,,,,,,,,,,,,,false,,,,,,,,,false,
ELEC,WHITTEN ASHLAND POWER LINK 1,11409 Washington Highway,,Ashland,VA,23005,,888-758-4389,E,,Public,24 hours daily,,,,,,,2,,ChargePoint Network,https://www.chargepoint.com,GPS,37.721329,-77.470743,2026-06-08,350230,2026-06-08 02:52:29 UTC,,,,2024-07-10,,,,,J1772COMBO,US,,,,Public,,public,,,,,,,,,,,,,,,,,,,,false,,,,,,,,,false,
ELEC,Kohl's 308 - Mechanicsville,7390 Bell Creek Rd,,Mechanicsville,VA,23111,,877-455-3833,E,,Public,24 hours daily,,,,,,,4,,eVgo Network,https://www.evgo.com,GPS,37.6074575,-77.3547401,2026-06-08,350393,2026-06-09 00:00:32 UTC,,,,2024-07-11,,,,,J1772COMBO,US,,,,Public,,public,,,,,,,,,,,,,,,,,,,,false,,,,,,,,,false,
ELEC,ARLINGTON CO. MADISON 4,3829 N Stafford St,Surface Parking,Arlington,VA,22207,,888-758-4389,E,,Public,24 hours daily,,,,,,1,,,ChargePoint Network,https://www.chargepoint.com,GPS,38.923192,-77.12444,2026-06-08,350416,2026-06-08 02:52:11 UTC,,,,2024-07-12,,,,,J1772,US,,,,Public,,public,,,,,,,,,,,,,,,,,,,,false,,,,,,,,,false,
ELEC,ARLINGTON CO. MADISON 2,3829 N Stafford St,Surface Parking,Arlington,VA,22207,,888-758-4389,E,,Public,24 hours daily,,,,,,1,,,ChargePoint Network,https://www.chargepoint.com,GPS,38.92324,-77.124426,2026-06-08,350417,2026-06-08 02:52:12 UTC,,,,2024-07-12,,,,,J1772,US,,,,Public,,public,,,,,,,,,,,,,,,,,,,,false,,,,,,,,,false,
ELEC,Balfield Marketplace Shopping Center - Tesla Supercharger,216 Market Dr,,Emporia,VA,23847,,877-798-3752,E,,Public,24 hours daily,A D Debit M V,,,,,,8,,Tesla,https://www.tesla.com/supercharger,GPS,36.70499,-77.542673,2024-08-15,350457,2025-02-12 00:16:32 UTC,P,,,2024-07-11,,,,,TESLA,US,,,,Public,,public,,,SHOPPING_CENTER,,,,,,,,,,,,,,,,,false,,,,,,,,LD,false,
ELEC,DEV EVSP DCA EV1-15,2400 Ronald Reagan Washington National Airpor,,Arlington,VA,22202,,888-758-4389,E,,Public,24 hours daily,,,,,,2,,,ChargePoint Network,https://www.chargepoint.com,GPS,38.852905,-77.045074,2026-06-08,350696,2026-06-08 02:53:12 UTC,,,,2024-07-18,,,,,J1772,US,,,,Public,,public,,,,,,,,,,,,,,,,,,,,false,,,,,,,,,false,
ELEC,DEV EVSP DCA EV1-14,2400 Ronald Reagan Washington National Airpor,,Arlington,VA,22202,,888-758-4389,E,,Public,24 hours daily,,,,,,2,,,ChargePoint Network,https://www.chargepoint.com,GPS,38.853496,-77.045729,2026-06-08,350697,2026-06-08 02:53:13 UTC,,,,2024-07-18,,,,,J1772,US,,,,Public,,public,,,,,,,,,,,,,,,,,,,,false,,,,,,,,,false,
ELEC,DEV EVSP DCA EV1-13,2400 Ronald Reagan Washington National Airpor,,Arlington,VA,22202,,888-758-4389,E,,Public,24 hours daily,,,,,,2,,,ChargePoint Network,https://www.chargepoint.com,GPS,38.853488,-77.045677,2026-06-08,350698,2026-06-08 02:53:13 UTC,,,,2024-07-18,,,,,J1772,US,,,,Public,,public,,,,,,,,,,,,,,,,,,,,false,,,,,,,,,false,
ELEC,DEV EVSP DCA EV1-12,2400 Ronald Reagan Washington National Airpor,,Arlington,VA,22202,,888-758-4389,E,,Public,24 hours daily,,,,,,2,,,ChargePoint Network,https://www.chargepoint.com,GPS,38.853477,-77.045805,2026-06-08,350699,2026-06-08 02:53:13 UTC,,,,2024-07-18,,,,,J1772,US,,,,Public,,public,,,,,,,,,,,,,,,,,,,,false,,,,,,,,,false,
ELEC,DEV EVSP DCA EV1-11,2400 Ronald Reagan Washington National Airpor,,Arlington,VA,22202,,888-758-4389,E,,Public,24 hours daily,,,,,,2,,,ChargePoint Network,https://www.chargepoint.com,GPS,38.85334,-77.045865,2026-06-08,350700,2026-06-08 02:53:13 UTC,,,,2024-07-18,,,,,J1772,US,,,,Public,,public,,,,,,,,,,,,,,,,,,,,false,,,,,,,,,false,
ELEC,DEV EVSP DCA EV1-10,2400 Ronald Reagan Washington National Airpor,,Arlington,VA,22202,,888-758-4389,E,,Public,24 hours daily,,,,,,2,,,ChargePoint Network,https://www.chargepoint.com,GPS,38.853301,-77.045908,2026-06-08,350701,2026-06-08 02:53:14 UTC,,,,2024-07-18,,,,,J1772,US,,,,Public,,public,,,,,,,,,,,,,,,,,,,,false,,,,,,,,,false,
ELEC,DEV EVSP DCA EV1-9,2400 National Avenue,,Arlington,VA,22202,,888-758-4389,E,,Public,24 hours daily,,,,,,2,,,ChargePoint Network,https://www.chargepoint.com,GPS,38.853284,-77.045952,2026-06-08,350702,2026-06-08 02:53:14 UTC,,,,2024-07-18,,,,,J1772,US,,,,Public,,public,,,,,,,,,,,,,,,,,,,,false,,,,,,,,,false,
ELEC,DEV EVSP DCA EV1-16,2400 Ronald Reagan Washington National Airpor,,Arlington,VA,22202,,888-758-4389,E,,Public,24 hours daily,,,,,,1,,,ChargePoint Network,https://www.chargepoint.com,GPS,38.853492,-77.045593,2026-06-08,350703,2026-06-08 02:53:14 UTC,,,,2024-07-18,,,,,J1772,US,,,,Public,,public,,,,,,,,,,,,,,,,,,,,false,,,,,,,,,false,
ELEC,Vividly Brighter Charging,301 West Main Street,,Louisa,VA,23093,,888-493-3638,E,,Public,,,,,,,4,,,ZEFNET,https://www.zefenergy.com,GPS,38.02615,-78.00374,2026-06-09,350726,2026-06-09 04:27:40 UTC,,,,2024-07-18,,,,,J1772,US,,,,Public,,public,,,,,,,,,,,,,,,,,,,,false,,,,,,,,,false,
ELEC,Vividly Brighter Charging,212 Fredericksburg Avenue,,Louisa,VA,23093,,888-493-3638,E,,Public,,,,,,,4,,,ZEFNET,https://www.zefenergy.com,GPS,38.02519,-77.99782,2026-06-09,350727,2026-06-09 04:27:11 UTC,,,,2024-07-18,,,,,J1772,US,,,,Public,,public,,,,,,,,,,,,,,,,,,,,false,,,,,,,,,false,
ELEC,WHITTEN CJDR POWER LINK 1,10701 Midlothian Turnpike,,North Chesterfield,VA,23235,,888-758-4389,E,,Public,24 hours daily,,,,,,,2,,ChargePoint Network,https://www.chargepoint.com,GPS,37.505726,-77.594299,2026-06-08,350752,2026-06-08 02:47:32 UTC,,,,2024-07-19,,,,,J1772COMBO,US,,,,Public,,public,,,,,,,,,,,,,,,,,,,,false,,,,,,,,,false,
ELEC,701 E Rochambeau Dr,701 E Rochambeau Dr,,Williamsburg,VA,23188,,866-816-7584,E,,Public,24 hours daily,,,,,,4,2,,EV Connect,https://www.evconnect.com,GPS,37.349581,-76.734941,2026-06-09,350895,2026-06-09 03:33:02 UTC,,,,2024-07-20,,,,,J1772 J1772COMBO,US,,,,Public,,public,,,,,,,,,,,,,,,,,,,,false,,,,,,,,,false,
ELEC,Kaiser Permanente - Springfield - VA138-1,6551 Loisdale Court,,Springfield,VA,22150,,888-998-2546,E,,Public,24 hours daily,,,,,,8,,,Blink Network,https://blinkcharging.com,GPS,38.7755366,-77.1778577,2026-06-09,351696,2026-06-09 00:38:53 UTC,,,,2022-06-20,,,,,J1772,US,,,,Public,,public,,,,,,,,,,,,,,,,,,,,false,,,,,,,,,false,
ELEC,Kaiser Permanente - Woodbridge - VA134-1,13295 Minnieville Road,,Woodbridge,VA,22192,,888-998-2546,E,,Public,24 hours daily,,,,,,2,,,Blink Network,https://blinkcharging.com,GPS,38.6593728,-77.2974732,2026-06-09,351709,2026-06-09 00:22:10 UTC,,,,2021-08-18,,,,,J1772,US,,,,Public,,public,,,,,,,,,,,,,,,,,,,,false,,,,,,,,,false,
ELEC,WHITESTAR CLP 1,46931 Cedar Lake Plaza,,Sterling,VA,20164,,888-758-4389,E,,Public,24 hours daily,,,,,,2,,,ChargePoint Network,https://www.chargepoint.com,GPS,39.017522,-77.376569,2026-06-08,351744,2026-06-08 02:53:51 UTC,,,,2024-07-30,,,,,J1772,US,,,,Public,,public,,,,,,,,,,,,,,,,,,,,false,,,,,,,,,false,
ELEC,WHITESTAR CLP 2,46931 Cedar Lake Plaza,,Sterling,VA,20164,,888-758-4389,E,,Public,24 hours daily,,,,,,2,,,ChargePoint Network,https://www.chargepoint.com,GPS,39.017547,-77.376616,2026-06-08,351745,2026-06-08 02:53:51 UTC,,,,2024-07-30,,,,,J1772,US,,,,Public,,public,,,,,,,,,,,,,,,,,,,,false,,,,,,,,,false,
ELEC,SpringHill Suites by Marriott Roanoke North,8171 Gander Way,,Roanoke,VA,24019,,866-350-2738,E,,Public - Credit card at all times,24 Hours Daily,A CREDIT D M V,,,,,4,,,UNIVERSAL,https://universalevcharging.com,GPS,37.3587167448,-79.9601906893,2024-08-15,351831,2025-12-17 18:19:35 UTC,P,,,2023-12-22,,,,,J1772,US,,,,Public - Carte de crédit en tout temps,,public,CREDIT_CARD_ALWAYS,,HOTEL,,,,,,,,,,,,,,,,,true,,,,,,,,MD,false,
ELEC,WINCHESTER MED MOB 2,220 Campus Blvd,,Winchester,VA,22601,,888-758-4389,E,,Public,24 hours daily,,,,,,2,,,ChargePoint Network,https://www.chargepoint.com,GPS,39.19758,-78.19182,2026-06-08,352008,2026-06-08 02:53:57 UTC,,,,2024-08-02,,,,,J1772,US,,,,Public,,public,,,,,,,,,,,,,,,,,,,,false,,,,,,,,,false,
ELEC,WINCHESTER MED SURGI-CENTER,1840 Amherst St,,Winchester,VA,22601,,888-758-4389,E,,Public,24 hours daily,,,,,,2,,,ChargePoint Network,https://www.chargepoint.com,GPS,39.194061,-78.193504,2026-06-08,352019,2026-06-08 02:54:01 UTC,,,,2024-08-02,,,,,J1772,US,,,,Public,,public,,,,,,,,,,,,,,,,,,,,false,,,,,,,,,false,
ELEC,WINCHESTER MED CANCER CENTER,400 Campus Blvd,,Winchester,VA,22601,,888-758-4389,E,,Public,24 hours daily,,,,,,2,,,ChargePoint Network,https://www.chargepoint.com,GPS,39.196389,-78.189179,2026-06-08,352062,2026-06-08 02:54:02 UTC,,,,2024-08-03,,,,,J1772,US,,,,Public,,public,,,,,,,,,,,,,,,,,,,,false,,,,,,,,,false,
ELEC,WINCHESTER MED GARAGE 1,220 Campus Blvd,,Winchester,VA,22601,,888-758-4389,E,,Public,24 hours daily,,,,,,2,,,ChargePoint Network,https://www.chargepoint.com,GPS,39.196763,-78.193848,2026-06-08,352103,2026-06-08 02:54:02 UTC,,,,2024-08-06,,,,,J1772,US,,,,Public,,public,,,,,,,,,,,,,,,,,,,,false,,,,,,,,,false,
ELEC,WINCHESTER MED GARAGE 2,1832 Hospital Rd,,Winchester,VA,22601,,888-758-4389,E,,Public,24 hours daily,,,,,,2,,,ChargePoint Network,https://www.chargepoint.com,GPS,39.193955,-78.191751,2026-06-08,352104,2026-06-08 02:54:02 UTC,,,,2024-08-06,,,,,J1772,US,,,,Public,,public,,,,,,,,,,,,,,,,,,,,false,,,,,,,,,false,
ELEC,LOUDOUN COUNTY LUCKETTS CENTER,42361 Lucketts Rd,,Leesburg,VA,20176,,888-758-4389,E,,Public,24 hours daily,,,,,,2,,,ChargePoint Network,https://www.chargepoint.com,GPS,39.214886,-77.533931,2026-06-08,352661,2026-06-08 02:53:56 UTC,,,,2024-08-15,,,,,J1772,US,,,,Public,,public,,,,,,,,,,,,,,,,,,,,false,,,,,,,,,false,
ELEC,WI-NOT STOP 370 EE WINE GW M 1,14101 Whitney Rd,,Gainesville,VA,20155,,888-758-4389,E,,Public,24 hours daily,,,,,,,1,,ChargePoint Network,https://www.chargepoint.com,GPS,38.79324,-77.61124,2026-06-08,353010,2026-06-08 02:54:53 UTC,,,,2024-08-17,,,,,CHADEMO J1772COMBO,US,,,,Public,,public,,,,,,,,,,,,,,,,,,,,false,,,,,,,,,false,
ELEC,1600 Tysons Blvd,1600 Tysons Boulevard,,McLean,VA,22102,,888-998-2546,E,,Public,24 hours daily,,,,,,4,,,Blink Network,https://blinkcharging.com,GPS,38.92673,-77.22549,2026-06-09,353072,2026-06-09 00:48:43 UTC,,,,2024-04-03,,,,,J1772,US,,,,Public,,public,,,,,,,,,,,,,,,,,,,,false,,,,,,,,,false,
ELEC,G&C Juice Bar,14008 Willard Rd,,Chantilly,VA,20151,,703-552-9160,E,,Public,24 hours daily,,,,,,4,,,Non-Networked,,200-8,38.88692,-77.4316,2024-09-12,353135,2025-02-12 00:16:32 UTC,P,,,2024-07-30,,,,,J1772,US,,,,Public,,public,,,AUTO_REPAIR,,,,,,,Free,,,,,,,,,,true,,,,,,,,LD,false,
ELEC,EV CHARGIING PSG 2,1330 Perry Street,Level 1,Blacksburg,VA,24060,,888-758-4389,E,,Public,24 hours daily,,,,,,2,,,ChargePoint Network,https://www.chargepoint.com,GPS,37.230973,-80.425869,2026-06-08,353526,2026-06-08 02:54:30 UTC,,,,2024-08-23,,,,,J1772,US,,,,Public,,public,,,,,,,,,,,,,,,,,,,,false,,,,,,,,,false,
ELEC,EV CHARGIING PSG 1,1330 Perry Street,Level P1,Blacksburg,VA,24060,,888-758-4389,E,,Public,24 hours daily,,,,,,2,,,ChargePoint Network,https://www.chargepoint.com,GPS,37.231021,-80.42581,2026-06-08,353527,2026-06-08 02:54:30 UTC,,,,2024-08-23,,,,,J1772,US,,,,Public,,public,,,,,,,,,,,,,,,,,,,,false,,,,,,,,,false,
ELEC,Chik-fil-A - Tesla Supercharger,22 Hotel Dr,,Lexington,VA,24450,,877-798-3752,E,,Public,24 hours daily,A D Debit M V,,,,,,12,,Tesla,https://www.tesla.com/supercharger,GPS,37.798465,-79.417362,2024-09-12,353798,2025-05-06 21:07:47 UTC,P,,,2024-08-09,,,,,TESLA,US,,,,Public,,public,,,RESTAURANT,,,,,,,,,,,,,,,,,false,,,,,,,,LD,false,
ELEC,Royal Farms - Tesla Supercharger,401 Temple Ave,,Colonial Heights,VA,23834,,877-798-3752,E,,Public,24 hours daily,A D Debit M V,,,,,,8,,Tesla,https://www.tesla.com/supercharger,GPS,37.258588,-77.405757,2024-09-12,353813,2025-05-06 21:07:47 UTC,P,,,2024-08-19,,,,,TESLA,US,,,,Public,,public,,,GAS_STATION,,,,,,,,,,,,,,,,,false,,,,,,,,LD,false,
ELEC,Royal Farms - Tesla Supercharger,5350 E Virginia Beach Blvd,,Norfolk,VA,23502,,877-798-3752,E,,Public,24 hours daily,A D Debit M V,,,,,,12,,Tesla,https://www.tesla.com/supercharger,GPS,36.856517,-76.219525,2024-09-12,353830,2025-05-06 21:07:47 UTC,P,,,2024-07-24,,,,,TESLA,US,,,,Public,,public,,,GAS_STATION,,,,,,,,,,,,,,,,,false,,,,,,,,LD,false,
ELEC,Wawa - Tesla Supercharger,7316 Forest Hill Ave,,Richmond,VA,23225,,877-798-3752,E,,Public,24 hours daily,A D Debit M V,,,,,,12,,Tesla,https://www.tesla.com/supercharger,GPS,37.53734,-77.531678,2024-09-12,353833,2025-05-06 21:07:47 UTC,P,,,2024-07-25,,,,,TESLA,US,,,,Public,,public,,,GAS_STATION,,,,,,,,,,,,,,,,,false,,,,,,,,LD,false,
ELEC,Arlington Courthouse,1400 North Uhle Street,,Arlington,VA,22201,,888-998-2546,E,,Public,24 hours daily,,,,,,6,,,Blink Network,https://blinkcharging.com,GPS,38.89003370000289,-77.08497197575214,2026-06-09,353864,2026-06-09 01:03:09 UTC,,,,2024-07-11,,,,,J1772,US,,,,Public,,public,,,,,,,,,,,,,,,,,,,,false,,,,,,,,,false,
ELEC,SOLD ROW LOYALTY TOYOTA,2000 Walthall Center Dr,,Colonial Heights,VA,23834,,888-758-4389,E,,Public,24 hours daily,,,,,,2,,,ChargePoint Network,https://www.chargepoint.com,GPS,37.307007,-77.393591,2026-06-09,353872,2026-06-09 03:05:27 UTC,,,,2024-08-24,,,,,J1772,US,,,,Public,,public,,,,,,,,,,,,,,,,,,,,false,,,,,,,,,false,
ELEC,WI-NOT STOP 370 EE WINE GW MO 2,14101 Whitney Rd,,Gainesville,VA,20155,,888-758-4389,E,,Public,24 hours daily,,,,,,,1,,ChargePoint Network,https://www.chargepoint.com,GPS,38.793297,-77.61128,2026-06-08,353895,2026-06-08 02:54:54 UTC,,,,2024-08-24,,,,,CHADEMO J1772COMBO,US,,,,Public,,public,,,,,,,,,,,,,,,,,,,,false,,,,,,,,,false,
ELEC,LUXE360 LUXE 360 # 2,1901 Axis Blvd,Bldg # 2,Midlothian,VA,23114,,888-758-4389,E,,Public,24 hours daily,,,,,,2,,,ChargePoint Network,https://www.chargepoint.com,GPS,37.4708,-77.662034,2026-06-08,353902,2026-06-08 02:55:16 UTC,,,,2024-08-24,,,,,J1772,US,,,,Public,,public,,,,,,,,,,,,,,,,,,,,false,,,,,,,,,false,
ELEC,NAVIGATOR STATION 1,201 Stockton St,Mounted on column in compact parking area,Richmond,VA,23224,,888-758-4389,E,,Public,24 hours daily,,,,,,1,,,ChargePoint Network,https://www.chargepoint.com,GPS,37.524342,-77.434852,2026-06-08,353964,2026-06-08 02:54:33 UTC,,,,2024-08-27,,,,,J1772,US,,,,Public,,public,,,,,,,,,,,,,,,,,,,,false,,,,,,,,,false,
ELEC,NTT GLOBAL DATA VA6EV CHARGER,44495 Gigabit Plz,Exterior Parking Lot,Ashburn,VA,20147,,888-758-4389,E,,Public,24 hours daily,,,,,,2,,,ChargePoint Network,https://www.chargepoint.com,GPS,39.016962,-77.473462,2026-06-08,354317,2026-06-08 02:49:52 UTC,,,,2024-08-29,,,,,J1772,US,,,,Public,,public,,,,,,,,,,,,,,,,,,,,false,,,,,,,,,false,
ELEC,NTT GLOBAL DATA NA024968,44495 Gigabit Plaza,Exterior Parking Lot,Ashburn,VA,20147,,888-758-4389,E,,Public,24 hours daily,,,,,,2,,,ChargePoint Network,https://www.chargepoint.com,GPS,39.017486,-77.473045,2026-06-08,354318,2026-06-08 02:52:07 UTC,,,,2024-08-29,,,,,J1772,US,,,,Public,,public,,,,,,,,,,,,,,,,,,,,false,,,,,,,,,false,
ELEC,New Quarter Park,1000 Lakeshead Drive,,Williamsburg,VA,23185,,888-998-2546,E,,Public,24 hours daily,,,,,,1,,,Blink Network,https://blinkcharging.com,GPS,37.29415101363687,-76.64545237665361,2026-06-09,354695,2026-06-09 00:12:16 UTC,,,,2024-08-30,,,,,J1772,US,,,,Public,,public,,,,,,,,,,,,,,,,,,,,false,,,,,,,,,false,
ELEC,WARREN MEMORIAL WARREN MEMORIAL,351 Valley Health Way,North parking lot,Front Royal,VA,22630,,888-758-4389,E,,Public,24 hours daily,,,,,,2,,,ChargePoint Network,https://www.chargepoint.com,GPS,38.920381,-78.152908,2026-06-09,354776,2026-06-09 02:18:19 UTC,,,,2024-09-04,,,,,J1772,US,,,,Public,,public,,,,,,,,,,,,,,,,,,,,false,,,,,,,,,false,
ELEC,GR GMC,930 Fairystone Park Hwy,,Stanleytown,VA,24055,,866-816-7584,E,,Public,24 hours daily,,,,,,1,1,,EV Connect,https://www.evconnect.com,GPS,36.740855,-79.952681,2026-06-09,355023,2026-06-09 03:31:26 UTC,,,,2024-09-05,,,,,J1772 J1772COMBO,US,,,,Public,,public,,,,,,,,,,,,,,,,,,,,false,,,,,,,,,false,
ELEC,Food City Wise - Greenspot,207 Woodland Dr SW,,Wise,VA,24293,,201-347-7794,E,,Public,24 hours daily,,,,,,,1,,Non-Networked,,200-8,36.97594,-82.59227,2024-09-12,355065,2025-02-12 00:16:32 UTC,P,,,2024-08-23,,,,,J1772COMBO TESLA,US,,,,Public,,public,,,GROCERY,,,,,,,,,,,,,,,,,false,,,,,,,,LD,false,
ELEC,Southern CDJR - Newport News,12629 Jefferson Ave,,Newport News,VA,23602,,888-717-4544,E,,Public,24 hours daily,,,,,,3,,,CHARGESMART_EV,https://chargesmartev.com,GPS,37.133864,-76.51767,2026-06-09,355132,2026-06-09 04:36:43 UTC,,,,2024-09-06,,,,,J1772,US,,,,Public,,public,,,,,,,,,,,,,,,,,,,,false,,,,,,,,,false,
ELEC,ARLINGTON CO. AURORA 4,656 15th St S,,Arlington,VA,22202,,888-758-4389,E,,Public,24 hours daily,,,,,,1,,,ChargePoint Network,https://www.chargepoint.com,GPS,38.858484,-77.059424,2026-06-08,355220,2026-06-08 02:55:38 UTC,,,,2024-09-10,,,,,J1772,US,,,,Public,,public,,,,,,,,,,,,,,,,,,,,false,,,,,,,,,false,
ELEC,ARLINGTON CO. AURORA 3,656 15th St S,,Arlington,VA,22202,,888-758-4389,E,,Public,24 hours daily,,,,,,1,,,ChargePoint Network,https://www.chargepoint.com,GPS,38.858463,-77.059422,2026-06-08,355275,2026-06-08 02:55:38 UTC,,,,2024-09-11,,,,,J1772,US,,,,Public,,public,,,,,,,,,,,,,,,,,,,,false,,,,,,,,,false,
ELEC,ARLINGTON CO. AURORA 1,1600 South Hayes Street,Surface parking,Arlington,VA,22202,,888-758-4389,E,,Public,24 hours daily,,,,,,1,,,ChargePoint Network,https://www.chargepoint.com,GPS,38.858493,-77.0594,2026-06-08,355504,2026-06-08 02:55:38 UTC,,,,2024-09-12,,,,,J1772,US,,,,Public,,public,,,,,,,,,,,,,,,,,,,,false,,,,,,,,,false,
ELEC,ARLINGTON CO. AURORA 2,1600 South Hayes Street,,Arlington,VA,22202,,888-758-4389,E,,Public,24 hours daily,,,,,,1,,,ChargePoint Network,https://www.chargepoint.com,GPS,38.858483,-77.059407,2026-06-08,355505,2026-06-08 02:55:38 UTC,,,,2024-09-12,,,,,J1772,US,,,,Public,,public,,,,,,,,,,,,,,,,,,,,false,,,,,,,,,false,
ELEC,BILLTALLEYFORD CHARGER 1,6280 Mechanicsville Turnpike,back parking Lot,Mechanicsville,VA,23111,,888-758-4389,E,,Public,24 hours daily,,,,,,,2,,ChargePoint Network,https://www.chargepoint.com,GPS,37.619413,-77.319093,2026-06-08,355526,2026-06-08 02:56:10 UTC,,,,2024-09-12,,,,,J1772COMBO,US,,,,Public,,public,,,,,,,,,,,,,,,,,,,,false,,,,,,,,,false,
ELEC,Magic City Ford Lincoln Roanoke - DCFC,809 Williamson Road Northeast,,Roanoke,VA,24016,,888-998-2546,E,,Public,24 hours daily,,,,,,,4,,Blink Network,https://blinkcharging.com,GPS,37.28054621163303,-79.9333563748064,2026-06-09,355750,2026-06-09 00:34:30 UTC,,,,2024-09-12,,,,,J1772COMBO,US,,,,Public,,public,,,,,,,,,,,,,,,,,,,,false,,,,,,,,,false,
ELEC,SCIENCE MUSEUM SMV EV 8,2600 W Broad St,,Richmond,VA,23230,,888-758-4389,E,,Public,24 hours daily,,,,,,1,,,ChargePoint Network,https://www.chargepoint.com,GPS,37.561713,-77.467121,2026-06-08,355763,2026-06-08 02:48:45 UTC,,,,2024-09-17,,,,,J1772,US,,,,Public,,public,,,,,,,,,,,,,,,,,,,,false,,,,,,,,,false,
ELEC,SCIENCE MUSEUM SMV EV 9,2600 W Broad St,,Richmond,VA,23230,,888-758-4389,E,,Public,24 hours daily,,,,,,1,,,ChargePoint Network,https://www.chargepoint.com,GPS,37.561703,-77.467091,2026-06-08,355764,2026-06-08 02:48:45 UTC,,,,2024-09-17,,,,,J1772,US,,,,Public,,public,,,,,,,,,,,,,,,,,,,,false,,,,,,,,,false,
ELEC,SCIENCE MUSEUM SMV EV 7,2600 W Broad St,,Richmond,VA,23230,,888-758-4389,E,,Public,24 hours daily,,,,,,1,,,ChargePoint Network,https://www.chargepoint.com,GPS,37.56172,-77.467136,2026-06-08,355830,2026-06-08 02:48:45 UTC,,,,2024-09-18,,,,,J1772,US,,,,Public,,public,,,,,,,,,,,,,,,,,,,,false,,,,,,,,,false,
ELEC,Aspen Apartments,4217 South Plaza Trail,,Virginia Beach,VA,23462,,888-998-2546,E,,Public,24 hours daily,,,,,,2,,,Blink Network,https://blinkcharging.com,GPS,36.81801810269866,-76.12006586133394,2026-06-09,355888,2026-06-09 00:17:40 UTC,,,,2024-09-18,,,,,J1772,US,,,,Public,,public,,,,,,,,,,,,,,,,,,,,false,,,,,,,,,false,
ELEC,TRILLIUM TYSONS TRILLIUM 3,8400 Westpark Drive,P1,McLean,VA,22102,,888-758-4389,E,,Public,24 hours daily,,,,,,2,,,ChargePoint Network,https://www.chargepoint.com,GPS,38.925016,-77.23525,2026-06-08,356007,2026-06-08 02:54:26 UTC,,,,2024-09-20,,,,,J1772,US,,,,Public,,public,,,,,,,,,,,,,,,,,,,,false,,,,,,,,,false,
ELEC,TRILLIUM TYSONS TRILLIUM 4,8400 Westpark Drive,P1,McLean,VA,22102,,888-758-4389,E,,Public,24 hours daily,,,,,,2,,,ChargePoint Network,https://www.chargepoint.com,GPS,38.925159,-77.235167,2026-06-08,356008,2026-06-08 02:54:27 UTC,,,,2024-09-20,,,,,J1772,US,,,,Public,,public,,,,,,,,,,,,,,,,,,,,false,,,,,,,,,false,
ELEC,1650 Tysons Blvd,1650 Tysons Boulevard,,McLean,VA,22102,,888-998-2546,E,,Public,24 hours daily,,,,,,1,,,Blink Network,https://blinkcharging.com,GPS,38.925206,-77.223406,2026-06-09,356251,2026-06-09 00:33:42 UTC,,,,2024-09-07,,,,,J1772,US,,,,Public,,public,,,,,,,,,,,,,,,,,,,,false,,,,,,,,,false,
ELEC,TTU TOPG,148 Main St,,Pennington Gap,VA,24277,,888-758-4389,E,,Public,24 hours daily,,,,,,2,,,ChargePoint Network,https://www.chargepoint.com,GPS,36.759224,-83.027605,2026-06-08,356420,2026-06-08 02:51:49 UTC,,,,2024-09-26,,,,,J1772,US,,,,Public,,public,,,,,,,,,,,,,,,,,,,,false,,,,,,,,,false,
ELEC,LOUDOUN COUNTY ASHBURN LIB 2,43316 Hay Rd,The station is on the right side parking lot of the building,Ashburn,VA,20147,,888-758-4389,E,,Public,24 hours daily,,,,,,2,,,ChargePoint Network,https://www.chargepoint.com,GPS,39.046104,-77.502092,2026-06-08,356426,2026-06-08 02:56:09 UTC,,,,2024-09-26,,,,,J1772,US,,,,Public,,public,,,,,,,,,,,,,,,,,,,,false,,,,,,,,,false,
ELEC,LOUDOUN COUNTY ASHBURN LIB 1,43316 Hay Rd,The station is in the parking lot to the right of the building,Ashburn,VA,20147,,888-758-4389,E,,Public,24 hours daily,,,,,,2,,,ChargePoint Network,https://www.chargepoint.com,GPS,39.046122,-77.502052,2026-06-08,356427,2026-06-08 02:56:09 UTC,,,,2024-09-26,,,,,J1772,US,,,,Public,,public,,,,,,,,,,,,,,,,,,,,false,,,,,,,,,false,
ELEC,Pamunkey Regional Library,201 S Railroad Ave,,Ashland,VA,23005,,804-365-6210,E,,Public,24 hours daily,,,,,,4,,,Non-Networked,,200-8,37.75802,-77.48121,2025-05-12,357269,2026-02-02 23:16:24 UTC,P,,,2024-06-18,,,,,J1772,US,,,,Public,,public,,,LIBRARY,,,,,,,,,,,,,,,,,false,,,,,,,,LD,false,
ELEC,Town Hall & Downtown Parking,101 Thompson St,,Ashland,VA,23005,,804-798-9219,E,,Public,24 hours daily,,,,,,4,,,Non-Networked,,200-8,37.75869,-77.48246,2025-05-12,357270,2026-02-02 23:16:24 UTC,P,,,2024-06-18,,,,,J1772,US,,,,Public,,public,,,MUNI_GOV,,,,,,,,,,,,,,,,,false,,,,,,,,LD,false,
ELEC,Bells Rd Hotel,4301 Commerce Road,,Richmond,VA,23234,,888-998-2546,E,,Public,24 hours daily,,,,,,4,,,Blink Network,https://blinkcharging.com,GPS,37.466607,-77.429675,2026-06-09,357310,2026-06-09 00:55:00 UTC,,,,2024-08-22,,,,,J1772,US,,,,Public,,public,,,,,,,,,,,,,,,,,,,,false,,,,,,,,,false,
ELEC,NELSON KIA ABB STATION 1,4730 N Virginia Ave,,Bassett,VA,24055,,888-758-4389,E,,Public,24 hours daily,,,,,,,1,,ChargePoint Network,https://www.chargepoint.com,GPS,36.740352,-79.930971,2026-06-09,357315,2026-06-09 02:34:55 UTC,,,,2024-10-02,,,,,J1772COMBO,US,,,,Public,,public,,,,,,,,,,,,,,,,,,,,false,,,,,,,,,false,
ELEC,GEORGE MASON U CSN-01698877,10900 University Boulevard,,Manassas,VA,20110,,888-758-4389,E,,Public,24 hours daily,,,,,,2,,,ChargePoint Network,https://www.chargepoint.com,GPS,38.756362,-77.52016,2026-06-09,357320,2026-06-09 03:09:16 UTC,,,,2024-10-02,,,,,J1772,US,,,,Public,,public,,,,,,,,,,,,,,,,,,,,false,,,,,,,,,false,
ELEC,11335 Patriot Hwy,11335 Patriot Hwy,,Fredericksburg,VA,22408,,866-816-7584,E,,Public,24 hours daily,,,,,,,2,,EV Connect,https://www.evconnect.com,GPS,38.273034,-77.491378,2026-06-09,357587,2026-06-09 03:33:08 UTC,,,,2024-10-05,,,,,J1772COMBO,US,,,,Public,,public,,,,,,,,,,,,,,,,,,,,false,,,,,,,,,false,
ELEC,WS CHARGER FARMWALL HALL,44734 Audubon Square,,Ashburn,VA,20147,,888-758-4389,E,,Public,24 hours daily,,,,,,2,,,ChargePoint Network,https://www.chargepoint.com,GPS,39.033284,-77.453268,2026-06-08,357651,2026-06-08 02:55:18 UTC,,,,2024-10-08,,,,,J1772,US,,,,Public,,public,,,,,,,,,,,,,,,,,,,,false,,,,,,,,,false,
ELEC,Makers Point - 11130,11130 Sunrise Valley Drive,,Reston,VA,20191,,888-998-2546,E,,Public,Mon: 8:00am-6:00pm; Tue: 8:00am-6:00pm; Wed: 8:00am-6:00pm; Thu: 8:00am-6:00pm; Fri: 8:00am-6:00pm; Sat: 8:00am-1:00pm; Sun: 12:00am-12:00am,,,,,,1,,,Blink Network,https://blinkcharging.com,GPS,38.9426241,-77.3303677,2026-06-09,357689,2026-06-09 00:52:47 UTC,,,,2019-03-19,,,,,J1772,US,,,,Public,,public,,,,,,,,,,,,,,,,,,,,false,,,,,,,,,false,
ELEC,THE BLAKE LEVEL 3 STN 1,2000 N Beauregard St,,Alexandria,VA,22311,,888-758-4389,E,,Public,24 hours daily,,,,,,2,,,ChargePoint Network,https://www.chargepoint.com,GPS,38.834233,-77.119123,2026-06-09,357695,2026-06-09 02:33:25 UTC,,,,2024-10-09,,,,,J1772,US,,,,Public,,public,,,,,,,,,,,,,,,,,,,,false,,,,,,,,,false,
ELEC,LCOR ALEXANDRIA STATION 1,551 John Carlyle Street,EGAR,Alexandria,VA,22314,,888-758-4389,E,,Public,24 hours daily,,,,,,2,,,ChargePoint Network,https://www.chargepoint.com,GPS,38.800905,-77.062737,2026-06-08,357764,2026-06-08 02:57:16 UTC,,,,2024-10-10,,,,,J1772,US,,,,Public,,public,,,,,,,,,,,,,,,,,,,,false,,,,,,,,,false,
ELEC,LCOR ALEXANDRIA STATION 2,551 John Carlyle Street,EGAR,Alexandria,VA,22314,,888-758-4389,E,,Public,24 hours daily,,,,,,2,,,ChargePoint Network,https://www.chargepoint.com,GPS,38.800915,-77.062736,2026-06-08,357765,2026-06-08 02:57:16 UTC,,,,2024-10-10,,,,,J1772,US,,,,Public,,public,,,,,,,,,,,,,,,,,,,,false,,,,,,,,,false,
ELEC,LCOR ALEXANDRIA STATION 3,551 John Carlyle Street,EGAR,Alexandria,VA,22314,,888-758-4389,E,,Public,24 hours daily,,,,,,2,,,ChargePoint Network,https://www.chargepoint.com,GPS,38.800956,-77.062735,2026-06-08,357766,2026-06-08 02:57:16 UTC,,,,2024-10-10,,,,,J1772,US,,,,Public,,public,,,,,,,,,,,,,,,,,,,,false,,,,,,,,,false,
ELEC,LCOR ALEXANDRIA STATION 4,551 John Carlyle Street,EGAR,Alexandria,VA,22314,,888-758-4389,E,,Public,24 hours daily,,,,,,2,,,ChargePoint Network,https://www.chargepoint.com,GPS,38.800956,-77.062728,2026-06-08,357767,2026-06-08 02:57:16 UTC,,,,2024-10-10,,,,,J1772,US,,,,Public,,public,,,,,,,,,,,,,,,,,,,,false,,,,,,,,,false,
ELEC,LCOR ALEXANDRIA STATION 5,551 John Carlyle Street,EGAR,Alexandria,VA,22314,,888-758-4389,E,,Public,24 hours daily,,,,,,2,,,ChargePoint Network,https://www.chargepoint.com,GPS,38.80098,-77.062724,2026-06-08,357768,2026-06-08 02:57:17 UTC,,,,2024-10-10,,,,,J1772,US,,,,Public,,public,,,,,,,,,,,,,,,,,,,,false,,,,,,,,,false,
ELEC,LCOR ALEXANDRIA STATION 6,551 John Carlyle Street,EGAR,Alexandria,VA,22314,,888-758-4389,E,,Public,24 hours daily,,,,,,2,,,ChargePoint Network,https://www.chargepoint.com,GPS,38.801443,-77.062941,2026-06-08,357769,2026-06-08 02:57:17 UTC,,,,2024-10-10,,,,,J1772,US,,,,Public,,public,,,,,,,,,,,,,,,,,,,,false,,,,,,,,,false,
ELEC,Sheehy Ford of Warrenton,6443 Lee Hwy,,Warrenton,VA,20187,,,E,,Public,24 hours daily,,,,,,1,,,Non-Networked,,200-8,38.733819,-77.771631,2024-11-06,357968,2025-02-12 00:16:32 UTC,P,,,2016-05-01,,,,,J1772,US,,,,Public,,public,,,CAR_DEALER,,,,,,,Free,,,,,,,,,,false,,,,,,,,LD,false,
ELEC,Richmond Ford,4600 W Broad St,,Richmond,VA,23230,,888-357-1009,E,,Public,24 hours daily,A ANDROID_PAY APPLE_PAY CREDIT D Debit M V,,,,,,4,,FORD_CHARGE,https://www.ford.com/support/category/electric-vehicle/charging/public-charging/,GPS,37.578432,-77.48904,2026-06-09,358313,2026-06-09 05:15:44 UTC,,,,2024-02-29,,,,,J1772COMBO,US,,,,Public,,public,,,PUBLIC,,,,,,,,,,,,,,,,,false,,,,,,,,,false,
ELEC,Nelson Ford,201 Commonwealth Blvd W,,Martinsville,VA,24112,,888-357-1009,E,,Public,24 hours daily,A ANDROID_PAY APPLE_PAY CREDIT D Debit M V,,,,,,4,,FORD_CHARGE,https://www.ford.com/support/category/electric-vehicle/charging/public-charging/,GPS,36.695925,-79.877087,2026-06-09,358314,2026-06-09 05:15:49 UTC,,,,2024-03-19,,,,,J1772COMBO,US,,,,Public,,public,,,PUBLIC,,,,,,,,,,,,,,,,,false,,,,,,,,,false,
ELEC,LOUDOUN COUNTY CASCADESLIB 2,21030 Whitfield Pl,,Potomac Falls,VA,20165,,888-758-4389,E,,Public,24 hours daily,,,,,,2,,,ChargePoint Network,https://www.chargepoint.com,GPS,39.033236,-77.394788,2026-06-08,358485,2026-06-08 02:57:57 UTC,,,,2024-10-16,,,,,J1772,US,,,,Public,,public,,,,,,,,,,,,,,,,,,,,false,,,,,,,,,false,
ELEC,LOUDOUN COUNTY CASCADESLIB 1,21030 Whitfield Pl,,Potomac Falls,VA,20165,,888-758-4389,E,,Public,24 hours daily,,,,,,2,,,ChargePoint Network,https://www.chargepoint.com,GPS,39.033211,-77.394788,2026-06-08,358486,2026-06-08 02:57:58 UTC,,,,2024-10-16,,,,,J1772,US,,,,Public,,public,,,,,,,,,,,,,,,,,,,,false,,,,,,,,,false,
ELEC,Granby Salon Suites - Tesla Destination,100 W 21st St,,Norfolk,VA,23517,,877-798-3752,E,,Public,,,,,,,1,,,Tesla Destination,https://www.tesla.com/destination-charging,GPS,36.867847,-76.285347,2024-07-01,358982,2025-02-12 00:16:32 UTC,P,,,2024-07-01,,,,,TESLA,US,,,,Public,,public,,,,,,,,,,,,,,,,,,,,,,,,,,,,,false,
ELEC,Back of the Dragon - Tesla Destination,592 W Main St,,Tazewell,VA,24651,,877-798-3752,E,,Public,,,,,,,1,,,Tesla Destination,https://www.tesla.com/destination-charging,GPS,37.114448,-81.5272,2024-07-01,359233,2025-02-12 00:16:32 UTC,P,,,2024-07-01,,,,,TESLA,US,,,,Public,,public,,,,,,,,,,,,,,,,,,,,,,,,,,,,,false,
ELEC,Crimson Lane Vineyards - Tesla Destination,13334 Crimson Ln,,Linden,VA,22642,,877-798-3752,E,,Public,,,,,,,1,,,Tesla Destination,https://www.tesla.com/destination-charging,GPS,38.916565,-78.0641,2024-07-01,359339,2025-02-12 00:16:32 UTC,P,,,2024-07-01,,,,,TESLA,US,,,,Public,,public,,,,,,,,,,,,,,,,,,,,,,,,,,,,,false,
ELEC,"Alexandria, VA - 2950 Eisenhower Ave - Tesla Destination",2950 Eisenhower Ave,,Alexandria,VA,22314,,877-798-3752,E,,Public,,,,,,,6,,,Tesla Destination,https://www.tesla.com/destination-charging,GPS,38.802408,-77.083942,2024-07-01,359488,2025-05-06 21:10:23 UTC,P,,,,,,,,J1772 TESLA,US,,,,Public,,public,,,,,,,,,,,,,,,,,,,,,,,,,,,,,false,
ELEC,"Alexandria, VA - Eisenhower Ave - Tesla Destination",2700 Eisenhower Ave,,Alexandria,VA,22314,,877-798-3752,E,,Public,,,,,,,6,,,Tesla Destination,https://www.tesla.com/destination-charging,GPS,38.801963,-77.078929,2024-07-01,359528,2025-05-06 21:10:23 UTC,P,,,,,,,,J1772 TESLA,US,,,,Public,,public,,,,,,,,,,,,,,,,,,,,,,,,,,,,,false,
ELEC,Vrbo Wintergreen Briarpatch - Tesla Destination,102 Devils Knob Loop,,Wintergreen Resort,VA,22967,,877-798-3752,E,,Public,,,,,,,1,,,Tesla Destination,https://www.tesla.com/destination-charging,GPS,37.921325,-78.958455,2024-07-01,359544,2025-02-12 00:16:32 UTC,P,,,2024-07-01,,,,,TESLA,US,,,,Public,,public,,,,,,,,,,,,,,,,,,,,,,,,,,,,,false,
ELEC,West Park Gardens - Tesla Destination,222 W Park Ave,,Culpeper,VA,22701,,877-798-3752,E,,Public,,,,,,,2,,,Tesla Destination,https://www.tesla.com/destination-charging,GPS,38.469072,-78.000852,2024-07-01,359622,2025-02-12 00:16:32 UTC,P,,,2024-07-01,,,,,TESLA,US,,,,Public,,public,,,,,,,,,,,,,,,,,,,,,,,,,,,,,false,
ELEC,Best Western Premier Richmond City Gateway - Tesla Destination,4303 Commerce Rd,,Richmond,VA,23234,,877-798-3752,E,,Public,,,,,,,2,,,Tesla Destination,https://www.tesla.com/destination-charging,GPS,37.46614,-77.429094,2024-07-01,359705,2025-05-06 21:10:23 UTC,P,,,,,,,,J1772 TESLA,US,,,,Public,,public,,,,,,,,,,,,,,,,,,,,,,,,,,,,,false,
ELEC,West End Flats,515 8th St SW,,Roanoke,VA,24016,,,E,,Public,24 hours daily; residents only,,,,,,2,,,Non-Networked,,200-8,37.27033,-79.95561,2025-05-12,360364,2026-02-02 23:16:24 UTC,P,,,2024-08-25,,,,,J1772,US,,,,Public,,public,,,HOTEL,,,,,,,$0.35 per kWh,,,,,,,,,,false,,,,,,,,,false,
ELEC,MANASSAS STATION 1,10550 Gateway Blvd,"In front of building, across from the entrance.",Manassas,VA,20110,,888-758-4389,E,,Public,24 hours daily,,,,,,2,,,ChargePoint Network,https://www.chargepoint.com,GPS,38.740139,-77.512099,2026-06-08,360469,2026-06-08 02:57:02 UTC,,,,2024-10-22,,,,,J1772,US,,,,Public,,public,,,,,,,,,,,,,,,,,,,,false,,,,,,,,,false,
ELEC,CAMERON SQUARE RETAIL STATION2,S Pickett St & Edsall Rd,,Alexandria,VA,22304,,888-758-4389,E,,Public,24 hours daily,,,,,,2,,,ChargePoint Network,https://www.chargepoint.com,GPS,38.807453,-77.127884,2026-06-09,360559,2026-06-09 02:13:49 UTC,,,,2024-10-23,,,,,J1772,US,,,,Public,,public,,,,,,,,,,,,,,,,,,,,false,,,,,,,,,false,
ELEC,PR APTS PINNACLE RIDGE,397 Mule Academy Road,,Fishersville,VA,22939,,888-758-4389,E,,Public,Mon: 8:00am-8:00pm; Tue: 8:00am-8:00pm; Wed: 8:00am-8:00pm; Thu: 8:00am-8:00pm; Fri: 8:00am-8:00pm,,,,,,2,,,ChargePoint Network,https://www.chargepoint.com,GPS,38.092899,-78.981366,2026-06-08,360579,2026-06-08 02:58:15 UTC,,,,2024-10-23,,,,,J1772,US,,,,Public,,public,,,,,,,,,,,,,,,,,,,,false,,,,,,,,,false,
ELEC,Triton Glen at Monument,3700 Monument Avenue,,Richmond,VA,23230,,888-998-2546,E,,Public,24 hours daily,,,,,,6,,,Blink Network,https://blinkcharging.com,GPS,37.56697980249941,-77.4813325459577,2026-06-09,360623,2026-06-09 00:59:02 UTC,,,,2024-10-23,,,,,J1772,US,,,,Public,,public,,,,,,,,,,,,,,,,,,,,false,,,,,,,,,false,
ELEC,Holiday Inn Express,2000 Staples Mill Road,,Richmond,VA,23230,,888-998-2546,E,,Public,24 hours daily,,,,,,4,,,Blink Network,https://blinkcharging.com,GPS,37.585414646004814,-77.49293543867068,2026-06-09,360782,2026-06-09 00:47:55 UTC,,,,2024-08-05,,,,,J1772,US,,,,Public,,public,,,,,,,,,,,,,,,,,,,,false,,,,,,,,,false,
ELEC,Newport News City Hall – Rear Parking Lot,2400 Washington Avenue,,Newport News,VA,23607,,888-998-2546,E,,Public,24 hours daily,,,,,,4,,,Blink Network,https://blinkcharging.com,GPS,36.97767243484062,-76.43009666132659,2026-06-09,360785,2026-06-09 00:55:30 UTC,,,,2024-10-25,,,,,J1772,US,,,,Public,,public,,,,,,,,,,,,,,,,,,,,false,,,,,,,,,false,
ELEC,DLR ACC6 ACC6-(1),44461 Chilum Pl,ACC6,Ashburn,VA,20147,,888-758-4389,E,,Public,24 hours daily,,,,,,2,,,ChargePoint Network,https://www.chargepoint.com,GPS,39.021544,-77.463842,2026-06-08,361144,2026-06-08 02:51:01 UTC,,,,2024-11-01,,,,,J1772,US,,,,Public,,public,,,,,,,,,,,,,,,,,,,,false,,,,,,,,,false,
ELEC,DLR ACC6 ACC6-(2),44461 Chilum Pl,ACC6,Ashburn,VA,20147,,888-758-4389,E,,Public,24 hours daily,,,,,,2,,,ChargePoint Network,https://www.chargepoint.com,GPS,39.021544,-77.463878,2026-06-08,361145,2026-06-08 02:51:01 UTC,,,,2024-11-01,,,,,J1772,US,,,,Public,,public,,,,,,,,,,,,,,,,,,,,false,,,,,,,,,false,
ELEC,PWC NEABSCO 1-2,2400 Neabsco Strm Dr,ground level east side of building,Woodbridge,VA,22191,,888-758-4389,E,,Public,24 hours daily,,,,,,2,,,ChargePoint Network,https://www.chargepoint.com,GPS,38.633907,-77.286756,2026-06-08,361153,2026-06-08 02:58:15 UTC,,,,2024-11-01,,,,,J1772,US,,,,Public,,public,,,,,,,,,,,,,,,,,,,,false,,,,,,,,,false,
ELEC,PWC NEABSCO 3-4,2400 Neabsco Strm Dr,,Woodbridge,VA,22191,,888-758-4389,E,,Public,24 hours daily,,,,,,2,,,ChargePoint Network,https://www.chargepoint.com,GPS,38.633949,-77.286825,2026-06-08,361154,2026-06-08 02:58:16 UTC,,,,2024-11-01,,,,,J1772,US,,,,Public,,public,,,,,,,,,,,,,,,,,,,,false,,,,,,,,,false,
ELEC,PWC NEABSCO 5-6,2400 Neabsco Strm Dr,,Woodbridge,VA,22191,,888-758-4389,E,,Public,24 hours daily,,,,,,2,,,ChargePoint Network,https://www.chargepoint.com,GPS,38.633931,-77.286802,2026-06-08,361155,2026-06-08 02:58:16 UTC,,,,2024-11-01,,,,,J1772,US,,,,Public,,public,,,,,,,,,,,,,,,,,,,,false,,,,,,,,,false,
ELEC,PWC NEABSCO 7-8,2400 Neabsco Strm Dr,east side of building,Woodbridge,VA,22191,,888-758-4389,E,,Public,24 hours daily,,,,,,2,,,ChargePoint Network,https://www.chargepoint.com,GPS,38.633947,-77.286789,2026-06-08,361156,2026-06-08 02:58:17 UTC,,,,2024-11-01,,,,,J1772,US,,,,Public,,public,,,,,,,,,,,,,,,,,,,,false,,,,,,,,,false,
ELEC,PWC NEABSCO 15-16,2400 Neabsco Strm Dr,,Woodbridge,VA,22191,,888-758-4389,E,,Public,24 hours daily,,,,,,2,,,ChargePoint Network,https://www.chargepoint.com,GPS,38.633936,-77.286754,2026-06-08,361157,2026-06-08 02:58:17 UTC,,,,2024-11-01,,,,,J1772,US,,,,Public,,public,,,,,,,,,,,,,,,,,,,,false,,,,,,,,,false,
ELEC,PWC NEABSCO 13-14,2400 Neabsco Strm Dr,,Woodbridge,VA,22191,,888-758-4389,E,,Public,24 hours daily,,,,,,2,,,ChargePoint Network,https://www.chargepoint.com,GPS,38.633954,-77.286802,2026-06-08,361158,2026-06-08 02:58:20 UTC,,,,2024-11-01,,,,,J1772,US,,,,Public,,public,,,,,,,,,,,,,,,,,,,,false,,,,,,,,,false,
ELEC,PWC NEABSCO 11-12,2400 Neabsco Strm Dr,,Woodbridge,VA,22191,,888-758-4389,E,,Public,24 hours daily,,,,,,2,,,ChargePoint Network,https://www.chargepoint.com,GPS,38.63394,-77.286765,2026-06-08,361159,2026-06-08 02:58:21 UTC,,,,2024-11-01,,,,,J1772,US,,,,Public,,public,,,,,,,,,,,,,,,,,,,,false,,,,,,,,,false,
ELEC,"bp, S Crater Rd, Petersburg, VA",12600 S. Crater Rd,,Petersburg,VA,23805,,833-277-8573,E,,Public,24 hours daily,,,,,,,4,,BP_PULSE,https://www.bp.com/en_us/united-states/home/what-we-do/customers-and-products/bp-pulse/bp-pulse-products.html,GPS,37.13886,-77.355262,2026-06-09,361214,2026-06-09 04:16:12 UTC,,,,2024-11-01,,,,,J1772COMBO,US,,,,Public,,public,,,,,,,,,,,,,,,,,,,,false,,,,,,,,,false,
ELEC,Holiday Inn Express Waynesboro,108 Chicurel Lane,,Waynesboro,VA,22980,,888-998-2546,E,,Public,24 hours daily,,,,,,2,,,Blink Network,https://blinkcharging.com,GPS,38.061070196258854,-78.93728006127608,2026-06-09,361271,2026-06-09 00:28:36 UTC,,,,2024-11-01,,,,,J1772,US,,,,Public,,public,,,,,,,,,,,,,,,,,,,,false,,,,,,,,,false,
ELEC,PWC NEABSCO 29-30,2400 Neabsco Strm Dr,2nd ramp east side of building,Woodbridge,VA,22191,,888-758-4389,E,,Public,24 hours daily,,,,,,2,,,ChargePoint Network,https://www.chargepoint.com,GPS,38.633863,-77.286718,2026-06-08,361283,2026-06-08 02:58:23 UTC,,,,2024-11-02,,,,,J1772,US,,,,Public,,public,,,,,,,,,,,,,,,,,,,,false,,,,,,,,,false,
ELEC,PWC NEABSCO 33-34,2400 Neabsco Strm Dr,2nd floor east side of building,Woodbridge,VA,22191,,888-758-4389,E,,Public,24 hours daily,,,,,,2,,,ChargePoint Network,https://www.chargepoint.com,GPS,38.633951,-77.286815,2026-06-08,361285,2026-06-08 02:58:23 UTC,,,,2024-11-02,,,,,J1772,US,,,,Public,,public,,,,,,,,,,,,,,,,,,,,false,,,,,,,,,false,
ELEC,PWC NEABSCO 35-36,2400 Neabsco Strm Dr,2nd floor east side of building,Woodbridge,VA,22191,,888-758-4389,E,,Public,24 hours daily,,,,,,2,,,ChargePoint Network,https://www.chargepoint.com,GPS,38.633955,-77.286826,2026-06-08,361286,2026-06-08 02:58:24 UTC,,,,2024-11-02,,,,,J1772,US,,,,Public,,public,,,,,,,,,,,,,,,,,,,,false,,,,,,,,,false,
ELEC,PWC NEABSCO 37-38,2400 Neabsco Strm Dr,2nd floor east side of building,Woodbridge,VA,22191,,888-758-4389,E,,Public,24 hours daily,,,,,,2,,,ChargePoint Network,https://www.chargepoint.com,GPS,38.633842,-77.286709,2026-06-08,361287,2026-06-08 02:58:24 UTC,,,,2024-11-02,,,,,J1772,US,,,,Public,,public,,,,,,,,,,,,,,,,,,,,false,,,,,,,,,false,
ELEC,PWC NEABSCO 39-40,2400 Neabsco Strm Dr,2nd floor east side of building,Woodbridge,VA,22191,,888-758-4389,E,,Public,24 hours daily,,,,,,2,,,ChargePoint Network,https://www.chargepoint.com,GPS,38.633891,-77.286745,2026-06-08,361288,2026-06-08 02:58:24 UTC,,,,2024-11-02,,,,,J1772,US,,,,Public,,public,,,,,,,,,,,,,,,,,,,,false,,,,,,,,,false,
ELEC,PWC NEABSCO 41-42,2400 Neabsco Strm Dr,3rd floor ramp east side of building,Woodbridge,VA,22191,,888-758-4389,E,,Public,24 hours daily,,,,,,2,,,ChargePoint Network,https://www.chargepoint.com,GPS,38.633885,-77.2868,2026-06-08,361289,2026-06-08 02:58:24 UTC,,,,2024-11-02,,,,,J1772,US,,,,Public,,public,,,,,,,,,,,,,,,,,,,,false,,,,,,,,,false,
ELEC,PWC NEABSCO 43-44,2400 Neabsco Strm Dr,3rd floor ramp east side of building,Woodbridge,VA,22191,,888-758-4389,E,,Public,24 hours daily,,,,,,2,,,ChargePoint Network,https://www.chargepoint.com,GPS,38.633872,-77.28673,2026-06-08,361290,2026-06-08 02:58:25 UTC,,,,2024-11-02,,,,,J1772,US,,,,Public,,public,,,,,,,,,,,,,,,,,,,,false,,,,,,,,,false,
ELEC,PWC NEABSCO 45-46,2400 Neabsco Strm Dr,3rd floor ramp east side of building,Woodbridge,VA,22191,,888-758-4389,E,,Public,24 hours daily,,,,,,2,,,ChargePoint Network,https://www.chargepoint.com,GPS,38.633913,-77.286809,2026-06-08,361291,2026-06-08 02:58:25 UTC,,,,2024-11-02,,,,,J1772,US,,,,Public,,public,,,,,,,,,,,,,,,,,,,,false,,,,,,,,,false,
ELEC,PWC NEABSCO 47-48,2400 Neabsco Strm Dr,3rd floor ramp east side of building,Woodbridge,VA,22191,,888-758-4389,E,,Public,24 hours daily,,,,,,2,,,ChargePoint Network,https://www.chargepoint.com,GPS,38.633865,-77.286763,2026-06-08,361292,2026-06-08 02:58:25 UTC,,,,2024-11-02,,,,,J1772,US,,,,Public,,public,,,,,,,,,,,,,,,,,,,,false,,,,,,,,,false,
ELEC,PWC NEABSCO 49-50,2400 Neabsco Strm Dr,3rd floor east side of building,Woodbridge,VA,22191,,888-758-4389,E,,Public,24 hours daily,,,,,,2,,,ChargePoint Network,https://www.chargepoint.com,GPS,38.633972,-77.286841,2026-06-08,361293,2026-06-08 02:58:25 UTC,,,,2024-11-02,,,,,J1772,US,,,,Public,,public,,,,,,,,,,,,,,,,,,,,false,,,,,,,,,false,
ELEC,PWC NEABSCO 51-52,2400 Neabsco Strm Dr,3rd floor east side of building,Woodbridge,VA,22191,,888-758-4389,E,,Public,24 hours daily,,,,,,2,,,ChargePoint Network,https://www.chargepoint.com,GPS,38.633971,-77.286797,2026-06-08,361294,2026-06-08 02:58:26 UTC,,,,2024-11-02,,,,,J1772,US,,,,Public,,public,,,,,,,,,,,,,,,,,,,,false,,,,,,,,,false,
ELEC,PWC NEABSCO 53-54,2400 Neabsco Strm Dr,3rd floor east side of building,Woodbridge,VA,22191,,888-758-4389,E,,Public,24 hours daily,,,,,,2,,,ChargePoint Network,https://www.chargepoint.com,GPS,38.633967,-77.286843,2026-06-08,361295,2026-06-08 02:58:26 UTC,,,,2024-11-02,,,,,J1772,US,,,,Public,,public,,,,,,,,,,,,,,,,,,,,false,,,,,,,,,false,
ELEC,PWC NEABSCO 55-56,2400 Neabsco Strm Dr,3rd floor east side of building,Woodbridge,VA,22191,,888-758-4389,E,,Public,24 hours daily,,,,,,2,,,ChargePoint Network,https://www.chargepoint.com,GPS,38.633964,-77.286812,2026-06-08,361296,2026-06-08 02:58:26 UTC,,,,2024-11-02,,,,,J1772,US,,,,Public,,public,,,,,,,,,,,,,,,,,,,,false,,,,,,,,,false,
ELEC,PWC NEABSCO 69-70,2400 Neabsco Strm Dr,,Woodbridge,VA,22191,,888-758-4389,E,,Public,24 hours daily,,,,,,2,,,ChargePoint Network,https://www.chargepoint.com,GPS,38.633921,-77.286794,2026-06-08,361703,2026-06-08 02:58:11 UTC,,,,2024-11-05,,,,,J1772,US,,,,Public,,public,,,,,,,,,,,,,,,,,,,,false,,,,,,,,,false,
ELEC,PWC NEABSCO 57-58,2400 Neabsco Strm Dr,3rd floor on east side of building,Woodbridge,VA,22191,,888-758-4389,E,,Public,24 hours daily,,,,,,2,,,ChargePoint Network,https://www.chargepoint.com,GPS,38.633935,-77.286761,2026-06-08,361704,2026-06-08 02:58:27 UTC,,,,2024-11-05,,,,,J1772,US,,,,Public,,public,,,,,,,,,,,,,,,,,,,,false,,,,,,,,,false,
ELEC,PWC NEABSCO 59-60,2400 Neabsco Strm Dr,3rd floor west side of building,Woodbridge,VA,22191,,888-758-4389,E,,Public,24 hours daily,,,,,,2,,,ChargePoint Network,https://www.chargepoint.com,GPS,38.633995,-77.286821,2026-06-08,361705,2026-06-08 02:58:27 UTC,,,,2024-11-05,,,,,J1772,US,,,,Public,,public,,,,,,,,,,,,,,,,,,,,false,,,,,,,,,false,
ELEC,PWC NEABSCO 61-62,2400 Neabsco Strm Dr,3rd floor west side of building,Woodbridge,VA,22191,,888-758-4389,E,,Public,24 hours daily,,,,,,2,,,ChargePoint Network,https://www.chargepoint.com,GPS,38.633976,-77.286831,2026-06-08,361706,2026-06-08 02:58:27 UTC,,,,2024-11-05,,,,,J1772,US,,,,Public,,public,,,,,,,,,,,,,,,,,,,,false,,,,,,,,,false,
ELEC,PWC NEABSCO 63-64,2400 Neabsco Strm Dr,4th floor west side of building,Woodbridge,VA,22191,,888-758-4389,E,,Public,24 hours daily,,,,,,2,,,ChargePoint Network,https://www.chargepoint.com,GPS,38.633971,-77.286829,2026-06-08,361707,2026-06-08 02:58:28 UTC,,,,2024-11-05,,,,,J1772,US,,,,Public,,public,,,,,,,,,,,,,,,,,,,,false,,,,,,,,,false,
ELEC,PWC NEABSCO 65-66,2400 Neabsco Strm Dr,4th floor west side of building,Woodbridge,VA,22191,,888-758-4389,E,,Public,24 hours daily,,,,,,2,,,ChargePoint Network,https://www.chargepoint.com,GPS,38.633923,-77.286789,2026-06-08,361708,2026-06-08 02:58:28 UTC,,,,2024-11-05,,,,,J1772,US,,,,Public,,public,,,,,,,,,,,,,,,,,,,,false,,,,,,,,,false,
ELEC,INOVA OAKVILLE CHARGEPOINT2,400 Fannon St,,Alexandria,VA,22301,,888-758-4389,E,,Public,24 hours daily,,,,,,2,,,ChargePoint Network,https://www.chargepoint.com,GPS,38.827996,-77.051821,2026-06-08,361793,2026-06-08 02:58:52 UTC,,,,2024-11-06,,,,,J1772,US,,,,Public,,public,,,,,,,,,,,,,,,,,,,,false,,,,,,,,,false,
ELEC,INOVA OAKVILLE CHARGEPOINT3,400 Fannon St,,Alexandria,VA,22301,,888-758-4389,E,,Public,24 hours daily,,,,,,2,,,ChargePoint Network,https://www.chargepoint.com,GPS,38.827894,-77.051694,2026-06-08,361794,2026-06-08 02:58:52 UTC,,,,2024-11-06,,,,,J1772,US,,,,Public,,public,,,,,,,,,,,,,,,,,,,,false,,,,,,,,,false,
ELEC,INOVA OAKVILLE CHARGEPOINT1,400 Fannon St,,Alexandria,VA,22301,,888-758-4389,E,,Public,24 hours daily,,,,,,2,,,ChargePoint Network,https://www.chargepoint.com,GPS,38.828048,-77.051798,2026-06-08,361795,2026-06-08 02:58:53 UTC,,,,2024-11-06,,,,,J1772,US,,,,Public,,public,,,,,,,,,,,,,,,,,,,,false,,,,,,,,,false,
ELEC,Flying J 876,23866 Rogers Clark Blvd,,Ruther Glen,VA,22546,,877-455-3833,E,,Public,24 hours daily,,,,,,,4,,eVgo Network,https://www.evgo.com,GPS,37.9383712,-77.4673519,2026-06-08,367761,2026-06-09 00:00:43 UTC,,,,2024-11-09,,,,,J1772COMBO,US,,,,Public,,public,,,,,,,,,,,,,,,,,,,,false,,,,,,,,,false,
ELEC,Harvey's Chevrolet Buick,1500 Tyler Ave,,Radford,VA,24141,,866-816-7584,E,,Public,24 hours daily,,,,,,,1,,EV Connect,https://www.evconnect.com,GPS,37.124623,-80.539472,2026-06-09,367882,2026-06-09 03:32:08 UTC,,,,2024-11-13,,,,,J1772COMBO,US,,,,Public,,public,,,,,,,,,,,,,,,,,,,,false,,,,,,,,,false,
ELEC,Royal Farms,8824 Wards Rd,,Rustburg,VA,24588,,877-798-3752,E,,Public,24 hours daily,A D Debit M V,,,,,,12,,Tesla,https://www.tesla.com/supercharger,GPS,37.253046,-79.187129,2024-12-10,368029,2025-05-06 21:07:47 UTC,P,,,2024-11-14,,,,,TESLA,US,,,,Public,,public,,,CONVENIENCE_STORE,,,,,,,,,,,,,,,,,false,,,,,,,,LD,false,
ELEC,WINCHESTER MED SHENANDOAH MEM2,759 S Main St,,Woodstock,VA,22664,,888-758-4389,E,,Public,24 hours daily,,,,,,2,,,ChargePoint Network,https://www.chargepoint.com,GPS,38.870906,-78.510652,2026-06-08,371409,2026-06-08 02:59:29 UTC,,,,2024-11-16,,,,,J1772,US,,,,Public,,public,,,,,,,,,,,,,,,,,,,,false,,,,,,,,,false,
ELEC,WINCHESTER MED SHENANDOAH MEM1,759 S Main St,,Woodstock,VA,22664,,888-758-4389,E,,Public,24 hours daily,,,,,,2,,,ChargePoint Network,https://www.chargepoint.com,GPS,38.870889,-78.511135,2026-06-08,371426,2026-06-08 03:00:17 UTC,,,,2024-11-16,,,,,J1772,US,,,,Public,,public,,,,,,,,,,,,,,,,,,,,false,,,,,,,,,false,
ELEC,Pilot Travel Center 4649,713 Oakland Circle,,Raphine,VA,24472,,877-455-3833,E,,Public,24 hours daily,,,,,,,4,,eVgo Network,https://www.evgo.com,GPS,37.93214,-79.23193,2026-06-08,371479,2026-06-09 00:00:25 UTC,,,,2024-11-17,,,,,J1772COMBO,US,,,,Public,,public,,,,,,,,,,,,,,,,,,,,false,,,,,,,,,false,
ELEC,IADWF - 14750 Conference Center Dr,14750 Conference Center Dr,,Chantilly,VA,20151,,866-816-7584,E,,Public,24 hours daily,,,,,,6,,,EV Connect,https://www.evconnect.com,GPS,38.875149,-77.456035,2026-06-09,371492,2026-06-09 03:32:45 UTC,,,,2024-11-18,,,,,J1772,US,,,,Public,,public,,,,,,,,,,,,,,,,,,,,false,,,,,,,,,false,
ELEC,1750 Tysons Blvd,1750 Tysons Boulevard,,McLean,VA,22102,,888-998-2546,E,,Public,24 hours daily,,,,,,2,,,Blink Network,https://blinkcharging.com,GPS,38.92367,-77.22291,2026-06-09,371515,2026-06-09 00:28:12 UTC,,,,2024-04-03,,,,,J1772,US,,,,Public,,public,,,,,,,,,,,,,,,,,,,,false,,,,,,,,,false,
ELEC,G&C EV Charging Station,11707 Pump Station Way,,Manassas,VA,20109,,703-365-9072,E,,Public,24 hours daily; 2 hour maximum,A ANDROID_PAY APPLE_PAY ARI Cash CFN CREDIT D Debit FleetOne M PHH V Voyager Wright_Exp,,,,,2,,,Non-Networked,,200-8,38.74972,-77.54779,2024-12-10,371700,2025-02-12 00:16:32 UTC,P,,,2021-04-01,,,,,J1772 TESLA,US,,,,Public,,public,,,AUTO_REPAIR,,,,,,,Free,,,,,,,,,SOLAR,false,,,,,,,,LD,false,
ELEC,BBURGRX BLACKSBURG RX,1445 N Main St,,Blacksburg,VA,24060,,888-758-4389,E,,Public,24 hours daily,,,,,,2,,,ChargePoint Network,https://www.chargepoint.com,GPS,37.248222,-80.414165,2026-06-08,371877,2026-06-08 03:01:02 UTC,,,,2024-11-23,,,,,J1772,US,,,,Public,,public,,,,,,,,,,,,,,,,,,,,false,,,,,,,,,false,
ELEC,LOUDOUN METRO STATION 6,43625 Croson Lane,,Ashburn,VA,20148,,888-758-4389,E,,Public,"Mon: 12:00am-1:00am, 4:00am-11:59pm; Tue: 12:00am-1:00am, 4:00am-11:59pm; Wed: 12:00am-1:00am, 4:00am-11:59pm; Thu: 12:00am-1:00am, 4:00am-11:59pm; Fri: 12:00am-1:00am, 4:00am-11:59pm; Sat: 12:00am-1:00am, 4:00am-11:59pm; Sun: 12:00am-1:00am, 4:00am-11:59pm",,,,,,2,,,ChargePoint Network,https://www.chargepoint.com,GPS,39.004837,-77.49415,2026-06-09,371974,2026-06-09 01:42:38 UTC,,,,2024-11-27,,,,,J1772,US,,,,Public,,public,,,,,,,,,,,,,,,,,,,,false,,,,,,,,,false,
ELEC,LOUDOUN METRO STATION 28,22505 Lockridge Rd,,Sterling,VA,20166,,888-758-4389,E,,Public,"Mon: 12:00am-1:00am, 4:00am-11:59pm; Tue: 12:00am-1:00am, 4:00am-11:59pm; Wed: 12:00am-1:00am, 4:00am-11:59pm; Thu: 12:00am-1:00am, 4:00am-11:59pm; Fri: 12:00am-1:00am, 4:00am-11:59pm; Sat: 12:00am-1:00am, 4:00am-11:59pm; Sun: 12:00am-1:00am, 4:00am-11:59pm",,,,,,2,,,ChargePoint Network,https://www.chargepoint.com,GPS,38.99301,-77.45902,2026-06-09,371975,2026-06-09 01:42:48 UTC,,,,2024-11-27,,,,,J1772,US,,,,Public,,public,,,,,,,,,,,,,,,,,,,,false,,,,,,,,,false,
ELEC,LOUDOUN METRO STATION 21,22505 Lockridge Rd,,Sterling,VA,20166,,888-758-4389,E,,Public,"Mon: 12:00am-1:00am, 4:00am-11:59pm; Tue: 12:00am-1:00am, 4:00am-11:59pm; Wed: 12:00am-1:00am, 4:00am-11:59pm; Thu: 12:00am-1:00am, 4:00am-11:59pm; Fri: 12:00am-1:00am, 4:00am-11:59pm; Sat: 12:00am-1:00am, 4:00am-11:59pm; Sun: 12:00am-1:00am, 4:00am-11:59pm",,,,,,2,,,ChargePoint Network,https://www.chargepoint.com,GPS,38.993114,-77.458984,2026-06-09,371976,2026-06-09 01:42:48 UTC,,,,2024-11-27,,,,,J1772,US,,,,Public,,public,,,,,,,,,,,,,,,,,,,,false,,,,,,,,,false,
ELEC,LOUDOUN METRO STATION 20,22505 Lockridge Rd,,Sterling,VA,20166,,888-758-4389,E,,Public,"Mon: 12:00am-1:00am, 4:00am-11:59pm; Tue: 12:00am-1:00am, 4:00am-11:59pm; Wed: 12:00am-1:00am, 4:00am-11:59pm; Thu: 12:00am-1:00am, 4:00am-11:59pm; Fri: 12:00am-1:00am, 4:00am-11:59pm; Sat: 12:00am-1:00am, 4:00am-11:59pm; Sun: 12:00am-1:00am, 4:00am-11:59pm",,,,,,2,,,ChargePoint Network,https://www.chargepoint.com,GPS,38.993267,-77.45885,2026-06-09,371977,2026-06-09 01:42:49 UTC,,,,2024-11-27,,,,,J1772,US,,,,Public,,public,,,,,,,,,,,,,,,,,,,,false,,,,,,,,,false,
ELEC,LOUDOUN METRO STATION 35,22495 Lockridge Rd,,Sterling,VA,20166,,888-758-4389,E,,Public,"Mon: 12:00am-1:00am, 4:00am-11:59pm; Tue: 12:00am-1:00am, 4:00am-11:59pm; Wed: 12:00am-1:00am, 4:00am-11:59pm; Thu: 12:00am-1:00am, 4:00am-11:59pm; Fri: 12:00am-1:00am, 4:00am-11:59pm; Sat: 12:00am-1:00am, 4:00am-11:59pm; Sun: 12:00am-1:00am, 4:00am-11:59pm",,,,,,2,,,ChargePoint Network,https://www.chargepoint.com,GPS,38.993114,-77.45906,2026-06-09,371978,2026-06-09 01:42:49 UTC,,,,2024-11-27,,,,,J1772,US,,,,Public,,public,,,,,,,,,,,,,,,,,,,,false,,,,,,,,,false,
ELEC,LOUDOUN METRO STATION 23,22505 Lockridge Rd,,Sterling,VA,20166,,888-758-4389,E,,Public,"Mon: 12:00am-1:00am, 4:00am-11:59pm; Tue: 12:00am-1:00am, 4:00am-11:59pm; Wed: 12:00am-1:00am, 4:00am-11:59pm; Thu: 12:00am-1:00am, 4:00am-11:59pm; Fri: 12:00am-1:00am, 4:00am-11:59pm; Sat: 12:00am-1:00am, 4:00am-11:59pm; Sun: 12:00am-1:00am, 4:00am-11:59pm",,,,,,2,,,ChargePoint Network,https://www.chargepoint.com,GPS,38.993187,-77.45898,2026-06-09,371979,2026-06-09 01:42:49 UTC,,,,2024-11-27,,,,,J1772,US,,,,Public,,public,,,,,,,,,,,,,,,,,,,,false,,,,,,,,,false,
ELEC,LOUDOUN METRO STATION 30,22505 Lockridge Rd,,Sterling,VA,20166,,888-758-4389,E,,Public,"Mon: 12:00am-1:00am, 4:00am-11:59pm; Tue: 12:00am-1:00am, 4:00am-11:59pm; Wed: 12:00am-1:00am, 4:00am-11:59pm; Thu: 12:00am-1:00am, 4:00am-11:59pm; Fri: 12:00am-1:00am, 4:00am-11:59pm; Sat: 12:00am-1:00am, 4:00am-11:59pm; Sun: 12:00am-1:00am, 4:00am-11:59pm",,,,,,2,,,ChargePoint Network,https://www.chargepoint.com,GPS,38.993095,-77.458916,2026-06-09,371980,2026-06-09 01:43:05 UTC,,,,2024-11-27,,,,,J1772,US,,,,Public,,public,,,,,,,,,,,,,,,,,,,,false,,,,,,,,,false,
ELEC,LOUDOUN METRO STATION 31,22505 Lockridge Rd,,Sterling,VA,20166,,888-758-4389,E,,Public,"Mon: 12:00am-1:00am, 4:00am-11:59pm; Tue: 12:00am-1:00am, 4:00am-11:59pm; Wed: 12:00am-1:00am, 4:00am-11:59pm; Thu: 12:00am-1:00am, 4:00am-11:59pm; Fri: 12:00am-1:00am, 4:00am-11:59pm; Sat: 12:00am-1:00am, 4:00am-11:59pm; Sun: 12:00am-1:00am, 4:00am-11:59pm",,,,,,2,,,ChargePoint Network,https://www.chargepoint.com,GPS,38.993103,-77.45903,2026-06-09,371981,2026-06-09 01:43:05 UTC,,,,2024-11-27,,,,,J1772,US,,,,Public,,public,,,,,,,,,,,,,,,,,,,,false,,,,,,,,,false,
ELEC,LOUDOUN METRO STATION 29,22505 Lockridge Rd,,Sterling,VA,20166,,888-758-4389,E,,Public,"Mon: 12:00am-1:00am, 4:00am-11:59pm; Tue: 12:00am-1:00am, 4:00am-11:59pm; Wed: 12:00am-1:00am, 4:00am-11:59pm; Thu: 12:00am-1:00am, 4:00am-11:59pm; Fri: 12:00am-1:00am, 4:00am-11:59pm; Sat: 12:00am-1:00am, 4:00am-11:59pm; Sun: 12:00am-1:00am, 4:00am-11:59pm",,,,,,2,,,ChargePoint Network,https://www.chargepoint.com,GPS,38.993156,-77.45904,2026-06-09,371982,2026-06-09 01:43:05 UTC,,,,2024-11-27,,,,,J1772,US,,,,Public,,public,,,,,,,,,,,,,,,,,,,,false,,,,,,,,,false,
ELEC,LOUDOUN METRO STATION 25,22505 Lockridge Rd,,Sterling,VA,20166,,888-758-4389,E,,Public,"Mon: 12:00am-1:00am, 4:00am-11:59pm; Tue: 12:00am-1:00am, 4:00am-11:59pm; Wed: 12:00am-1:00am, 4:00am-11:59pm; Thu: 12:00am-1:00am, 4:00am-11:59pm; Fri: 12:00am-1:00am, 4:00am-11:59pm; Sat: 12:00am-1:00am, 4:00am-11:59pm; Sun: 12:00am-1:00am, 4:00am-11:59pm",,,,,,2,,,ChargePoint Network,https://www.chargepoint.com,GPS,38.993111,-77.45903,2026-06-09,371983,2026-06-09 01:43:06 UTC,,,,2024-11-27,,,,,J1772,US,,,,Public,,public,,,,,,,,,,,,,,,,,,,,false,,,,,,,,,false,
ELEC,LOUDOUN METRO STATION 27,22505 Lockridge Rd,,Sterling,VA,20166,,888-758-4389,E,,Public,"Mon: 12:00am-1:00am, 4:00am-11:59pm; Tue: 12:00am-1:00am, 4:00am-11:59pm; Wed: 12:00am-1:00am, 4:00am-11:59pm; Thu: 12:00am-1:00am, 4:00am-11:59pm; Fri: 12:00am-1:00am, 4:00am-11:59pm; Sat: 12:00am-1:00am, 4:00am-11:59pm; Sun: 12:00am-1:00am, 4:00am-11:59pm",,,,,,2,,,ChargePoint Network,https://www.chargepoint.com,GPS,38.993103,-77.45898,2026-06-09,371984,2026-06-09 01:43:07 UTC,,,,2024-11-27,,,,,J1772,US,,,,Public,,public,,,,,,,,,,,,,,,,,,,,false,,,,,,,,,false,
ELEC,LOUDOUN METRO STATION 26,22505 Lockridge Rd,,Sterling,VA,20166,,888-758-4389,E,,Public,"Mon: 12:00am-1:00am, 4:00am-11:59pm; Tue: 12:00am-1:00am, 4:00am-11:59pm; Wed: 12:00am-1:00am, 4:00am-11:59pm; Thu: 12:00am-1:00am, 4:00am-11:59pm; Fri: 12:00am-1:00am, 4:00am-11:59pm; Sat: 12:00am-1:00am, 4:00am-11:59pm; Sun: 12:00am-1:00am, 4:00am-11:59pm",,,,,,2,,,ChargePoint Network,https://www.chargepoint.com,GPS,38.993053,-77.45887,2026-06-09,371985,2026-06-09 01:43:07 UTC,,,,2024-11-27,,,,,J1772,US,,,,Public,,public,,,,,,,,,,,,,,,,,,,,false,,,,,,,,,false,
ELEC,LOUDOUN METRO STATION 16,22505 Lockridge Rd,,Sterling,VA,20166,,888-758-4389,E,,Public,"Mon: 12:00am-1:00am, 4:00am-11:59pm; Tue: 12:00am-1:00am, 4:00am-11:59pm; Wed: 12:00am-1:00am, 4:00am-11:59pm; Thu: 12:00am-1:00am, 4:00am-11:59pm; Fri: 12:00am-1:00am, 4:00am-11:59pm; Sat: 12:00am-1:00am, 4:00am-11:59pm; Sun: 12:00am-1:00am, 4:00am-11:59pm",,,,,,2,,,ChargePoint Network,https://www.chargepoint.com,GPS,38.99312,-77.459076,2026-06-09,371986,2026-06-09 01:43:08 UTC,,,,2024-11-27,,,,,J1772,US,,,,Public,,public,,,,,,,,,,,,,,,,,,,,false,,,,,,,,,false,
ELEC,LOUDOUN METRO STATION 17,22505 Lockridge Rd,,Sterling,VA,20166,,888-758-4389,E,,Public,"Mon: 12:00am-1:00am, 4:00am-11:59pm; Tue: 12:00am-1:00am, 4:00am-11:59pm; Wed: 12:00am-1:00am, 4:00am-11:59pm; Thu: 12:00am-1:00am, 4:00am-11:59pm; Fri: 12:00am-1:00am, 4:00am-11:59pm; Sat: 12:00am-1:00am, 4:00am-11:59pm; Sun: 12:00am-1:00am, 4:00am-11:59pm",,,,,,2,,,ChargePoint Network,https://www.chargepoint.com,GPS,38.993217,-77.4591,2026-06-09,371987,2026-06-09 01:43:08 UTC,,,,2024-11-27,,,,,J1772,US,,,,Public,,public,,,,,,,,,,,,,,,,,,,,false,,,,,,,,,false,
ELEC,LOUDOUN METRO STATION 19,22505 Lockridge Rd,,Sterling,VA,20166,,888-758-4389,E,,Public,"Mon: 12:00am-1:00am, 4:00am-11:59pm; Tue: 12:00am-1:00am, 4:00am-11:59pm; Wed: 12:00am-1:00am, 4:00am-11:59pm; Thu: 12:00am-1:00am, 4:00am-11:59pm; Fri: 12:00am-1:00am, 4:00am-11:59pm; Sat: 12:00am-1:00am, 4:00am-11:59pm; Sun: 12:00am-1:00am, 4:00am-11:59pm",,,,,,2,,,ChargePoint Network,https://www.chargepoint.com,GPS,38.993145,-77.45887,2026-06-09,371988,2026-06-09 01:43:08 UTC,,,,2024-11-27,,,,,J1772,US,,,,Public,,public,,,,,,,,,,,,,,,,,,,,false,,,,,,,,,false,
ELEC,LOUDOUN METRO STATION 18,22505 Lockridge Rd,,Sterling,VA,20166,,888-758-4389,E,,Public,"Mon: 12:00am-1:00am, 4:00am-11:59pm; Tue: 12:00am-1:00am, 4:00am-11:59pm; Wed: 12:00am-1:00am, 4:00am-11:59pm; Thu: 12:00am-1:00am, 4:00am-11:59pm; Fri: 12:00am-1:00am, 4:00am-11:59pm; Sat: 12:00am-1:00am, 4:00am-11:59pm; Sun: 12:00am-1:00am, 4:00am-11:59pm",,,,,,2,,,ChargePoint Network,https://www.chargepoint.com,GPS,38.993095,-77.458885,2026-06-09,371989,2026-06-09 01:43:09 UTC,,,,2024-11-27,,,,,J1772,US,,,,Public,,public,,,,,,,,,,,,,,,,,,,,false,,,,,,,,,false,
ELEC,LOUDOUN METRO STATION 22,22505 Lockridge Rd,,Sterling,VA,20166,,888-758-4389,E,,Public,"Mon: 12:00am-1:00am, 4:00am-11:59pm; Tue: 12:00am-1:00am, 4:00am-11:59pm; Wed: 12:00am-1:00am, 4:00am-11:59pm; Thu: 12:00am-1:00am, 4:00am-11:59pm; Fri: 12:00am-1:00am, 4:00am-11:59pm; Sat: 12:00am-1:00am, 4:00am-11:59pm; Sun: 12:00am-1:00am, 4:00am-11:59pm",,,,,,2,,,ChargePoint Network,https://www.chargepoint.com,GPS,38.99313,-77.45906,2026-06-09,371990,2026-06-09 01:43:09 UTC,,,,2024-11-27,,,,,J1772,US,,,,Public,,public,,,,,,,,,,,,,,,,,,,,false,,,,,,,,,false,
ELEC,WINCHESTER MED PAGE MEMORIAL 1,201 Memorial Dr,,Luray,VA,22835,,888-758-4389,E,,Public,24 hours daily,,,,,,2,,,ChargePoint Network,https://www.chargepoint.com,GPS,38.662301,-78.467874,2026-06-08,372087,2026-06-08 03:00:41 UTC,,,,2024-11-28,,,,,J1772,US,,,,Public,,public,,,,,,,,,,,,,,,,,,,,false,,,,,,,,,false,
ELEC,WINCHESTER MED PAGE MEMORIAL 2,200 Memorial Drive,,Luray,VA,22835,,888-758-4389,E,,Public,24 hours daily,,,,,,2,,,ChargePoint Network,https://www.chargepoint.com,GPS,38.662247,-78.4678,2026-06-08,372088,2026-06-08 03:00:41 UTC,,,,2024-11-28,,,,,J1772,US,,,,Public,,public,,,,,,,,,,,,,,,,,,,,false,,,,,,,,,false,
ELEC,IAD214 IAD214 STATION1,22760 Pacific Boulevard,,Sterling,VA,20166,,888-758-4389,E,,Public,24 hours daily,,,,,,2,,,ChargePoint Network,https://www.chargepoint.com,GPS,38.987174,-77.434604,2026-06-08,372215,2026-06-08 02:56:18 UTC,,,,2024-11-30,,,,,J1772,US,,,,Public,,public,,,,,,,,,,,,,,,,,,,,false,,,,,,,,,false,
ELEC,IAD214 IAD214 STATION2,22760 Pacific Boulevard,,Sterling,VA,20166,,888-758-4389,E,,Public,24 hours daily,,,,,,2,,,ChargePoint Network,https://www.chargepoint.com,GPS,38.986815,-77.434567,2026-06-08,372216,2026-06-08 02:56:19 UTC,,,,2024-11-30,,,,,J1772,US,,,,Public,,public,,,,,,,,,,,,,,,,,,,,false,,,,,,,,,false,
ELEC,Rocklands BBQ,3471 Washington Boulevard,,Arlington,VA,22201,,888-998-2546,E,,Public,24 hours daily,,,,,,2,,,Blink Network,https://blinkcharging.com,GPS,38.88663960610379,-77.10350517505904,2026-06-09,372245,2026-06-09 00:14:02 UTC,,,,2024-12-02,,,,,J1772,US,,,,Public,,public,,,,,,,,,,,,,,,,,,,,false,,,,,,,,,false,
ELEC,LOUDOUN COUNTY DULLES SOUTH 2,24950 Riding Center Drive,,South Riding,VA,20152,,888-758-4389,E,,Public,24 hours daily,,,,,,2,,,ChargePoint Network,https://www.chargepoint.com,GPS,38.922263,-77.526081,2026-06-08,372692,2026-06-08 03:01:27 UTC,,,,2024-12-10,,,,,J1772,US,,,,Public,,public,,,,,,,,,,,,,,,,,,,,false,,,,,,,,,false,
ELEC,LOUDOUN COUNTY DULLES SOUTH 1,24950 Riding Center Drive,,South Riding,VA,20152,,888-758-4389,E,,Public,24 hours daily,,,,,,2,,,ChargePoint Network,https://www.chargepoint.com,GPS,38.922292,-77.526021,2026-06-08,372693,2026-06-08 03:01:27 UTC,,,,2024-12-10,,,,,J1772,US,,,,Public,,public,,,,,,,,,,,,,,,,,,,,false,,,,,,,,,false,
ELEC,DOCTORS LOT DOC LOT 1,3700 South Main Street,,Blacksburg,VA,24060,,888-758-4389,E,,Public,24 hours daily,,,,,,2,,,ChargePoint Network,https://www.chargepoint.com,GPS,37.187954,-80.411246,2026-06-08,372702,2026-06-08 03:01:47 UTC,,,,2024-12-10,,,,,J1772,US,,,,Public,,public,,,,,,,,,,,,,,,,,,,,false,,,,,,,,,false,
ELEC,Founders Row Parking Garage-Retail,110 Founders Ave,,Falls Church,VA,22046,,888-998-2546,E,,Public,24 hours daily,,,,,,5,,,Blink Network,https://blinkcharging.com,GPS,38.8861125,-77.1772737,2026-06-09,372740,2026-06-09 00:26:16 UTC,,,,2021-03-22,,,,,J1772,US,,,,Public,,public,,,,,,,,,,,,,,,,,,,,false,,,,,,,,,false,
ELEC,Target Glen Allen #T1049,11290 W Broad St.,,Glen Allen,VA,23060,,877-455-3833,E,,Public,24 hours daily,,,,,,,4,,eVgo Network,https://www.evgo.com,GPS,37.6521444,-77.605661,2026-06-08,373127,2026-06-08 23:57:31 UTC,,,,2024-12-14,,,,,J1772COMBO,US,,,,Public,,public,,,,,,,,,,,,,,,,,,,,false,,,,,,,,,false,
ELEC,Target Richmond,11301 Midlothian Tpke,,Richmond,VA,23235,,877-455-3833,E,,Public,24 hours daily,,,,,,,4,,eVgo Network,https://www.evgo.com,GPS,37.50426,-77.60379,2026-06-08,373130,2026-06-08 23:57:32 UTC,,,,2024-12-14,,,,,J1772COMBO,US,,,,Public,,public,,,,,,,,,,,,,,,,,,,,false,,,,,,,,,false,
ELEC,Target Chesapeake #T2203,233 Carmichael Way,,Chesapeake,VA,23322,,877-455-3833,E,,Public,24 hours daily,,,,,,,4,,eVgo Network,https://www.evgo.com,GPS,36.658757,-76.232851,2026-06-08,373132,2026-06-08 23:57:33 UTC,,,,2024-12-14,,,,,J1772COMBO,US,,,,Public,,public,,,,,,,,,,,,,,,,,,,,false,,,,,,,,,false,
ELEC,NELSON AUTOS NELSON RENTAL,303 W Church St,,Martinsville,VA,24112,,888-758-4389,E,,Public,24 hours daily,,,,,,2,,,ChargePoint Network,https://www.chargepoint.com,GPS,36.690757,-79.878916,2026-06-08,373938,2026-06-08 03:01:48 UTC,,,,2024-12-17,,,,,J1772,US,,,,Public,,public,,,,,,,,,,,,,,,,,,,,false,,,,,,,,,false,
ELEC,LOUDOUN COUNTY SJP L D2,39464 E Colonial Hwy,,Hamilton,VA,20158,,888-758-4389,E,,Public,24 hours daily,,,,,,2,,,ChargePoint Network,https://www.chargepoint.com,GPS,39.136317,-77.635984,2026-06-09,373989,2026-06-09 01:37:34 UTC,,,,2024-12-18,,,,,J1772,US,,,,Public,,public,,,,,,,,,,,,,,,,,,,,false,,,,,,,,,false,
ELEC,LOUDOUN COUNTY ROUNDHILL 2,17020 Sunny Rdg Dr,,Round Hill,VA,20141,,888-758-4389,E,,Public,24 hours daily,,,,,,2,,,ChargePoint Network,https://www.chargepoint.com,GPS,39.147226,-77.766362,2026-06-08,373998,2026-06-08 02:55:09 UTC,,,,2024-12-18,,,,,J1772,US,,,,Public,,public,,,,,,,,,,,,,,,,,,,,false,,,,,,,,,false,
ELEC,LOUDOUN COUNTY ROUNDHILL 1,17010 Evening Star Dr,,Round Hill,VA,20141,,888-758-4389,E,,Public,24 hours daily,,,,,,2,,,ChargePoint Network,https://www.chargepoint.com,GPS,39.146519,-77.765533,2026-06-08,373999,2026-06-08 02:55:11 UTC,,,,2024-12-18,,,,,J1772,US,,,,Public,,public,,,,,,,,,,,,,,,,,,,,false,,,,,,,,,false,
ELEC,LOUDOUN COUNTY ASHBURNSENCEN 1,20880 Marblehead Dr,,Ashburn,VA,20147,,888-758-4389,E,,Public,24 hours daily,,,,,,2,,,ChargePoint Network,https://www.chargepoint.com,GPS,39.038158,-77.4606,2026-06-08,374000,2026-06-08 02:56:31 UTC,,,,2024-12-18,,,,,J1772,US,,,,Public,,public,,,,,,,,,,,,,,,,,,,,false,,,,,,,,,false,
ELEC,LOUDOUN COUNTY ASHBURNSENCEN2,20880 Marblehead Dr,,Ashburn,VA,20147,,888-758-4389,E,,Public,24 hours daily,,,,,,2,,,ChargePoint Network,https://www.chargepoint.com,GPS,39.038228,-77.460563,2026-06-08,374001,2026-06-08 02:56:32 UTC,,,,2024-12-18,,,,,J1772,US,,,,Public,,public,,,,,,,,,,,,,,,,,,,,false,,,,,,,,,false,
ELEC,One Loudoun MB.HPC,20626 Easthampton Plaza,,Ashburn,VA,20147,,833-622-4743,E,,Public,Open to all EV drivers,,,,,,,10,,MERCEDES_BENZ,https://www.mbusa.com/en/ev-charging-stations,GPS,39.0527418,-77.4522522,2026-06-09,374460,2026-06-09 05:35:09 UTC,,,,2024-12-21,,,,,J1772COMBO TESLA,US,,,,Public,,public,,,,,,,,,,,,,,,,,,,,false,,,,,,,,,false,
ELEC,HZ Kingson Asset Management,4900 Allertow Road,,Fredericksburg,VA,22407,,888-998-2546,E,,Public,24 hours daily,,,,,,1,,,Blink Network,https://blinkcharging.com,GPS,38.2440725,-77.5065237,2026-06-09,374518,2026-06-09 00:35:22 UTC,,,,2024-12-23,,,,,J1772,US,,,,Public,,public,,,,,,,,,,,,,,,,,,,,false,,,,,,,,,false,
ELEC,Lubber Run,300 North Park Drive,,Arlington,VA,22203,,888-998-2546,E,,Public,24 hours daily,,,,,,8,,,Blink Network,https://blinkcharging.com,GPS,38.87364269611243,-77.11405398924698,2026-06-09,375266,2026-06-09 00:11:42 UTC,,,,2024-11-11,,,,,J1772,US,,,,Public,,public,,,,,,,,,,,,,,,,,,,,false,,,,,,,,,false,
ELEC,Wawa - Tesla Supercharger,5824 George Washington Memorial Hwy,,Yorktown,VA,23692,,877-798-3752,E,,Public,24 hours daily,A D Debit M V,,,,,,12,,Tesla,https://www.tesla.com/supercharger,GPS,37.165139,-76.464827,2025-05-12,375837,2026-02-02 23:16:24 UTC,P,,,2025-01-13,,,,,TESLA,US,,,,Public,,public,,,CONVENIENCE_STORE,,,,,,,,,,,,,,,,,false,,,,,,,,LD,false,
ELEC,STORAGE CHARGER FL CUBE SMART,12831 Fair Lakes Pkwy,,Fairfax,VA,22033,,888-758-4389,E,,Public,24 hours daily,,,,,,2,,,ChargePoint Network,https://www.chargepoint.com,GPS,38.860829,-77.385604,2026-06-08,376012,2026-06-08 03:02:45 UTC,,,,2025-01-22,,,,,J1772,US,,,,Public,,public,,,,,,,,,,,,,,,,,,,,false,,,,,,,,,false,
ELEC,MALLOYCHEVROLET CPE250 1,2150 Seminole Trail,,Charlottesville,VA,22901,,888-758-4389,E,,Public,24 hours daily,,,,,,,1,,ChargePoint Network,https://www.chargepoint.com,GPS,38.095711,-78.466779,2026-06-09,377439,2026-06-09 03:00:37 UTC,,,,2025-01-30,,,,,CHADEMO J1772COMBO,US,,,,Public,,public,,,,,,,,,,,,,,,,,,,,false,,,,,,,,,false,
ELEC,MALLOYCHEVROLET CPE250 2,2150 Seminole Trail,,Charlottesville,VA,22901,,888-758-4389,E,,Public,24 hours daily,,,,,,,1,,ChargePoint Network,https://www.chargepoint.com,GPS,38.095669,-78.466811,2026-06-09,377440,2026-06-09 03:00:37 UTC,,,,2025-01-30,,,,,CHADEMO J1772COMBO,US,,,,Public,,public,,,,,,,,,,,,,,,,,,,,false,,,,,,,,,false,
ELEC,Arlington Central Library,1015 North Quincy Street,,Arlington,VA,22201,,888-998-2546,E,,Public,24 hours daily,,,,,,12,,,Blink Network,https://blinkcharging.com,GPS,38.88397368133688,-77.10725697467088,2026-06-09,377486,2026-06-09 00:31:13 UTC,,,,2025-01-30,,,,,J1772,US,,,,Public,,public,,,,,,,,,,,,,,,,,,,,false,,,,,,,,,false,
ELEC,Quality Inn & Suites,4609 Aerial Way,,Big Stone Gap,VA,24219,,888-998-2546,E,,Public,24 hours daily,,,,,,4,,,Blink Network,https://blinkcharging.com,GPS,36.859256,-82.752495,2026-06-09,377593,2026-06-09 00:58:59 UTC,,,,2022-07-01,,,,,J1772,US,,,,Public,,public,,,,,,,,,,,,,,,,,,,,false,,,,,,,,,false,
ELEC,LOUDOUN METRO STATION 24,22505 Lockridge Rd,,Sterling,VA,20166,,888-758-4389,E,,Public,24 hours daily,,,,,,2,,,ChargePoint Network,https://www.chargepoint.com,GPS,38.992305,-77.457484,2026-06-09,377936,2026-06-09 01:42:49 UTC,,,,2025-02-05,,,,,J1772,US,,,,Public,,public,,,,,,,,,,,,,,,,,,,,false,,,,,,,,,false,
ELEC,SKL STATION1,2369 Virginia Beach Blvd,,Virginia Beach,VA,23454,,888-758-4389,E,,Public,24 hours daily,,,,,,1,,,ChargePoint Network,https://www.chargepoint.com,GPS,36.841392,-76.052072,2026-06-09,378044,2026-06-09 02:29:12 UTC,,,,2025-02-06,,,,,J1772,US,,,,Public,,public,,,,,,,,,,,,,,,,,,,,false,,,,,,,,,false,
ELEC,ACMGMT VGG-K SR,1300 S Military Hwy,,Chesapeake,VA,23320,,888-758-4389,E,,Public,24 hours daily,,,,,,1,,,ChargePoint Network,https://www.chargepoint.com,GPS,36.800637,-76.227352,2026-06-09,378046,2026-06-09 02:35:41 UTC,,,,2025-02-06,,,,,J1772,US,,,,Public,,public,,,,,,,,,,,,,,,,,,,,false,,,,,,,,,false,
ELEC,ACMGMT FORMAN,916 Live Oak Dr,,Chesapeake,VA,23320,,888-758-4389,E,,Public,24 hours daily,,,,,,,1,,ChargePoint Network,https://www.chargepoint.com,GPS,36.800867,-76.227796,2026-06-09,378048,2026-06-09 02:47:22 UTC,,,,2025-02-06,,,,,J1772COMBO,US,,,,Public,,public,,,,,,,,,,,,,,,,,,,,false,,,,,,,,,false,
ELEC,STHR HYUNDAI #1,6520 Peters Creek Rd,,Roanoke,VA,24019,,888-758-4389,E,,Public,24 hours daily,,,,,,,1,,ChargePoint Network,https://www.chargepoint.com,GPS,37.345602,-79.963026,2026-06-09,378049,2026-06-09 02:56:40 UTC,,,,2025-02-06,,,,,CHADEMO J1772COMBO,US,,,,Public,,public,,,,,,,,,,,,,,,,,,,,false,,,,,,,,,false,
ELEC,Woodland Partners II,2250 Corporate Park Drive,,Herndon,VA,20171,,888-998-2546,E,,Public,24 hours daily,,,,,,4,,,Blink Network,https://blinkcharging.com,GPS,38.95327108470265,-77.39640050529547,2026-06-09,378683,2026-06-09 00:08:56 UTC,,,,2017-08-31,,,,,J1772,US,,,,Public,,public,,,,,,,,,,,,,,,,,,,,false,,,,,,,,,false,
ELEC,Checkered Flag Audi,5200 Virginia Beach Boulevard,,Virginia Beach,VA,23462,,888-998-2546,E,,Public,Mon: 7:00am-8:00pm; Tue: 7:00am-8:00pm; Wed: 7:00am-8:00pm; Thu: 7:00am-8:00pm; Fri: 7:00am-8:00pm; Sat: 7:00am-7:00pm; Sun: 12:00am-12:00am,,,,,,,5,,Blink Network,https://blinkcharging.com,GPS,36.848335818466495,-76.16122805961403,2026-06-09,378722,2026-06-09 00:09:31 UTC,,,,2024-03-15,,,,,J1772COMBO,US,,,,Public,,public,,,,,,,,,,,,,,,,,,,,false,,,,,,,,,false,
ELEC,"HQ 1001 19 North, LLC",1001 19th Street North STE 1402,,Arlington,VA,22209,,888-998-2546,E,,Public,24 hours daily,,,,,,3,,,Blink Network,https://blinkcharging.com,GPS,38.8972908,-77.0692631,2026-06-09,379107,2026-06-09 00:13:13 UTC,,,,2021-09-20,,,,,J1772,US,,,,Public,,public,,,,,,,,,,,,,,,,,,,,false,,,,,,,,,false,
ELEC,CMA Hyundai of Lynchburg,2625 Lakeside Drive,,Lynchburg,VA,24501,,888-998-2546,E,,Public,24 hours daily,,,,,,,4,,Blink Network,https://blinkcharging.com,GPS,37.39559167801819,-79.22863403259804,2026-06-09,381076,2026-06-09 00:35:21 UTC,,,,2025-02-07,,,,,J1772COMBO,US,,,,Public,,public,,,,,,,,,,,,,,,,,,,,false,,,,,,,,,false,
ELEC,The Commodore,2055 15th Street North,,Arlington,VA,22201,,888-998-2546,E,,Public,24 hours daily,,,,,,9,,,Blink Network,https://blinkcharging.com,GPS,38.89138403708155,-77.08461103361928,2026-06-09,382975,2026-06-09 00:55:52 UTC,,,,2023-10-23,,,,,J1772,US,,,,Public,,public,,,,,,,,,,,,,,,,,,,,false,,,,,,,,,false,
ELEC,Residence Inn Dulles Airport at Dulles 28 Center,45250 Monterey Place,,Sterling,VA,20166,,888-998-2546,E,,Public,24 hours daily,,,,,,2,,,Blink Network,https://blinkcharging.com,GPS,39.00821065767485,-77.43587770529862,2026-06-09,383538,2026-06-09 00:59:52 UTC,,,,2024-11-20,,,,,J1772,US,,,,Public,,public,,,,,,,,,,,,,,,,,,,,false,,,,,,,,,false,
ELEC,Pilot Travel Center 4651,781 Moores Ferry Road,,Skippers,VA,23879,,877-455-3833,E,,Public,24 hours daily,,,,,,,8,,eVgo Network,https://www.evgo.com,GPS,36.6065802,-77.5602553,2026-06-08,383745,2026-06-08 23:57:36 UTC,,,,2025-02-07,,,,,J1772COMBO,US,,,,Public,,public,,,,,,,,,,,,,,,,,,,,false,,,,,,,,,false,NEVI
ELEC,Sheehy Ford of Warrenton - Series,6443 Lee Highway,,Warrenton,VA,20187,,888-998-2546,E,,Public,24 hours daily,,,,,,6,,,Blink Network,https://blinkcharging.com,GPS,38.734671582824845,-77.76864139002066,2026-06-09,384707,2026-06-09 01:02:38 UTC,,,,2025-02-18,,,,,J1772,US,,,,Public,,public,,,,,,,,,,,,,,,,,,,,false,,,,,,,,,false,
ELEC,Arlington,1005 North Glebe Road,,Arlington,VA,22201,,888-998-2546,E,,Public,24 hours daily,,,,,,2,,,Blink Network,https://blinkcharging.com,GPS,38.88334225965688,-77.1155374288354,2026-06-09,384714,2026-06-09 00:26:15 UTC,,,,2024-03-12,,,,,J1772,US,,,,Public,,public,,,,,,,,,,,,,,,,,,,,false,,,,,,,,,false,
ELEC,WESTIN CHARGERS GUEST 4,6631 West Broad Street,,Richmond,VA,23230,,888-758-4389,E,,Public,24 hours daily,,,,,,1,,,ChargePoint Network,https://www.chargepoint.com,GPS,37.604712,-77.517876,2026-06-08,384779,2026-06-08 03:05:04 UTC,,,,2025-02-22,,,,,J1772,US,,,,Public,,public,,,,,,,,,,,,,,,,,,,,false,,,,,,,,,false,
ELEC,WESTIN CHARGERS GUEST 3,6631 West Broad Street,,Richmond,VA,23230,,888-758-4389,E,,Public,24 hours daily,,,,,,1,,,ChargePoint Network,https://www.chargepoint.com,GPS,37.604701,-77.517873,2026-06-08,384780,2026-06-08 03:05:05 UTC,,,,2025-02-22,,,,,J1772,US,,,,Public,,public,,,,,,,,,,,,,,,,,,,,false,,,,,,,,,false,
ELEC,WESTIN CHARGERS GUEST 2,6631 West Broad Street,"Front of white Fence, The Westin",Richmond,VA,23230,,888-758-4389,E,,Public,24 hours daily,,,,,,1,,,ChargePoint Network,https://www.chargepoint.com,GPS,37.604703,-77.517918,2026-06-08,384781,2026-06-08 03:05:05 UTC,,,,2025-02-22,,,,,J1772,US,,,,Public,,public,,,,,,,,,,,,,,,,,,,,false,,,,,,,,,false,
ELEC,WESTIN CHARGERS GUEST 1,6631 West Broad Street,"Front of white fence, right charger",Richmond,VA,23230,,888-758-4389,E,,Public,24 hours daily,,,,,,1,,,ChargePoint Network,https://www.chargepoint.com,GPS,37.604703,-77.517931,2026-06-08,384782,2026-06-08 03:05:05 UTC,,,,2025-02-22,,,,,J1772,US,,,,Public,,public,,,,,,,,,,,,,,,,,,,,false,,,,,,,,,false,
ELEC,Lincoln Property Company Engineering,3076 Centerville Road,,Herndon,VA,20171,,888-998-2546,E,,Public,24 hours daily,,,,,,1,,,Blink Network,https://blinkcharging.com,GPS,38.923134,-77.41977,2026-06-09,384873,2026-06-09 00:12:33 UTC,,,,2025-02-25,,,,,J1772,US,,,,Public,,public,,,,,,,,,,,,,,,,,,,,false,,,,,,,,,false,
ELEC,12825 Worldgate Drive,12825 Worldgate Drive,,Herndon,VA,20170,,888-998-2546,E,,Public,24 hours daily,,,,,,2,,,Blink Network,https://blinkcharging.com,GPS,38.9551553,-77.3955277,2026-06-09,386851,2026-06-09 00:45:48 UTC,,,,2016-07-06,,,,,J1772,US,,,,Public,,public,,,,,,,,,,,,,,,,,,,,false,,,,,,,,,false,
ELEC,GEORGE MASON U RAPPAHANNOCK 4,4395 University Drive,Level 1 - Visitor Section,Fairfax,VA,22030,,888-758-4389,E,,Public,24 hours daily,,,,,,2,,,ChargePoint Network,https://www.chargepoint.com,GPS,38.835074,-77.306374,2026-06-08,386855,2026-06-08 03:05:02 UTC,,,,2025-02-26,,,,,J1772,US,,,,Public,,public,,,,,,,,,,,,,,,,,,,,false,,,,,,,,,false,
ELEC,GEORGE MASON U RAPPAHANNOCK 5,4393 University Drive,Level 1 - Visitor Section,Fairfax,VA,22030,,888-758-4389,E,,Public,24 hours daily,,,,,,2,,,ChargePoint Network,https://www.chargepoint.com,GPS,38.835112,-77.306171,2026-06-08,386862,2026-06-08 03:05:50 UTC,,,,2025-02-26,,,,,J1772,US,,,,Public,,public,,,,,,,,,,,,,,,,,,,,false,,,,,,,,,false,
ELEC,EV CHARGIING AB1-10 SOUTH,3625 Potomac Ave,,Alexandria,VA,22305,,888-758-4389,E,,Public,24 hours daily,,,,,,2,,,ChargePoint Network,https://www.chargepoint.com,GPS,38.83756,-77.048714,2026-06-08,386964,2026-06-08 03:04:23 UTC,,,,2025-02-27,,,,,J1772,US,,,,Public,,public,,,,,,,,,,,,,,,,,,,,false,,,,,,,,,false,
ELEC,BXP RTC UC GG-1,11922 Freedom Drive,,Reston,VA,20190,,888-758-4389,E,,Public,24 hours daily,,,,,,2,,,ChargePoint Network,https://www.chargepoint.com,GPS,38.960193,-77.357997,2026-06-08,387092,2026-06-08 03:02:04 UTC,,,,2025-03-01,,,,,J1772,US,,,,Public,,public,,,,,,,,,,,,,,,,,,,,false,,,,,,,,,false,
ELEC,BXP RTC UC GG-4,11922 Freedom Drive,,Reston,VA,20190,,888-758-4389,E,,Public,24 hours daily,,,,,,2,,,ChargePoint Network,https://www.chargepoint.com,GPS,38.959801,-77.35765,2026-06-08,387093,2026-06-08 03:02:05 UTC,,,,2025-03-01,,,,,J1772,US,,,,Public,,public,,,,,,,,,,,,,,,,,,,,false,,,,,,,,,false,
ELEC,BXP RTC UC GG-3,11922 Freedom Drive,,Reston,VA,20190,,888-758-4389,E,,Public,24 hours daily,,,,,,2,,,ChargePoint Network,https://www.chargepoint.com,GPS,38.960024,-77.35765,2026-06-08,387094,2026-06-08 03:02:05 UTC,,,,2025-03-01,,,,,J1772,US,,,,Public,,public,,,,,,,,,,,,,,,,,,,,false,,,,,,,,,false,
ELEC,BXP RTC UC GG-2,11922 Freedom Drive,,Reston,VA,20190,,888-758-4389,E,,Public,24 hours daily,,,,,,2,,,ChargePoint Network,https://www.chargepoint.com,GPS,38.959719,-77.357743,2026-06-08,387095,2026-06-08 03:02:05 UTC,,,,2025-03-01,,,,,J1772,US,,,,Public,,public,,,,,,,,,,,,,,,,,,,,false,,,,,,,,,false,
ELEC,BXP RTC UC SOMA-1,1875 Explorer Street,,Reston,VA,20190,,888-758-4389,E,,Public,24 hours daily,,,,,,2,,,ChargePoint Network,https://www.chargepoint.com,GPS,38.95832,-77.360004,2026-06-08,387096,2026-06-08 03:02:43 UTC,,,,2025-03-01,,,,,J1772,US,,,,Public,,public,,,,,,,,,,,,,,,,,,,,false,,,,,,,,,false,
ELEC,BXP RTC UC 1750-3,11811 Freedom Dr,,Reston,VA,20190,,888-758-4389,E,,Public,24 hours daily,,,,,,2,,,ChargePoint Network,https://www.chargepoint.com,GPS,38.95924,-77.355849,2026-06-08,387097,2026-06-08 03:02:44 UTC,,,,2025-03-01,,,,,J1772,US,,,,Public,,public,,,,,,,,,,,,,,,,,,,,false,,,,,,,,,false,
ELEC,BXP RTC UC 1750-2,11811 Freedom Dr,,Reston,VA,20190,,888-758-4389,E,,Public,24 hours daily,,,,,,2,,,ChargePoint Network,https://www.chargepoint.com,GPS,38.959207,-77.355857,2026-06-08,387098,2026-06-08 03:02:44 UTC,,,,2025-03-01,,,,,J1772,US,,,,Public,,public,,,,,,,,,,,,,,,,,,,,false,,,,,,,,,false,
ELEC,BXP RTC UC 1750-1,11811 Freedom Dr,,Reston,VA,20190,,888-758-4389,E,,Public,24 hours daily,,,,,,2,,,ChargePoint Network,https://www.chargepoint.com,GPS,38.959179,-77.355827,2026-06-08,387099,2026-06-08 03:02:44 UTC,,,,2025-03-01,,,,,J1772,US,,,,Public,,public,,,,,,,,,,,,,,,,,,,,false,,,,,,,,,false,
ELEC,EV CHARGIING AB1-20 SOUTH,3625 Potomac Ave,,Alexandria,VA,22305,,888-758-4389,E,,Public,24 hours daily,,,,,,2,,,ChargePoint Network,https://www.chargepoint.com,GPS,38.8376,-77.048724,2026-06-08,387183,2026-06-08 03:06:09 UTC,,,,2025-03-04,,,,,J1772,US,,,,Public,,public,,,,,,,,,,,,,,,,,,,,false,,,,,,,,,false,
ELEC,PENDERBROOK STATION 2,3704 Golf Trail Lane,Penderbrook Parking Lot,Fairfax,VA,22033,,888-758-4389,E,,Public,24 hours daily,,,,,,2,,,ChargePoint Network,https://www.chargepoint.com,GPS,38.873842,-77.35945,2026-06-08,387506,2026-06-08 03:04:28 UTC,,,,2025-03-08,,,,,J1772,US,,,,Public,,public,,,,,,,,,,,,,,,,,,,,false,,,,,,,,,false,
ELEC,PENDERBROOK STATION 1,3704 Golf Trail Lane,Penderbrook Parking Lot,Fairfax,VA,22033,,888-758-4389,E,,Public,24 hours daily,,,,,,2,,,ChargePoint Network,https://www.chargepoint.com,GPS,38.873925,-77.359425,2026-06-08,387507,2026-06-08 03:04:28 UTC,,,,2025-03-08,,,,,J1772,US,,,,Public,,public,,,,,,,,,,,,,,,,,,,,false,,,,,,,,,false,
ELEC,PENDERBROOK STATION 4,3704 Golf Trail Lane,Penderbrook Parking Lot,Fairfax,VA,22033,,888-758-4389,E,,Public,24 hours daily,,,,,,2,,,ChargePoint Network,https://www.chargepoint.com,GPS,38.87395,-77.359423,2026-06-08,387508,2026-06-08 03:04:29 UTC,,,,2025-03-08,,,,,J1772,US,,,,Public,,public,,,,,,,,,,,,,,,,,,,,false,,,,,,,,,false,
ELEC,PENDERBROOK STATION 3,3704 Golf Trail Lane,,Fairfax,VA,22033,,888-758-4389,E,,Public,24 hours daily,,,,,,2,,,ChargePoint Network,https://www.chargepoint.com,GPS,38.873937,-77.359433,2026-06-08,387510,2026-06-08 03:04:57 UTC,,,,2025-03-08,,,,,J1772,US,,,,Public,,public,,,,,,,,,,,,,,,,,,,,false,,,,,,,,,false,
ELEC,EV CHARGIING AB1-1 SL SOUTH,3625 Potomac Ave,,Alexandria,VA,22305,,888-758-4389,E,,Public,24 hours daily,,,,,,2,,,ChargePoint Network,https://www.chargepoint.com,GPS,38.837654,-77.048096,2026-06-08,387511,2026-06-08 03:05:47 UTC,,,,2025-03-08,,,,,J1772,US,,,,Public,,public,,,,,,,,,,,,,,,,,,,,false,,,,,,,,,false,
ELEC,P4 CHARGER STATION 1,4201 Atlantic Avenue,,Virginia Beach,VA,23451,,888-758-4389,E,,Public,24 hours daily,,,,,,2,,,ChargePoint Network,https://www.chargepoint.com,GPS,36.870288,-75.98127,2026-06-08,387565,2026-06-08 03:00:57 UTC,,,,2025-03-11,,,,,J1772,US,,,,Public,,public,,,,,,,,,,,,,,,,,,,,false,,,,,,,,,false,
ELEC,P4 CHARGER STATION 2,4201 Atlantic Avenue,,Virginia Beach,VA,23451,,888-758-4389,E,,Public,24 hours daily,,,,,,2,,,ChargePoint Network,https://www.chargepoint.com,GPS,36.870242,-75.981265,2026-06-08,387566,2026-06-08 03:00:58 UTC,,,,2025-03-11,,,,,J1772,US,,,,Public,,public,,,,,,,,,,,,,,,,,,,,false,,,,,,,,,false,
ELEC,EV CHARGIING AB1-11 NORTH,3625 Potomac Ave,,Alexandria,VA,22305,,888-758-4389,E,,Public,24 hours daily,,,,,,2,,,ChargePoint Network,https://www.chargepoint.com,GPS,38.837711,-77.048762,2026-06-08,387577,2026-06-08 03:06:49 UTC,,,,2025-03-11,,,,,J1772,US,,,,Public,,public,,,,,,,,,,,,,,,,,,,,false,,,,,,,,,false,
ELEC,EV CHARGIING AB1-2 SL NORTH,East Reed Avenue,,Alexandria,VA,22305,,888-758-4389,E,,Public,24 hours daily,,,,,,2,,,ChargePoint Network,https://www.chargepoint.com,GPS,38.837701,-77.048127,2026-06-08,387757,2026-06-08 03:04:23 UTC,,,,2025-03-14,,,,,J1772,US,,,,Public,,public,,,,,,,,,,,,,,,,,,,,false,,,,,,,,,false,
ELEC,LUXE360 LUXE 360 # 3,1900 Axis Blvd,Bldg #3,Midlothian,VA,23114,,888-758-4389,E,,Public,24 hours daily,,,,,,2,,,ChargePoint Network,https://www.chargepoint.com,GPS,37.470589,-77.662893,2026-06-08,387822,2026-06-08 03:07:08 UTC,,,,2025-03-15,,,,,J1772,US,,,,Public,,public,,,,,,,,,,,,,,,,,,,,false,,,,,,,,,false,
ELEC,Sheehy Ford of Warrenton - DCFC,6443 Lee Highway,,Warrenton,VA,20187,,888-998-2546,E,,Public,24 hours daily,,,,,,,4,,Blink Network,https://blinkcharging.com,GPS,38.734346,-77.769306,2026-06-09,388161,2026-06-09 00:21:20 UTC,,,,2025-03-20,,,,,J1772COMBO,US,,,,Public,,public,,,,,,,,,,,,,,,,,,,,false,,,,,,,,,false,
ELEC,VAG - Nissan of Mechanicsville,6564 Mechanicsville Turnpike,,Mechanicsville,VA,23111,,888-998-2546,E,,Public,24 hours daily,,,,,,2,,,Blink Network,https://blinkcharging.com,GPS,37.613741,-77.335919,2026-06-09,388256,2026-06-09 00:34:05 UTC,,,,2023-02-06,,,,,J1772,US,,,,Public,,public,,,,,,,,,,,,,,,,,,,,false,,,,,,,,,false,
ELEC,Valley College Park,3445 Lee Hwy,,Weyers Cave,VA,24486,,888-222-6618,E,,Public,,,,,,,4,,,NOODOE,https://www.noodoe.com,GPS,38.292079,-78.93497,2026-06-09,388542,2026-06-09 04:23:42 UTC,,,,2025-03-24,,,,,J1772,US,,,,Public,,public,,,,,,,,,,,,,,,,,,,,false,,,,,,,,,false,
ELEC,West Falls,175 Haycock Road,,Falls Church,VA,22043,,888-222-6618,E,,Public,,,,,,,8,2,,NOODOE,https://www.noodoe.com,GPS,38.895575,-77.190637,2026-06-09,388547,2026-06-09 04:23:44 UTC,,,,2025-03-24,,,,,J1772 J1772COMBO,US,,,,Public,,public,,,,,,,,,,,,,,,,,,,,false,,,,,,,,,false,
ELEC,"Hampton Inn & Suites Woodstock, VA",1150 Motel Drive,,Woodstock,VA,22664,,888-998-2546,E,,Public,24 hours daily,,,,,,6,,,Blink Network,https://blinkcharging.com,GPS,38.868347,-78.52863,2026-06-09,388725,2026-06-09 00:57:15 UTC,,,,2022-02-09,,,,,J1772,US,,,,Public,,public,,,,,,,,,,,,,,,,,,,,false,,,,,,,,,false,
ELEC,Pilot Travel Center 4656,4610 County Drive,,Disputanta,VA,23842,,877-455-3833,E,,Public,24 hours daily,,,,,,,4,,eVgo Network,https://www.evgo.com,GPS,37.1842977,-77.3184123,2026-06-09,388955,2026-06-09 00:02:15 UTC,,,,2025-03-30,,,,,J1772COMBO,US,,,,Public,,public,,,,,,,,,,,,,,,,,,,,false,,,,,,,,,false,
ELEC,Safford Brown Honda of Arlington. - DCFC,3920 Langston Boulevard,,Arlington,VA,22207,,888-998-2546,E,,Public,24 hours daily,,,,,,,2,,Blink Network,https://blinkcharging.com,GPS,38.896658922933526,-77.10794560389459,2026-06-09,388968,2026-06-09 00:12:06 UTC,,,,2025-04-01,,,,,J1772COMBO,US,,,,Public,,public,,,,,,,,,,,,,,,,,,,,false,,,,,,,,,false,
ELEC,Jaguar Land Rover of Tysons - DCFC,1592 Spring Hill Road,,Vienna,VA,22182,,888-998-2546,E,,Public,24 hours daily,,,,,,,2,,Blink Network,https://blinkcharging.com,GPS,38.927308,-77.245,2026-06-09,389056,2026-06-09 00:56:49 UTC,,,,2025-04-01,,,,,J1772COMBO,US,,,,Public,,public,,,,,,,,,,,,,,,,,,,,false,,,,,,,,,false,
ELEC,HINES EV 1861 P1 #2,1861 International Dr,,McLean,VA,22102,,888-758-4389,E,,Public,24 hours daily,,,,,,2,,,ChargePoint Network,https://www.chargepoint.com,GPS,38.916128,-77.225249,2026-06-08,389069,2026-06-08 03:07:25 UTC,,,,2025-04-02,,,,,J1772,US,,,,Public,,public,,,,,,,,,,,,,,,,,,,,false,,,,,,,,,false,
ELEC,VISITORCENTER STATION 1,645 River Park Dr,The station is on the side of building,Danville,VA,24540,,888-758-4389,E,,Public,24 hours daily,,,,,,,1,,ChargePoint Network,https://www.chargepoint.com,GPS,36.572789,-79.364471,2026-06-08,389612,2026-06-08 03:07:37 UTC,,,,2025-04-09,,,,,CHADEMO J1772COMBO,US,,,,Public,,public,,,,,,,,,,,,,,,,,,,,false,,,,,,,,,false,
ELEC,Sheehy Ford Springfield - DCFC,6727 Loisdale Road,,Springfield,VA,22150,,888-998-2546,E,,Public,24 hours daily,,,,,,,2,,Blink Network,https://blinkcharging.com,GPS,38.7716722068529,-77.17978923408468,2026-06-09,389743,2026-06-09 00:19:20 UTC,,,,2025-04-10,,,,,J1772COMBO,US,,,,Public,,public,,,,,,,,,,,,,,,,,,,,false,,,,,,,,,false,
ELEC,OVERLOOK GARAGE OVER-2,12011 Sunset Hills Rd,,Reston,VA,20190,,888-758-4389,E,,Public,24 hours daily,,,,,,2,,,ChargePoint Network,https://www.chargepoint.com,GPS,38.953694,-77.357237,2026-06-08,389909,2026-06-08 03:08:41 UTC,,,,2025-04-15,,,,,J1772,US,,,,Public,,public,,,,,,,,,,,,,,,,,,,,false,,,,,,,,,false,
ELEC,OVERLOOK GARAGE OVER-1,12011 Sunset Hills Rd,,Reston,VA,20190,,888-758-4389,E,,Public,24 hours daily,,,,,,1,,,ChargePoint Network,https://www.chargepoint.com,GPS,38.953665,-77.357119,2026-06-08,389910,2026-06-08 03:08:41 UTC,,,,2025-04-15,,,,,J1772,US,,,,Public,,public,,,,,,,,,,,,,,,,,,,,false,,,,,,,,,false,
ELEC,Reston Summit II,2000 Edmund Halley Drive,,Reston,VA,20191,,888-998-2546,E,,Public,24 hours daily,,,,,,2,,,Blink Network,https://blinkcharging.com,GPS,38.95207647283946,-77.36278488990487,2026-06-09,390024,2026-06-09 00:17:41 UTC,,,,2022-09-18,,,,,J1772,US,,,,Public,,public,,,,,,,,,,,,,,,,,,,,false,,,,,,,,,false,
ELEC,"Target T1858 (Charlottesville, VA)",312 Connor Dr,,Charlottesville,VA,22911,,833-632-2778,E,,Public,24 hours daily,,,,,,,6,,Electrify America,https://www.electrifyamerica.com,GPS,38.12784,-78.4415,2026-06-09,390149,2026-06-09 03:19:51 UTC,,,,2025-04-18,,,,,J1772COMBO,US,,,,Public,,public,,,,,,,,,,,,,,,,,,,,false,,,,,,,,,false,
ELEC,Exit 47 Dog Park,182 Rifton Dr,,Marion,VA,24354,,844-765-0150,E,,Public,24 hours daily,A D Debit M V,,,,,2,,,AUTEL,https://autelenergy.us,GPS,36.8487,-81.483562,2025-05-12,390298,2026-02-02 23:16:24 UTC,P,,,2025-01-25,,,,,J1772,US,,,,Public,,public,,,OTHER,,,,,,,$0.15 per kWh,,,,,,,,,,false,,,,,,,,LD,false,
ELEC,Wawa - Tesla Supercharger,199 Falcon Dr,,Fredericksburg,VA,22408,,877-798-3752,E,,Public,24 hours daily,A D Debit M V,,,,,,8,,Tesla,https://www.tesla.com/supercharger,GPS,38.249955,-77.493108,2025-05-12,390321,2026-02-02 23:16:24 UTC,P,,,2025-02-10,,,,,TESLA,US,,,,Public,,public,,,CONVENIENCE_STORE,,,,,,,,,,,,,,,,,false,,,,,,,,LD,false,
ELEC,Wawa - Tesla Supercharger,8704 Sudley Rd,,Manassas,VA,20110,,877-798-3752,E,,Public,24 hours daily,A D Debit M V,,,,,,8,,Tesla,https://www.tesla.com/supercharger,GPS,38.766893,-77.484797,2025-05-12,390399,2026-02-02 23:16:24 UTC,P,,,2025-02-26,,,,,TESLA,US,,,,Public,,public,,,CONVENIENCE_STORE,,,,,,,,,,,,,,,,,false,,,,,,,,LD,false,
ELEC,Wawa - Tesla Supercharger,1280 General Booth Blvd,,Virginia Beach,VA,23451,,877-798-3752,E,,Public,24 hours daily,A D Debit M V,,,,,,12,,Tesla,https://www.tesla.com/supercharger,GPS,36.794238,-75.993934,2025-05-12,390530,2026-02-02 23:16:24 UTC,P,,,2025-04-16,,,,,TESLA,US,,,,Public,,public,,,CONVENIENCE_STORE,,,,,,,,,,,,,,,,,false,,,,,,,,LD,false,
ELEC,LUXE360 LUXE 360 # 4,1900 Axis Blvd,Bldg #4,Midlothian,VA,23114,,888-758-4389,E,,Public,24 hours daily,,,,,,2,,,ChargePoint Network,https://www.chargepoint.com,GPS,37.470584,-77.662973,2026-06-08,390570,2026-06-08 03:09:31 UTC,,,,2025-04-22,,,,,J1772,US,,,,Public,,public,,,,,,,,,,,,,,,,,,,,false,,,,,,,,,false,
ELEC,BXP RTC UC PG-2,1855 Explorer Street,Garage Ground Level,Reston,VA,20190,,888-758-4389,E,,Public,24 hours daily,,,,,,2,,,ChargePoint Network,https://www.chargepoint.com,GPS,38.959253,-77.358784,2026-06-08,390700,2026-06-08 03:09:02 UTC,,,,2025-04-24,,,,,J1772,US,,,,Public,,public,,,,,,,,,,,,,,,,,,,,false,,,,,,,,,false,
ELEC,BXP RTC UC PG-3,1855 Explorer Street,Garage Ground Level,Reston,VA,20190,,888-758-4389,E,,Public,24 hours daily,,,,,,2,,,ChargePoint Network,https://www.chargepoint.com,GPS,38.959231,-77.358422,2026-06-08,390701,2026-06-08 03:09:03 UTC,,,,2025-04-24,,,,,J1772,US,,,,Public,,public,,,,,,,,,,,,,,,,,,,,false,,,,,,,,,false,
ELEC,"Fair Oaks Mall (Fairfax, VA)",11750 Fair Oaks Mall,,Fairfax,VA,22033,,833-632-2778,E,,Public,24 hours daily,,,,,,,6,,Electrify America,https://www.electrifyamerica.com,GPS,38.86422,-77.35563,2026-06-09,390941,2026-06-09 03:19:59 UTC,,,,2025-04-26,,,,,J1772COMBO,US,,,,Public,,public,,,,,,,,,,,,,,,,,,,,false,,,,,,,,,false,
ELEC,SPRINGLINE DECK STATION 1,7100 Celebration Park Avenue,Level 1 - Handicap Van,Richmond,VA,23225,,888-758-4389,E,,Public,24 hours daily,,,,,,1,,,ChargePoint Network,https://www.chargepoint.com,GPS,37.503997,-77.527157,2026-06-08,391046,2026-06-08 03:10:02 UTC,,,,2025-04-29,,,,,J1772,US,,,,Public,,public,,,,,,,,,,,,,,,,,,,,false,,,,,,,,,false,
ELEC,SPRINGLINE DECK STATION 3,7100 Celebration Park Avenue,Level 2 - Right,Richmond,VA,23225,,888-758-4389,E,,Public,24 hours daily,,,,,,2,,,ChargePoint Network,https://www.chargepoint.com,GPS,37.504688,-77.52731,2026-06-08,391047,2026-06-08 03:10:02 UTC,,,,2025-04-29,,,,,J1772,US,,,,Public,,public,,,,,,,,,,,,,,,,,,,,false,,,,,,,,,false,
ELEC,SPRINGLINE DECK STATION 5,7100 Celebration Park Avenue,Level 3 - Right,Richmond,VA,23225,,888-758-4389,E,,Public,24 hours daily,,,,,,1,,,ChargePoint Network,https://www.chargepoint.com,GPS,37.504688,-77.527297,2026-06-08,391048,2026-06-08 03:10:02 UTC,,,,2025-04-29,,,,,J1772,US,,,,Public,,public,,,,,,,,,,,,,,,,,,,,false,,,,,,,,,false,
ELEC,SPRINGLINE DECK STATION 4,7100 Celebration Park Avenue,Level 3 - Left,Richmond,VA,23225,,888-758-4389,E,,Public,24 hours daily,,,,,,2,,,ChargePoint Network,https://www.chargepoint.com,GPS,37.504675,-77.52735,2026-06-08,391049,2026-06-08 03:10:02 UTC,,,,2025-04-29,,,,,J1772,US,,,,Public,,public,,,,,,,,,,,,,,,,,,,,false,,,,,,,,,false,
ELEC,SPRINGLINE DECK STATION 6,7100 Celebration Park Avenue,Level 4,Richmond,VA,23225,,888-758-4389,E,,Public,24 hours daily,,,,,,2,,,ChargePoint Network,https://www.chargepoint.com,GPS,37.504674,-77.527341,2026-06-08,391050,2026-06-08 03:10:03 UTC,,,,2025-04-29,,,,,J1772,US,,,,Public,,public,,,,,,,,,,,,,,,,,,,,false,,,,,,,,,false,
ELEC,"Waynesboro, VA",437 Tiffany Drive,,Waynesboro,VA,22980,,866-576-1495,E,,Public,24 hours daily,A ACCOUNT_BALANCE D M V,,,,,,6,,RIVIAN_ADVENTURE,https://rivian.com/experience/charging,GPS,38.06769,-78.93064,2026-06-09,391171,2026-06-09 03:37:05 UTC,,,,2025-04-02,,,,,J1772COMBO,US,,,,Public,,public,,,PUBLIC,,,,,,,,,,,,,,,,,false,,,,,,,,,false,
ELEC,"Front Royal, VA",10 Riverton Commons Drive,,Front Royal,VA,22630,,866-576-1495,E,,Public,24 hours daily,A ACCOUNT_BALANCE D M V,,,,,,6,,RIVIAN_ADVENTURE,https://rivian.com/experience/charging,GPS,38.9635839,-78.1893271,2026-06-09,391184,2026-06-09 03:37:09 UTC,,,,2025-04-17,,,,,J1772COMBO,US,,,,Public,,public,,,PUBLIC,,,,,,,,,,,,,,,,,false,,,,,,,,,false,
ELEC,"Roanoke, VA - Ivy Market",2203 Franklin Road Southwest,,Roanoke,VA,24014,,866-576-1495,E,,Public,24 hours daily,A ACCOUNT_BALANCE D M V,,,,,3,,,RIVIAN_WAYPOINTS,https://rivian.com/experience/charging,GPS,37.25175,-79.95452,2026-06-09,391215,2026-06-09 03:37:19 UTC,,,,2023-05-11,,,,,J1772,US,,,,Public,,public,,,PUBLIC,,,,,,,,,,,,,,,,,false,,,,,,,,,false,
ELEC,"Meadows of Dan, VA - Meadows Mercantile",2577 Jeb Stuart Highway,,Meadows of Dan,VA,24120,,866-576-1495,E,,Public,24 hours daily,A ACCOUNT_BALANCE D M V,,,,,2,,,RIVIAN_WAYPOINTS,https://rivian.com/experience/charging,GPS,36.7357174,-80.4084963,2026-06-09,391231,2026-06-09 03:37:24 UTC,,,,2023-05-11,,,,,J1772,US,,,,Public,,public,,,PUBLIC,,,,,,,,,,,,,,,,,false,,,,,,,,,false,
ELEC,Brownsville Nature Preserve,11332 Brownsville Road,,Nassawadox,VA,23413,,866-576-1495,E,,Public,24 hours daily,A ACCOUNT_BALANCE D M V,,,,,2,,,RIVIAN_WAYPOINTS,https://rivian.com/experience/charging,GPS,37.468415,-75.835897,2026-06-09,391236,2026-06-09 03:37:26 UTC,,,,2024-01-05,,,,,J1772,US,,,,Public,,public,,,PUBLIC,,,,,,,,,,,,,,,,,false,,,,,,,,,false,
ELEC,"Fredericksburg, VA",137 Spotsylvania Mall Dr,,Fredericksburg,VA,22407,,866-576-1495,E,,Public,24 hours daily,A ACCOUNT_BALANCE D M V,,,,,,6,,RIVIAN_ADVENTURE,https://rivian.com/experience/charging,GPS,38.2916502,-77.5086609,2026-06-09,391252,2026-06-09 03:37:29 UTC,,,,2025-04-15,,,,,J1772COMBO,US,,,,Public,,public,,,PUBLIC,,,,,,,,,,,,,,,,,false,,,,,,,,,false,
ELEC,"Meadows of Dan, VA",2577 Jeb Stuart Highway,,Meadows of Dan,VA,24120,,866-576-1495,E,,Public,24 hours daily,A ACCOUNT_BALANCE D M V,,,,,,6,,RIVIAN_ADVENTURE,https://rivian.com/experience/charging,GPS,36.7357217,-80.4084866,2026-06-09,391298,2026-06-09 03:37:43 UTC,,,,2025-04-09,,,,,J1772COMBO,US,,,,Public,,public,,,PUBLIC,,,,,,,,,,,,,,,,,false,,,,,,,,,false,
ELEC,"Roanoke, VA",2203 Franklin Road Southwest,,Roanoke,VA,24014,,866-576-1495,E,,Public,24 hours daily,A ACCOUNT_BALANCE D M V,,,,,,6,,RIVIAN_ADVENTURE,https://rivian.com/experience/charging,GPS,37.2517,-79.95448,2026-06-09,391337,2026-06-09 03:37:54 UTC,,,,2025-04-10,,,,,J1772COMBO,US,,,,Public,,public,,,PUBLIC,,,,,,,,,,,,,,,,,false,,,,,,,,,false,
ELEC,"Hampton Inn - Covington, VA",701 Carlyle Street,,Covington,VA,24426,,866-576-1495,E,,Public,24 hours daily,A ACCOUNT_BALANCE D M V,,,,,2,,,RIVIAN_WAYPOINTS,https://rivian.com/experience/charging,GPS,37.77763,-79.97132,2026-06-09,391374,2026-06-09 03:38:05 UTC,,,,2022-12-05,,,,,J1772,US,,,,Public,,public,,,PUBLIC,,,,,,,,,,,,,,,,,false,,,,,,,,,false,
ELEC,SPRINGLINE DECK STATION 2,7100 Celebration Park Avenue,Level 2 - Left,Richmond,VA,23225,,888-758-4389,E,,Public,24 hours daily,,,,,,2,,,ChargePoint Network,https://www.chargepoint.com,GPS,37.504675,-77.527357,2026-06-08,391445,2026-06-08 03:10:21 UTC,,,,2025-04-30,,,,,J1772,US,,,,Public,,public,,,,,,,,,,,,,,,,,,,,false,,,,,,,,,false,
ELEC,RTC NEXT G3 - 1,1958 Opportunity Wy,,Reston,VA,20190,,888-758-4389,E,,Public,24 hours daily,,,,,,2,,,ChargePoint Network,https://www.chargepoint.com,GPS,38.954376,-77.361351,2026-06-08,391531,2026-06-08 03:09:59 UTC,,,,2025-05-01,,,,,J1772,US,,,,Public,,public,,,,,,,,,,,,,,,,,,,,false,,,,,,,,,false,
ELEC,RTC NEXT G4 - 2,1958 Opportunity Wy,,Reston,VA,20190,,888-758-4389,E,,Public,24 hours daily,,,,,,2,,,ChargePoint Network,https://www.chargepoint.com,GPS,38.95424,-77.36205,2026-06-08,391532,2026-06-08 03:09:59 UTC,,,,2025-05-01,,,,,J1772,US,,,,Public,,public,,,,,,,,,,,,,,,,,,,,false,,,,,,,,,false,
ELEC,RTC NEXT G4 - 1,1996 Opportunity Wy,,Reston,VA,20190,,888-758-4389,E,,Public,24 hours daily,,,,,,2,,,ChargePoint Network,https://www.chargepoint.com,GPS,38.954228,-77.361541,2026-06-08,391533,2026-06-08 03:10:00 UTC,,,,2025-05-01,,,,,J1772,US,,,,Public,,public,,,,,,,,,,,,,,,,,,,,false,,,,,,,,,false,
ELEC,RTC NEXT G4 - 3,2000 Opportunity Wy,,Reston,VA,20190,,888-758-4389,E,,Public,24 hours daily,,,,,,2,,,ChargePoint Network,https://www.chargepoint.com,GPS,38.954236,-77.361495,2026-06-08,391534,2026-06-08 03:10:00 UTC,,,,2025-05-01,,,,,J1772,US,,,,Public,,public,,,,,,,,,,,,,,,,,,,,false,,,,,,,,,false,
ELEC,HWY81TRUCKSTOP POWER LINK 1,4070 North Valley Pike,,Harrisonburg,VA,22802,,888-758-4389,E,,Public,24 hours daily,,,,,,,2,,ChargePoint Network,https://www.chargepoint.com,GPS,38.484968,-78.814301,2026-06-08,391550,2026-06-08 03:10:26 UTC,,,,2025-05-01,,,,,J1772COMBO,US,,,,Public,,public,,,,,,,,,,,,,,,,,,,,false,,,,,,,,,false,
ELEC,L590 PRIORITY PL01,1701 S Military Hwy,,Chesapeake,VA,23320,,888-758-4389,E,,Public,24 hours daily,,,,,,,2,,ChargePoint Network,https://www.chargepoint.com,GPS,36.793164,-76.242607,2026-06-08,394160,2026-06-08 03:10:45 UTC,,,,2025-05-07,,,,,J1772COMBO,US,,,,Public,,public,,,,,,,,,,,,,,,,,,,,false,,,,,,,,,false,
ELEC,BXP RTC UC PG-1,11951 Freedom Dr,,Reston,VA,20190,,888-758-4389,E,,Public,24 hours daily,,,,,,2,,,ChargePoint Network,https://www.chargepoint.com,GPS,38.959138,-77.358944,2026-06-08,395219,2026-06-08 03:09:05 UTC,,,,2025-05-08,,,,,J1772,US,,,,Public,,public,,,,,,,,,,,,,,,,,,,,false,,,,,,,,,false,
ELEC,HWY81TRUCKSTOP POWER LINK 3,4070 N Valley Pike,,Harrisonburg,VA,22802,,888-758-4389,E,,Public,24 hours daily,,,,,,,2,,ChargePoint Network,https://www.chargepoint.com,GPS,38.48443,-78.8143,2026-06-08,395281,2026-06-08 03:10:54 UTC,,,,2025-05-09,,,,,J1772COMBO,US,,,,Public,,public,,,,,,,,,,,,,,,,,,,,false,,,,,,,,,false,
ELEC,HWY81TRUCKSTOP POWER LINK 2,4070 N Valley Pike,,Harrisonburg,VA,22802,,888-758-4389,E,,Public,24 hours daily,,,,,,,2,,ChargePoint Network,https://www.chargepoint.com,GPS,38.484677,-78.814042,2026-06-08,395283,2026-06-08 03:10:55 UTC,,,,2025-05-09,,,,,J1772COMBO,US,,,,Public,,public,,,,,,,,,,,,,,,,,,,,false,,,,,,,,,false,
ELEC,Wawa - Tesla Supercharger,3099 Richmond Hwy,,Stafford,VA,22554,,877-798-3752,E,,Public,24 hours daily,A D Debit M V,,,,,,8,,Tesla,https://www.tesla.com/supercharger,GPS,38.473733,-77.396712,2025-06-06,395414,2026-02-02 23:16:24 UTC,P,,,2025-05-09,,,,,TESLA,US,,,,Public,,public,,,GAS_STATION,,,,,,,,,,,,,,,,,false,,,,,,,,LD,false,
ELEC,SKYMARK SKYMARK 1,12050 Inspiration Street,Residential Garage Level M,Reston,VA,20190,,888-758-4389,E,,Public,24 hours daily,,,,,,2,,,ChargePoint Network,https://www.chargepoint.com,GPS,38.955071,-77.36183,2026-06-08,396245,2026-06-08 03:08:39 UTC,,,,2025-05-24,,,,,J1772,US,,,,Public,,public,,,,,,,,,,,,,,,,,,,,false,,,,,,,,,false,
ELEC,SKYMARK SKYMARK 2,12050 Inspiration Street,Residential Garage Level M,Reston,VA,20190,,888-758-4389,E,,Public,24 hours daily,,,,,,2,,,ChargePoint Network,https://www.chargepoint.com,GPS,38.956933,-77.361717,2026-06-08,396246,2026-06-08 03:08:40 UTC,,,,2025-05-24,,,,,J1772,US,,,,Public,,public,,,,,,,,,,,,,,,,,,,,false,,,,,,,,,false,
ELEC,Royal Farms - Tesla Supercharger,43101 Van Metre Dr,,Ashburn,VA,20148,,877-798-3752,E,,Public,24 hours daily,A D Debit M V,,,,,,12,,Tesla,https://www.tesla.com/supercharger,GPS,39.028518,-77.511213,2025-06-06,397000,2026-02-02 23:16:24 UTC,P,,,2025-05-23,,,,,TESLA,US,,,,Public,,public,,,GAS_STATION,,,,,,,,,,,,,,,,,false,,,,,,,,LD,false,
ELEC,GEORGE MASON U HYLTON LOT,10950 George Mason Cir,Hylton Lot George Mason University,Manassas,VA,20109,,888-758-4389,E,,Public,24 hours daily,,,,,,2,,,ChargePoint Network,https://www.chargepoint.com,GPS,38.757275,-77.52389,2026-06-08,397032,2026-06-08 03:03:28 UTC,,,,2025-05-28,,,,,J1772,US,,,,Public,,public,,,,,,,,,,,,,,,,,,,,false,,,,,,,,,false,
ELEC,LOUDOUN COUNTY PENNINGTON 4,104 North Street Northeast,Garage Level 1,Leesburg,VA,20176,,888-758-4389,E,,Public,24 hours daily,,,,,,2,,,ChargePoint Network,https://www.chargepoint.com,GPS,39.117359,-77.560375,2026-06-08,397059,2026-06-08 03:12:05 UTC,,,,2025-05-28,,,,,J1772,US,,,,Public,,public,,,,,,,,,,,,,,,,,,,,false,,,,,,,,,false,
ELEC,LOUDOUN COUNTY PENNINGTON 3,104 North Street Northeast,Garage Level 1,Leesburg,VA,20176,,888-758-4389,E,,Public,24 hours daily,,,,,,2,,,ChargePoint Network,https://www.chargepoint.com,GPS,39.117386,-77.560391,2026-06-08,397060,2026-06-08 03:12:05 UTC,,,,2025-05-28,,,,,J1772,US,,,,Public,,public,,,,,,,,,,,,,,,,,,,,false,,,,,,,,,false,
ELEC,LOUDOUN COUNTY PENNINGTON 1,104 North Street Northeast,Garage level 1,Leesburg,VA,20176,,888-758-4389,E,,Public,24 hours daily,,,,,,2,,,ChargePoint Network,https://www.chargepoint.com,GPS,39.117378,-77.560384,2026-06-08,397061,2026-06-08 03:12:05 UTC,,,,2025-05-28,,,,,J1772,US,,,,Public,,public,,,,,,,,,,,,,,,,,,,,false,,,,,,,,,false,
ELEC,LOUDOUN COUNTY PENNINGTON 2,104 North Street Northeast,Garage Level 1,Leesburg,VA,20176,,888-758-4389,E,,Public,24 hours daily,,,,,,2,,,ChargePoint Network,https://www.chargepoint.com,GPS,39.1174,-77.560377,2026-06-08,397062,2026-06-08 03:12:05 UTC,,,,2025-05-28,,,,,J1772,US,,,,Public,,public,,,,,,,,,,,,,,,,,,,,false,,,,,,,,,false,
ELEC,L590 LEVEL 2 CHARGER,1701 S Military Hwy,Parking Lot,Chesapeake,VA,23320,,888-758-4389,E,,Public,24 hours daily,,,,,,2,,,ChargePoint Network,https://www.chargepoint.com,GPS,36.79335,-76.242241,2026-06-08,397361,2026-06-08 03:12:05 UTC,,,,2025-05-30,,,,,J1772,US,,,,Public,,public,,,,,,,,,,,,,,,,,,,,false,,,,,,,,,false,
ELEC,Hoffman Company,2380 Mill Road,,Alexandria,VA,22314,,866-816-7584,E,,Public,24 hours daily,,,,,,4,,,EV Connect,https://www.evconnect.com,GPS,38.802624,-77.069441,2026-06-09,397400,2026-06-09 03:30:45 UTC,,,,2025-05-30,,,,,J1772,US,,,,Public,,public,,,,,,,,,,,,,,,,,,,,false,,,,,,,,,false,
ELEC,Magic City Chevrolet GMC Covington,345 Thacker Ave,,Covington,VA,24426,,866-816-7584,E,,Public,24 hours daily,,,,,,1,1,,EV Connect,https://www.evconnect.com,GPS,37.770077,-79.989422,2026-06-09,397514,2026-06-09 03:30:40 UTC,,,,2025-06-01,,,,,J1772 J1772COMBO,US,,,,Public,,public,,,,,,,,,,,,,,,,,,,,false,,,,,,,,,false,
ELEC,Loyalty Nissan Richmond,16301 Loyalty Way,,Colonial Heights,VA,23834,,804-494-7299,E,,Public,Dealership business hours,,,,,,4,1,,Non-Networked,,GPS,37.304524204,-77.392807842,2025-07-03,397615,2026-02-02 23:16:24 UTC,P,,,2015-04-02,,,,,CHADEMO J1772 J1772COMBO,US,,,,Public,,public,,,CAR_DEALER,,,,,,,Free,,,,,,,,,,true,,,,,,,,LD,false,
ELEC,LOWELL STATIONS UNIT 2,6718 Lowell Avenue,South wall Level P2 (248),McLean,VA,22101,,888-758-4389,E,,Public,24 hours daily,,,,,,1,,,ChargePoint Network,https://www.chargepoint.com,GPS,38.932665,-77.177049,2026-06-08,397758,2026-06-08 03:12:53 UTC,,,,2025-06-05,,,,,J1772,US,,,,Public,,public,,,,,,,,,,,,,,,,,,,,false,,,,,,,,,false,
ELEC,LOWELL STATIONS UNIT 1,6718 Lowell Avenue,South wall level P2 (UNIT #1),McLean,VA,22101,,888-758-4389,E,,Public,24 hours daily,,,,,,1,,,ChargePoint Network,https://www.chargepoint.com,GPS,38.932691,-77.177017,2026-06-08,397759,2026-06-08 03:12:54 UTC,,,,2025-06-05,,,,,J1772,US,,,,Public,,public,,,,,,,,,,,,,,,,,,,,false,,,,,,,,,false,
ELEC,1800 CLUBHOUSE CLUB HOUSE 1,11800 Laurestine Way,Outside Clubhouse,Manassas,VA,20109,,888-758-4389,E,,Public,24 hours daily,,,,,,2,,,ChargePoint Network,https://www.chargepoint.com,GPS,38.771481,-77.547032,2026-06-08,397815,2026-06-08 03:07:08 UTC,,,,2025-06-07,,,,,J1772,US,,,,Public,,public,,,,,,,,,,,,,,,,,,,,false,,,,,,,,,false,
ELEC,1800 CLUBHOUSE CLUBHOUSE 2,11800 Laurestine Way,Outside clubhouse,Manassas,VA,20109,,888-758-4389,E,,Public,24 hours daily,,,,,,2,,,ChargePoint Network,https://www.chargepoint.com,GPS,38.771436,-77.546902,2026-06-08,397816,2026-06-08 03:07:09 UTC,,,,2025-06-07,,,,,J1772,US,,,,Public,,public,,,,,,,,,,,,,,,,,,,,false,,,,,,,,,false,
ELEC,LOWELL STATIONS UNIT 10,6718 Lowell Avenue,South wall Level P2 parking space 240,McLean,VA,22101,,888-758-4389,E,,Public,24 hours daily,,,,,,1,,,ChargePoint Network,https://www.chargepoint.com,GPS,38.93281,-77.177241,2026-06-08,397830,2026-06-08 03:11:20 UTC,,,,2025-06-07,,,,,J1772,US,,,,Public,,public,,,,,,,,,,,,,,,,,,,,false,,,,,,,,,false,
ELEC,6707 OLD DOMINI UNIT 13,6718 Lowell Avenue,Level P1 south wall east corner,McLean,VA,22101,,888-758-4389,E,,Public,24 hours daily,,,,,,1,,,ChargePoint Network,https://www.chargepoint.com,GPS,38.932967,-77.17745,2026-06-08,397843,2026-06-08 03:12:53 UTC,,,,2025-06-07,,,,,J1772,US,,,,Public,,public,,,,,,,,,,,,,,,,,,,,false,,,,,,,,,false,
ELEC,LOWELL STATIONS UNIT 11,6718 Lowell Avenue,South wall Level P2 parking space 239,McLean,VA,22101,,888-758-4389,E,,Public,24 hours daily,,,,,,1,,,ChargePoint Network,https://www.chargepoint.com,GPS,38.932902,-77.177363,2026-06-08,397844,2026-06-08 03:12:53 UTC,,,,2025-06-07,,,,,J1772,US,,,,Public,,public,,,,,,,,,,,,,,,,,,,,false,,,,,,,,,false,
ELEC,6707 OLD DOMINI UNIT 14,6718 Lowell Avenue,Level P1 south wall east corner,McLean,VA,22101,,888-758-4389,E,,Public,24 hours daily,,,,,,1,,,ChargePoint Network,https://www.chargepoint.com,GPS,38.932988,-77.177468,2026-06-08,397845,2026-06-08 03:12:54 UTC,,,,2025-06-07,,,,,J1772,US,,,,Public,,public,,,,,,,,,,,,,,,,,,,,false,,,,,,,,,false,
ELEC,LOWELL STATIONS UNIT 3,6718 Lowell Avenue,South wall Level P2 space 247,McLean,VA,22101,,888-758-4389,E,,Public,24 hours daily,,,,,,1,,,ChargePoint Network,https://www.chargepoint.com,GPS,38.932715,-77.177069,2026-06-08,397846,2026-06-08 03:12:54 UTC,,,,2025-06-07,,,,,J1772,US,,,,Public,,public,,,,,,,,,,,,,,,,,,,,false,,,,,,,,,false,
ELEC,LOWELL STATIONS UNIT 9,6718 Lowell Avenue,South wall Level P2 parking space 241,McLean,VA,22101,,888-758-4389,E,,Public,24 hours daily,,,,,,1,,,ChargePoint Network,https://www.chargepoint.com,GPS,38.932836,-77.177234,2026-06-08,397847,2026-06-08 03:12:54 UTC,,,,2025-06-07,,,,,J1772,US,,,,Public,,public,,,,,,,,,,,,,,,,,,,,false,,,,,,,,,false,
ELEC,LOWELL STATIONS UNIT 7,6718 Lowell Avenue,South wall Level P2 parking space 243,McLean,VA,22101,,888-758-4389,E,,Public,24 hours daily,,,,,,1,,,ChargePoint Network,https://www.chargepoint.com,GPS,38.9328,-77.1772,2026-06-08,397849,2026-06-08 03:12:54 UTC,,,,2025-06-07,,,,,J1772,US,,,,Public,,public,,,,,,,,,,,,,,,,,,,,false,,,,,,,,,false,
ELEC,LOWELL STATIONS UNIT 4,6718 Lowell Avenue,South wall Level P2 parking space 246,McLean,VA,22101,,888-758-4389,E,,Public,24 hours daily,,,,,,1,,,ChargePoint Network,https://www.chargepoint.com,GPS,38.932737,-77.177122,2026-06-08,397851,2026-06-08 03:12:55 UTC,,,,2025-06-07,,,,,J1772,US,,,,Public,,public,,,,,,,,,,,,,,,,,,,,false,,,,,,,,,false,
ELEC,LOWELL STATIONS UNIT 8,6718 Lowell Avenue,South wall Level P2 parking space 242,McLean,VA,22101,,888-758-4389,E,,Public,24 hours daily,,,,,,1,,,ChargePoint Network,https://www.chargepoint.com,GPS,38.93283,-77.177239,2026-06-08,397852,2026-06-08 03:12:55 UTC,,,,2025-06-07,,,,,J1772,US,,,,Public,,public,,,,,,,,,,,,,,,,,,,,false,,,,,,,,,false,
ELEC,LOWELL STATIONS UNIT 6,6718 Lowell Avenue,South wall Level P2 parking space 244,McLean,VA,22101,,888-758-4389,E,,Public,24 hours daily,,,,,,1,,,ChargePoint Network,https://www.chargepoint.com,GPS,38.932826,-77.177221,2026-06-08,397854,2026-06-08 03:12:55 UTC,,,,2025-06-07,,,,,J1772,US,,,,Public,,public,,,,,,,,,,,,,,,,,,,,false,,,,,,,,,false,
ELEC,LOWELL STATIONS UNIT 5,6718 Lowell Avenue,South wall Level P2 parking space 245,McLean,VA,22101,,888-758-4389,E,,Public,24 hours daily,,,,,,1,,,ChargePoint Network,https://www.chargepoint.com,GPS,38.932781,-77.177165,2026-06-08,397855,2026-06-08 03:12:55 UTC,,,,2025-06-07,,,,,J1772,US,,,,Public,,public,,,,,,,,,,,,,,,,,,,,false,,,,,,,,,false,
ELEC,LOWELL STATIONS UNIT 12,6718 Lowell Avenue,South wall Level P2 parking space 238,McLean,VA,22101,,888-758-4389,E,,Public,24 hours daily,,,,,,1,,,ChargePoint Network,https://www.chargepoint.com,GPS,38.932963,-77.177401,2026-06-08,397856,2026-06-08 03:12:56 UTC,,,,2025-06-07,,,,,J1772,US,,,,Public,,public,,,,,,,,,,,,,,,,,,,,false,,,,,,,,,false,
ELEC,The Collective,1000 Collective Way,,Richmond,VA,23238,,888-998-2546,E,,Public,24 hours daily,,,,,,4,,,Blink Network,https://blinkcharging.com,GPS,37.60265,-77.655475,2026-06-09,398041,2026-06-09 00:42:23 UTC,,,,2023-09-25,,,,,J1772,US,,,,Public,,public,,,,,,,,,,,,,,,,,,,,false,,,,,,,,,false,
ELEC,HAMP-INN-NORTON STATION 1,1051 Pk Ave SW,Parking Lot,Norton,VA,24273,,888-758-4389,E,,Public,24 hours daily,,,,,,2,,,ChargePoint Network,https://www.chargepoint.com,GPS,36.931627,-82.633976,2026-06-08,398182,2026-06-08 03:12:35 UTC,,,,2025-06-12,,,,,J1772,US,,,,Public,,public,,,,,,,,,,,,,,,,,,,,false,,,,,,,,,false,
ELEC,HAMP-INN-NORTON STATION 3,1051 Pk Ave SW,Parking Lot,Norton,VA,24273,,888-758-4389,E,,Public,24 hours daily,,,,,,2,,,ChargePoint Network,https://www.chargepoint.com,GPS,36.931511,-82.633904,2026-06-08,398183,2026-06-08 03:12:35 UTC,,,,2025-06-12,,,,,J1772,US,,,,Public,,public,,,,,,,,,,,,,,,,,,,,false,,,,,,,,,false,
ELEC,HAMP-INN-NORTON STATION 2,1051 Pk Ave SW,Parking Lot,Norton,VA,24273,,888-758-4389,E,,Public,24 hours daily,,,,,,2,,,ChargePoint Network,https://www.chargepoint.com,GPS,36.931568,-82.633939,2026-06-08,398184,2026-06-08 03:12:35 UTC,,,,2025-06-12,,,,,J1772,US,,,,Public,,public,,,,,,,,,,,,,,,,,,,,false,,,,,,,,,false,
ELEC,3901 Fairfax Drive,3901 Fairfax Drive,,Arlington,VA,22203,,888-998-2546,E,,Public,24 hours daily,,,,,,9,,,Blink Network,https://blinkcharging.com,GPS,38.8828957808379,-77.10691934583532,2026-06-09,398315,2026-06-09 00:22:43 UTC,,,,2025-06-13,,,,,J1772,US,,,,Public,,public,,,,,,,,,,,,,,,,,,,,false,,,,,,,,,false,
ELEC,AMPCAP KOHLS-WOODBRIDG,13651 Foulger Square,This Station is infront of Kohl’s Store,Woodbridge,VA,22192,,888-758-4389,E,,Public,24 hours daily,,,,,,2,,,ChargePoint Network,https://www.chargepoint.com,GPS,38.656347,-77.303137,2026-06-08,398437,2026-06-08 03:13:42 UTC,,,,2025-06-17,,,,,J1772,US,,,,Public,,public,,,,,,,,,,,,,,,,,,,,false,,,,,,,,,false,
ELEC,937 South Ave,937 S Ave,,Colonial Heights,VA,23834,,888-385-6671,E,,Public - Credit card at all times,24 hours daily,A ACCOUNT_BALANCE ANDROID_PAY APPLE_PAY D M V,,,,,4,,,LOOP,https://loopglobal.com,GPS,37.243629,-77.389038,2026-03-12,399782,2026-03-12 20:29:51 UTC,P,,,2023-11-13,,,,,J1772,US,,,,Public - Carte de crédit en tout temps,,public,CREDIT_CARD_ALWAYS,,OTHER,,,,,,,$1 activation fee; $0.40 per kWh,,,,,,,,,,false,,,,,,,,LD,false,
ELEC,961 Norfolk Square,961 Norfolk Square,,Norfolk,VA,23502,,888-385-6671,E,,Public - Credit card at all times,24 hours daily,A ACCOUNT_BALANCE ANDROID_PAY APPLE_PAY D M V,,,,,2,,,LOOP,https://loopglobal.com,GPS,36.85305,-76.234154,2026-03-12,399783,2026-03-12 20:29:51 UTC,P,,,2024-02-23,,,,,J1772,US,,,,Public - Carte de crédit en tout temps,,public,CREDIT_CARD_ALWAYS,,OTHER,,,,,,,$1 activation fee; $0.36 per kWh,,,,,,,,,,false,,,,,,,,LD,false,
ELEC,9940 Independence Park Drive - Echo Suites Richmond,9940 Independence Park Dr,,Norfolk,VA,23223,,888-385-6671,E,,Public - Credit card at all times,24 hours daily,A ACCOUNT_BALANCE ANDROID_PAY APPLE_PAY D M V,,,,,2,,,LOOP,https://loopglobal.com,GPS,37.54577,-77.385534,2026-04-14,399784,2026-04-14 21:00:09 UTC,P,,,2025-03-14,,,,,J1772,US,,,,Public - Carte de crédit en tout temps,,public,CREDIT_CARD_ALWAYS,,OTHER,,,,,,,$1 activation fee; $0.25 per kWh,,,,,,,,,,false,,,,,,,,LD,false,
ELEC,Array at West Alex Residential,3445 Berkeley St,,Alexandria,VA,22302,,888-385-6671,E,,Public - Credit card at all times,24 hours daily,A ACCOUNT_BALANCE ANDROID_PAY APPLE_PAY D M V,,,,,16,,,LOOP,https://loopglobal.com,GPS,38.84044,-77.10781,2026-04-14,399785,2026-04-14 21:00:09 UTC,P,,,2023-12-04,,,,,J1772,US,,,,Public - Carte de crédit en tout temps,,public,CREDIT_CARD_ALWAYS,,OTHER,,,,,,,$1 activation fee; $0.35 per kWh,,,,,,,,,,false,,,,,,,,LD,false,
ELEC,Bell Old Town,750 Thornton Wy,,Alexandria,VA,22314,,888-385-6671,E,,Public - Credit card at all times,24 hours daily,A ACCOUNT_BALANCE ANDROID_PAY APPLE_PAY D M V,,,,,9,,,LOOP,https://loopglobal.com,GPS,38.792358,-77.050888,2026-03-12,399786,2026-03-12 20:29:51 UTC,P,,,2023-08-17,,,,,J1772,US,,,,Public - Carte de crédit en tout temps,,public,CREDIT_CARD_ALWAYS,,OTHER,,,,,,,$1 activation fee; $0.25 per kWh,,,,,,,,,,false,,,,,,,,LD,false,
ELEC,Centro Arlington Residential Parking,950 S George Mason Dr,,Arlington,VA,22204,,888-385-6671,E,,Public - Credit card at all times,24 hours daily,A ACCOUNT_BALANCE ANDROID_PAY APPLE_PAY D M V,,,,,18,,,LOOP,https://loopglobal.com,GPS,38.85885,-77.10264,2026-03-12,399787,2026-03-12 20:29:51 UTC,P,,,2024-09-19,,,,,J1772,US,,,,Public - Carte de crédit en tout temps,,public,CREDIT_CARD_ALWAYS,,OTHER,,,,,,,$1 activation fee; $0.30 per kWh,,,,,,,,,,false,,,,,,,,LD,false,
ELEC,CoStar,501 S 5th St,,Richmond,VA,23219,,888-385-6671,E,,Public - Credit card at all times,24 hours daily,A ACCOUNT_BALANCE ANDROID_PAY APPLE_PAY D M V,,,,,22,2,,LOOP,https://loopglobal.com,GPS,37.53599,-77.44198,2026-03-12,399788,2026-03-12 20:29:51 UTC,P,,,2023-04-24,,,,,J1772 J1772COMBO,US,,,,Public - Carte de crédit en tout temps,,public,CREDIT_CARD_ALWAYS,,OTHER,,,,,,,$1 activation fee; $0.15 per kWh,,,,,,,,,,false,,,,,,,,LD,false,
ELEC,Rosslyn Towers,1919 N Nash St,,Arlington,VA,22209,,888-385-6671,E,,Public - Credit card at all times,24 hours daily,A ACCOUNT_BALANCE ANDROID_PAY APPLE_PAY D M V,,,,,24,,,LOOP,https://loopglobal.com,GPS,38.89838,-77.07351,2026-03-12,399789,2026-03-12 20:29:51 UTC,P,,,2024-05-17,,,,,J1772,US,,,,Public - Carte de crédit en tout temps,,public,CREDIT_CARD_ALWAYS,,OTHER,,,,,,,$35 monthly service fee; $0.04 per minute,,,,,,,,,,false,,,,,,,,LD,false,
ELEC,LASSITER WAY LASSITER WAY,25 W.Market Street,,Leesburg,VA,20176,,888-758-4389,E,,Public,24 hours daily,,,,,,2,,,ChargePoint Network,https://www.chargepoint.com,GPS,39.11478,-77.565455,2026-06-08,400032,2026-06-08 03:13:47 UTC,,,,2025-06-19,,,,,J1772,US,,,,Public,,public,,,,,,,,,,,,,,,,,,,,false,,,,,,,,,false,
ELEC,WLR STATION 1 WLR EV #1,12191 Clipper Dr,,Lake Ridge,VA,22192,,888-758-4389,E,,Public,24 hours daily,,,,,,2,,,ChargePoint Network,https://www.chargepoint.com,GPS,38.687276,-77.276239,2026-06-08,400069,2026-06-08 03:00:59 UTC,,,,2025-06-20,,,,,J1772,US,,,,Public,,public,,,,,,,,,,,,,,,,,,,,false,,,,,,,,,false,
ELEC,WLR STATION 1 WLR EV #2,12191 Clipper Dr,,Lake Ridge,VA,22192,,888-758-4389,E,,Public,24 hours daily,,,,,,2,,,ChargePoint Network,https://www.chargepoint.com,GPS,38.687159,-77.276239,2026-06-08,400070,2026-06-08 03:01:00 UTC,,,,2025-06-20,,,,,J1772,US,,,,Public,,public,,,,,,,,,,,,,,,,,,,,false,,,,,,,,,false,
ELEC,Wawa - Tesla Supercharger,4527 Plank Rd,,Fredericksburg,VA,22407,,877-798-3752,E,,Public,24 hours daily,A D Debit M V,,,,,,14,,Tesla,https://www.tesla.com/supercharger,GPS,38.28976,-77.537682,2025-07-03,400091,2026-02-02 23:16:24 UTC,P,,,2025-06-20,,,,,TESLA,US,,,,Public,,public,,,GAS_STATION,,,,,,,,,,,,,,,,,false,,,,,,,,LD,false,
ELEC,"Tysons, VA",1961 Chain Bridge Road,"Chargers are located on the second floor of the parking garage. Max clearance is 6' 10"".",Tysons,VA,22102,,866-576-1495,E,,Public,24 hours daily,A ACCOUNT_BALANCE D M V,,,,,,6,,RIVIAN_ADVENTURE,https://rivian.com/experience/charging,GPS,38.9165336,-77.2211539,2026-06-09,400177,2026-06-09 03:37:44 UTC,,,,2025-06-20,,,,,J1772COMBO TESLA,US,,,,Public,,public,,,PUBLIC,,,,,,,,,,,,,,,,,false,,,,,,,,,false,
ELEC,CLASSIC HYUN LEVEL 3-1,2712 Neil Armstrong Parkway,,Hampton,VA,23666,,888-758-4389,E,,Public,24 hours daily,,,,,,,1,,ChargePoint Network,https://www.chargepoint.com,GPS,37.06339,-76.39857,2026-06-08,400663,2026-06-08 03:14:09 UTC,,,,2025-06-25,,,,,CHADEMO J1772COMBO,US,,,,Public,,public,,,,,,,,,,,,,,,,,,,,false,,,,,,,,,false,
ELEC,CLASSIC HYUN LEVEL 3-2,2712 Neil Armstrong Parkway,,Hampton,VA,23666,,888-758-4389,E,,Public,24 hours daily,,,,,,,1,,ChargePoint Network,https://www.chargepoint.com,GPS,37.062946,-76.39847,2026-06-08,400664,2026-06-08 03:14:09 UTC,,,,2025-06-25,,,,,CHADEMO J1772COMBO,US,,,,Public,,public,,,,,,,,,,,,,,,,,,,,false,,,,,,,,,false,
ELEC,Norfolk Premium Outlets MB.HPC,1600 Premium Outlets Boulevard,,Norfolk,VA,23502,,833-622-4743,E,,Public,Open to all EV drivers,,,,,,,10,,MERCEDES_BENZ,https://www.mbusa.com/en/ev-charging-stations,GPS,36.8841668,-76.1982145,2026-06-09,404823,2026-06-09 05:35:04 UTC,,,,2025-07-01,,,,,J1772COMBO,US,,,,Public,,public,,,,,,,,,,,,,,,,,,,,false,,,,,,,,,false,
ELEC,VEOLIA PARKING STATION 3,4560 E Virginia Beach Blvd,,Norfolk,VA,23502,,888-758-4389,E,,Public,24 hours daily,,,,,,1,,,ChargePoint Network,https://www.chargepoint.com,GPS,36.856803,-76.230365,2026-06-08,405392,2026-06-08 03:14:41 UTC,,,,2025-07-04,,,,,J1772,US,,,,Public,,public,,,,,,,,,,,,,,,,,,,,false,,,,,,,,,false,
ELEC,Royal Farms - Tesla Supercharger,802 Woodhaven Dr,,Bedford,VA,24523,,877-798-3752,E,,Public,24 hours daily,A D Debit M V,,,,,,8,,Tesla,https://www.tesla.com/supercharger,GPS,37.337235,-79.550313,2025-08-12,405690,2026-02-02 23:16:24 UTC,P,,,2025-07-04,,,,,TESLA,US,,,,Public,,public,,,GAS_STATION,,,,,,,,,,,,,,,,,false,,,,,,,,LD,false,
ELEC,Carter Machinery-Richmond (CAT),8362 Richfood Rd,,Mechanicsville,VA,23116,,888-807-0349,E,,Public,,ACCOUNT_BALANCE APPLE_PAY CREDIT Debit M V,,,,,,4,,CHAEVI,https://na.chaevi.com,GPS,37.637332,-77.408179,2026-06-09,405850,2026-06-09 05:19:08 UTC,,,,2025-01-17,,,,,J1772COMBO,US,,,,Public,,public,,,PUBLIC,,,,,,,,,,,,,,,,,true,,,,,,,,,false,
ELEC,VTS MAIL CENTER 1,3735 Seminary Road,,Alexandria,VA,22304,,888-758-4389,E,,Public,24 hours daily,,,,,,2,,,ChargePoint Network,https://www.chargepoint.com,GPS,38.821202,-77.095292,2026-06-08,405893,2026-06-08 03:14:50 UTC,,,,2025-07-11,,,,,J1772,US,,,,Public,,public,,,,,,,,,,,,,,,,,,,,false,,,,,,,,,false,
ELEC,VTS MAIL CENTER 2,3735 Seminary Road,,Alexandria,VA,22304,,888-758-4389,E,,Public,24 hours daily,,,,,,2,,,ChargePoint Network,https://www.chargepoint.com,GPS,38.82121,-77.095318,2026-06-08,405894,2026-06-08 03:14:50 UTC,,,,2025-07-11,,,,,J1772,US,,,,Public,,public,,,,,,,,,,,,,,,,,,,,false,,,,,,,,,false,
ELEC,OBE EMBASSY HAMPT L,1700 Coliseum Drive,"By using this EV charger, you agree OBE Power owns and operates it, keeping all environmental attributes, including carbon credits.",Hampton,VA,23666,,888-758-4389,E,,Public,24 hours daily,,,,,,2,,,ChargePoint Network,https://www.chargepoint.com,GPS,37.037129,-76.384568,2026-06-08,416102,2026-06-08 03:15:00 UTC,,,,2025-07-12,,,,,J1772,US,,,,Public,,public,,,,,,,,,,,,,,,,,,,,false,,,,,,,,,false,
ELEC,OBE EMBASSY HAMPT R,1700 Coliseum Drive,"By using this EV charger, you agree OBE Power owns and operates it, keeping all environmental attributes, including carbon credits.",Hampton,VA,23666,,888-758-4389,E,,Public,24 hours daily,,,,,,2,,,ChargePoint Network,https://www.chargepoint.com,GPS,37.037006,-76.384557,2026-06-08,416103,2026-06-08 03:15:01 UTC,,,,2025-07-12,,,,,J1772,US,,,,Public,,public,,,,,,,,,,,,,,,,,,,,false,,,,,,,,,false,
ELEC,Hyatt Place Charlottesville,2100 Bond St,,Charlottesville,VA,22901,,313-262-6722,E,,Public,,,,,,,5,,,RED_E,https://www.redecharge.com,GPS,38.06651,-78.49352,2026-06-09,416125,2026-06-09 05:12:23 UTC,,,,2025-07-11,,,,,J1772,US,,,,Public,,public,,,PUBLIC,,,,,,,,,,,,,,,,,false,,,,,,,,,false,
ELEC,RES INN RICHMON 2426C2000032,710 Trampton Road,,Sandston,VA,23150,,888-758-4389,E,,Public,24 hours daily,,,,,,1,,,ChargePoint Network,https://www.chargepoint.com,GPS,37.524477,-77.324412,2026-06-08,416261,2026-06-08 03:13:01 UTC,,,,2025-07-16,,,,,J1772,US,,,,Public,,public,,,,,,,,,,,,,,,,,,,,false,,,,,,,,,false,
ELEC,RES INN RICHMON 2426C2000091,710 Trampton Road,,Sandston,VA,23150,,888-758-4389,E,,Public,24 hours daily,,,,,,1,,,ChargePoint Network,https://www.chargepoint.com,GPS,37.524675,-77.324487,2026-06-08,416262,2026-06-08 03:13:01 UTC,,,,2025-07-16,,,,,J1772,US,,,,Public,,public,,,,,,,,,,,,,,,,,,,,false,,,,,,,,,false,
ELEC,RES INN RICHMON 2426C2000237,710 Trampton Road,,Sandston,VA,23150,,888-758-4389,E,,Public,24 hours daily,,,,,,1,,,ChargePoint Network,https://www.chargepoint.com,GPS,37.52469,-77.324646,2026-06-08,416263,2026-06-08 03:13:01 UTC,,,,2025-07-16,,,,,J1772,US,,,,Public,,public,,,,,,,,,,,,,,,,,,,,false,,,,,,,,,false,
ELEC,RES INN RICHMON 2426C2000182,710 Trampton Road,,Sandston,VA,23150,,888-758-4389,E,,Public,24 hours daily,,,,,,1,,,ChargePoint Network,https://www.chargepoint.com,GPS,37.524716,-77.324492,2026-06-08,416264,2026-06-08 03:13:02 UTC,,,,2025-07-16,,,,,J1772,US,,,,Public,,public,,,,,,,,,,,,,,,,,,,,false,,,,,,,,,false,
ELEC,"Shirlington Tower Property Owner, LLC",2900 South Quincy Street,,Arlington,VA,22206,,888-998-2546,E,,Public,24 hours daily,,,,,,2,,,Blink Network,https://blinkcharging.com,GPS,38.839942322354126,-77.08768200704995,2026-06-09,416324,2026-06-09 00:36:19 UTC,,,,2025-07-16,,,,,J1772,US,,,,Public,,public,,,,,,,,,,,,,,,,,,,,false,,,,,,,,,false,
ELEC,"Norfolk, VA",1600 Premium Outlets Blvd,,Norfolk,VA,23502,,866-576-1495,E,,Public,24 hours daily,A ACCOUNT_BALANCE D M V,,,,,,6,,RIVIAN_ADVENTURE,https://rivian.com/experience/charging,GPS,36.8827723,-76.2012912,2026-06-09,416427,2026-06-09 03:36:49 UTC,,,,2025-07-18,,,,,J1772COMBO,US,,,,Public,,public,,,PUBLIC,,,,,,,,,,,,,,,,,false,,,,,,,,,false,
ELEC,Scottsville Town Hall,401 Valley Street,,Scottsville,VA,24590,,888-998-2546,E,,Public,24 hours daily,,,,,,2,,,Blink Network,https://blinkcharging.com,GPS,37.79988611499657,-78.4953615747224,2026-06-09,416588,2026-06-09 01:02:35 UTC,,,,2025-07-22,,,,,J1772,US,,,,Public,,public,,,,,,,,,,,,,,,,,,,,false,,,,,,,,,false,
ELEC,CITY OF DANVILL DAN RIVERFALLS1,230 N Union St,,Danville,VA,24541,,888-758-4389,E,,Public,24 hours daily,,,,,,2,,,ChargePoint Network,https://www.chargepoint.com,GPS,36.590232,-79.393343,2026-06-08,416598,2026-06-08 03:13:07 UTC,,,,2025-07-23,,,,,J1772,US,,,,Public,,public,,,,,,,,,,,,,,,,,,,,false,,,,,,,,,false,
ELEC,CITY OF DANVILL DAN RIVERFALLS2,424 Memorial Dr,,Danville,VA,24541,,888-758-4389,E,,Public,24 hours daily,,,,,,2,,,ChargePoint Network,https://www.chargepoint.com,GPS,36.592088,-79.395251,2026-06-08,416599,2026-06-08 03:13:07 UTC,,,,2025-07-23,,,,,J1772,US,,,,Public,,public,,,,,,,,,,,,,,,,,,,,false,,,,,,,,,false,
ELEC,Empire Ford,106 Old Jonesboro Rd,,Abingdon,VA,24210,,888-357-1009,E,,Public,24 hours daily,A ANDROID_PAY APPLE_PAY CREDIT D Debit M V,,,,,,4,,FORD_CHARGE,https://www.ford.com/support/category/electric-vehicle/charging/public-charging/,GPS,36.697032,-82.008182,2026-06-09,416769,2026-06-09 05:16:03 UTC,,,,2024-05-06,,,,,J1772COMBO,US,,,,Public,,public,,,PUBLIC,,,,,,,,,,,,,,,,,false,,,,,,,,,false,
ELEC,Bowditch Ford,11291 Jefferson Ave,,Newport News,VA,23601,,888-357-1009,E,,Public,Mon: 7:00am-8:00pm; Tue: 7:00am-8:00pm; Wed: 7:00am-8:00pm; Thu: 7:00am-8:00pm; Fri: 7:00am-8:00pm; Sat: 7:00am-8:00pm; Sun: 7:00am-8:00pm,A ANDROID_PAY APPLE_PAY CREDIT D Debit M V,,,,,,2,,FORD_CHARGE,https://www.ford.com/support/category/electric-vehicle/charging/public-charging/,GPS,37.06494,-76.47103,2026-06-09,416785,2026-06-09 05:16:23 UTC,,,,2024-08-14,,,,,J1772COMBO,US,,,,Public,,public,,,PUBLIC,,,,,,,,,,,,,,,,,false,,,,,,,,,false,
ELEC,Marlow Ford,1021 US-211,,Luray,VA,22835,,888-357-1009,E,,Public,24 hours daily,A ANDROID_PAY APPLE_PAY CREDIT D Debit M V,,,,,,2,,FORD_CHARGE,https://www.ford.com/support/category/electric-vehicle/charging/public-charging/,GPS,38.659995,-78.48891,2026-06-09,416786,2026-06-09 05:16:24 UTC,,,,2024-08-27,,,,,J1772COMBO,US,,,,Public,,public,,,PUBLIC,,,,,,,,,,,,,,,,,false,,,,,,,,,false,
ELEC,West Point Ford,18679 Eltham Rd,,West Point,VA,23181,,888-357-1009,E,,Public,24 hours daily,A ANDROID_PAY APPLE_PAY CREDIT D Debit M V,,,,,,4,,FORD_CHARGE,https://www.ford.com/support/category/electric-vehicle/charging/public-charging/,GPS,37.520375,-76.830284,2026-06-09,416787,2026-06-09 05:16:26 UTC,,,,2024-09-30,,,,,J1772COMBO,US,,,,Public,,public,,,PUBLIC,,,,,,,,,,,,,,,,,false,,,,,,,,,false,
ELEC,Shelor Motor Mile,2257 Roanoke St,,Christiansburg,VA,24073,,888-357-1009,E,,Public,24 hours daily,A ANDROID_PAY APPLE_PAY CREDIT D Debit M V,,,,,,4,,FORD_CHARGE,https://www.ford.com/support/category/electric-vehicle/charging/public-charging/,GPS,37.13524,-80.365497,2026-06-09,416796,2026-06-09 05:16:32 UTC,,,,2024-10-29,,,,,J1772COMBO,US,,,,Public,,public,,,PUBLIC,,,,,,,,,,,,,,,,,false,,,,,,,,,false,
ELEC,Ted Britt Ford,4175 Auto Park Cir,,Chantilly,VA,20151,,888-357-1009,E,,Public,Mon: 8:00am-8:00pm; Tue: 8:00am-8:00pm; Wed: 8:00am-8:00pm; Thu: 8:00am-8:00pm; Fri: 8:00am-8:00pm; Sat: 8:00am-8:00pm; Sun: 8:00am-8:00pm,A ANDROID_PAY APPLE_PAY CREDIT D Debit M V,,,,,,2,,FORD_CHARGE,https://www.ford.com/support/category/electric-vehicle/charging/public-charging/,GPS,38.900826,-77.460046,2026-06-09,416798,2026-06-09 05:16:34 UTC,,,,2024-08-12,,,,,J1772COMBO,US,,,,Public,,public,,,PUBLIC,,,,,,,,,,,,,,,,,false,,,,,,,,,false,
ELEC,Cavalier Ford Chesapeake Square,4021 Portsmouth Blvd,,Chesapeake,VA,23321,,888-357-1009,E,,Public,24 hours daily,A ANDROID_PAY APPLE_PAY CREDIT D Debit M V,,,,,,4,,FORD_CHARGE,https://www.ford.com/support/category/electric-vehicle/charging/public-charging/,GPS,36.82398,-76.406249,2026-06-09,416807,2026-06-09 05:16:39 UTC,,,,2025-01-10,,,,,J1772COMBO,US,,,,Public,,public,,,PUBLIC,,,,,,,,,,,,,,,,,false,,,,,,,,,false,
ELEC,Koons Sterling Ford,46869 Leesburg Pike,,Sterling,VA,20164,,888-357-1009,E,,Public,24 hours daily,,,,,,,4,,FORD_CHARGE,https://www.ford.com/support/category/electric-vehicle/charging/public-charging/,GPS,39.017124,-77.377324,2026-06-09,416847,2026-06-09 05:16:51 UTC,,,,2025-04-03,,,,,J1772COMBO,US,,,,Public,,public,,,PUBLIC,,,,,,,,,,,,,,,,,false,,,,,,,,,false,
ELEC,Jerry's Leesburg Ford,860 Trailview Blvd SE,,Leesburg,VA,20175,,888-357-1009,E,,Public,24 hours daily,A ANDROID_PAY APPLE_PAY CREDIT D Debit M V,,,,,,2,,FORD_CHARGE,https://www.ford.com/support/category/electric-vehicle/charging/public-charging/,GPS,39.101357,-77.540381,2026-06-09,416867,2026-06-09 05:16:56 UTC,,,,2025-05-16,,,,,J1772COMBO,US,,,,Public,,public,,,PUBLIC,,,,,,,,,,,,,,,,,false,,,,,,,,,false,
ELEC,Cavalier Ford Greenbrier,1515 S Military Hwy,,Chesapeake,VA,23320,,888-357-1009,E,,Public,24 hours daily,A ANDROID_PAY APPLE_PAY CREDIT D Debit M V,,,,,,4,,FORD_CHARGE,https://www.ford.com/support/category/electric-vehicle/charging/public-charging/,GPS,36.797052,-76.235772,2026-06-09,416872,2026-06-09 05:16:57 UTC,,,,2025-06-16,,,,,J1772COMBO,US,,,,Public,,public,,,PUBLIC,,,,,,,,,,,,,,,,,false,,,,,,,,,false,
ELEC,Fox Mill Shopping Center,2551 John Milton Dr,,Herndon,VA,20171,,877-455-3833,E,,Public,24 hours daily,,,,,,,4,,eVgo Network,https://www.evgo.com,GPS,38.92651,-77.37633,2026-06-08,416885,2026-06-09 00:01:02 UTC,,,,2025-07-25,,,,,J1772COMBO,US,,,,Public,,public,,,,,,,,,,,,,,,,,,,,false,,,,,,,,,false,
ELEC,LOUDOUN COUNTY LOVETTSVILLE 1,57 East Broad Way,Parking Lot,Lovettsville,VA,20180,,888-758-4389,E,,Public,24 hours daily,,,,,,2,,,ChargePoint Network,https://www.chargepoint.com,GPS,39.270206,-77.633265,2026-06-08,416966,2026-06-08 03:14:38 UTC,,,,2025-07-25,,,,,J1772,US,,,,Public,,public,,,,,,,,,,,,,,,,,,,,false,,,,,,,,,false,
ELEC,LOUDOUN COUNTY LOVETTSVILLE 2,57 East Broad Way,Parking Lot,Lovettsville,VA,20180,,888-758-4389,E,,Public,24 hours daily,,,,,,2,,,ChargePoint Network,https://www.chargepoint.com,GPS,39.270143,-77.633214,2026-06-08,416967,2026-06-08 03:14:38 UTC,,,,2025-07-25,,,,,J1772,US,,,,Public,,public,,,,,,,,,,,,,,,,,,,,false,,,,,,,,,false,
ELEC,"IKEA Store 569 (Norfolk, VA)",1500 Ikea Way,,Norfolk,VA,23502,,833-632-2778,E,,Public,24 hours daily,,,,,,,6,,Electrify America,https://www.electrifyamerica.com,GPS,36.87496,-76.2,2026-06-09,417087,2026-06-09 03:20:20 UTC,,,,2025-07-26,,,,,J1772COMBO,US,,,,Public,,public,,,,,,,,,,,,,,,,,,,,false,,,,,,,,,false,
ELEC,PUBLISHER #1-PUBLISHER,711 William Street,,Fredericksburg,VA,22401,,888-758-4389,E,,Public,24 hours daily,,,,,,2,,,ChargePoint Network,https://www.chargepoint.com,GPS,38.301918,-77.465538,2026-06-08,417252,2026-06-08 03:14:57 UTC,,,,2025-07-30,,,,,J1772,US,,,,Public,,public,,,,,,,,,,,,,,,,,,,,false,,,,,,,,,false,
ELEC,LOUDOUN COUNTY ASHBURN RECCEN7,21105 Coopers Hawk Drive,Recreation Center,Ashburn,VA,20148,,888-758-4389,E,,Public,24 hours daily,,,,,,2,,,ChargePoint Network,https://www.chargepoint.com,GPS,39.030684,-77.512801,2026-06-08,417435,2026-06-08 03:10:47 UTC,,,,2025-08-02,,,,,J1772,US,,,,Public,,public,,,,,,,,,,,,,,,,,,,,false,,,,,,,,,false,
ELEC,LOUDOUN COUNTY ASHBURN RECCEN2,21105 Coopers Hawk Drive,Recreation Center,Ashburn,VA,20148,,888-758-4389,E,,Public,24 hours daily,,,,,,2,,,ChargePoint Network,https://www.chargepoint.com,GPS,39.031032,-77.512786,2026-06-08,417440,2026-06-08 03:15:47 UTC,,,,2025-08-02,,,,,J1772,US,,,,Public,,public,,,,,,,,,,,,,,,,,,,,false,,,,,,,,,false,
ELEC,LOUDOUN COUNTY ASHBURN RECCEN5,21105 Coopers Hawk Drive,Recreation Center,Ashburn,VA,20148,,888-758-4389,E,,Public,24 hours daily,,,,,,2,,,ChargePoint Network,https://www.chargepoint.com,GPS,39.031084,-77.512806,2026-06-08,417441,2026-06-08 03:15:47 UTC,,,,2025-08-02,,,,,J1772,US,,,,Public,,public,,,,,,,,,,,,,,,,,,,,false,,,,,,,,,false,
ELEC,LOUDOUN COUNTY ASHBURN RECCEN6,21105 Coopers Hawk Drive,Recreation Center,Ashburn,VA,20148,,888-758-4389,E,,Public,24 hours daily,,,,,,2,,,ChargePoint Network,https://www.chargepoint.com,GPS,39.031063,-77.512572,2026-06-08,417442,2026-06-08 03:15:47 UTC,,,,2025-08-02,,,,,J1772,US,,,,Public,,public,,,,,,,,,,,,,,,,,,,,false,,,,,,,,,false,
ELEC,LOUDOUN COUNTY ASHBURN RECCEN3,21105 Coopers Hawk Drive,Recreation Center,Ashburn,VA,20148,,888-758-4389,E,,Public,24 hours daily,,,,,,2,,,ChargePoint Network,https://www.chargepoint.com,GPS,39.031077,-77.512654,2026-06-08,417444,2026-06-08 03:15:47 UTC,,,,2025-08-02,,,,,J1772,US,,,,Public,,public,,,,,,,,,,,,,,,,,,,,false,,,,,,,,,false,
ELEC,LOUDOUN COUNTY ASHBURN RECCEN4,21105 Coopers Hawk Drive,Recreation Center,Ashburn,VA,20148,,888-758-4389,E,,Public,24 hours daily,,,,,,2,,,ChargePoint Network,https://www.chargepoint.com,GPS,39.030964,-77.512778,2026-06-08,417445,2026-06-08 03:15:48 UTC,,,,2025-08-02,,,,,J1772,US,,,,Public,,public,,,,,,,,,,,,,,,,,,,,false,,,,,,,,,false,
ELEC,SHEEHY HONDA L3 STATION CPE2,7434 US-1,,Alexandria,VA,22306,,888-758-4389,E,,Public,24 hours daily,,,,,,,1,,ChargePoint Network,https://www.chargepoint.com,GPS,38.754896,-77.084459,2026-06-09,417561,2026-06-09 03:10:48 UTC,,,,2025-08-06,,,,,CHADEMO J1772COMBO,US,,,,Public,,public,,,,,,,,,,,,,,,,,,,,false,,,,,,,,,false,
ELEC,100 N Pitt Street,100 North Pitt Street,,Alexandria,VA,22314,,888-998-2546,E,,Public,24 hours daily,,,,,,2,,,Blink Network,https://blinkcharging.com,GPS,38.80519647858543,-77.04476511534261,2026-06-09,417924,2026-06-09 00:12:20 UTC,,,,2025-08-13,,,,,J1772,US,,,,Public,,public,,,,,,,,,,,,,,,,,,,,false,,,,,,,,,false,
ELEC,TOWN LOT TOWNHALL,547 Main Street,The station is on the right of the building,Clifton Forge,VA,24422,,888-758-4389,E,,Public,24 hours daily,,,,,,2,,,ChargePoint Network,https://www.chargepoint.com,GPS,37.81566,-79.823914,2026-06-08,418024,2026-06-08 03:15:46 UTC,,,,2025-08-15,,,,,J1772,US,,,,Public,,public,,,,,,,,,,,,,,,,,,,,false,,,,,,,,,false,
ELEC,PVCC SIDE LOT 1,501 College Drive,On side lot,Charlottesville,VA,22902,,888-758-4389,E,,Public,24 hours daily,,,,,,1,,,ChargePoint Network,https://www.chargepoint.com,GPS,38.007323,-78.484863,2026-06-08,418104,2026-06-08 02:55:50 UTC,,,,2025-08-16,,,,,J1772,US,,,,Public,,public,,,,,,,,,,,,,,,,,,,,false,,,,,,,,,false,
ELEC,PVCC CANOPY SINGLE 2,501 College Drive,Far end of canopy,Charlottesville,VA,22902,,888-758-4389,E,,Public,24 hours daily,,,,,,1,,,ChargePoint Network,https://www.chargepoint.com,GPS,38.007682,-78.484844,2026-06-08,418105,2026-06-08 02:55:51 UTC,,,,2025-08-16,,,,,J1772,US,,,,Public,,public,,,,,,,,,,,,,,,,,,,,false,,,,,,,,,false,
ELEC,PVCC CANOPY DOUBLE 3,501 College Drive,Double under canopy,Charlottesville,VA,22902,,888-758-4389,E,,Public,24 hours daily,,,,,,2,,,ChargePoint Network,https://www.chargepoint.com,GPS,38.0078,-78.484792,2026-06-08,418106,2026-06-08 02:55:52 UTC,,,,2025-08-16,,,,,J1772,US,,,,Public,,public,,,,,,,,,,,,,,,,,,,,false,,,,,,,,,false,
ELEC,PVCC HANDICAP 4,501 College Drive,In front of building at handicap spot,Charlottesville,VA,22902,,888-758-4389,E,,Public,24 hours daily,,,,,,1,,,ChargePoint Network,https://www.chargepoint.com,GPS,38.007942,-78.48449,2026-06-08,418107,2026-06-08 02:55:52 UTC,,,,2025-08-16,,,,,J1772,US,,,,Public,,public,,,,,,,,,,,,,,,,,,,,false,,,,,,,,,false,
ELEC,Home2 Suites - Tesla Destination,3000 Evelyn Byrd Ave,,Harrisonburg,VA,22801,,479-229-3655,E,,Public,24 hours daily,A D Debit M V,,,,,4,,,Tesla Destination,https://www.tesla.com/destination-charging,GPS,38.424214,-78.84293,2025-09-12,420583,2026-02-02 23:16:24 UTC,P,,,2025-08-22,,,,,J1772 TESLA,US,,,,Public,,public,,,HOTEL,,,,,,,,,,,,,,,,,false,,,,,,,,LD,false,
ELEC,RVA RVA1-2 RVA1-4,6200 Technology Blvd,,Sandston,VA,23150,,888-758-4389,E,,Public,24 hours daily,,,,,,2,,,ChargePoint Network,https://www.chargepoint.com,GPS,37.48393,-77.236868,2026-06-09,420846,2026-06-09 01:44:48 UTC,,,,2025-08-26,,,,,J1772,US,,,,Public,,public,,,,,,,,,,,,,,,,,,,,false,,,,,,,,,false,
ELEC,RVA RVA1-2 / RVA1-5,6200 Technology Blvd,,Sandston,VA,23150,,888-758-4389,E,,Public,24 hours daily,,,,,,2,,,ChargePoint Network,https://www.chargepoint.com,GPS,37.483706,-77.237193,2026-06-09,420847,2026-06-09 01:44:49 UTC,,,,2025-08-26,,,,,J1772,US,,,,Public,,public,,,,,,,,,,,,,,,,,,,,false,,,,,,,,,false,
ELEC,RVA RVA1-2 / RVA1-3,6200 Technology Blvd,,Sandston,VA,23150,,888-758-4389,E,,Public,24 hours daily,,,,,,2,,,ChargePoint Network,https://www.chargepoint.com,GPS,37.483619,-77.237353,2026-06-09,420848,2026-06-09 01:44:49 UTC,,,,2025-08-26,,,,,J1772,US,,,,Public,,public,,,,,,,,,,,,,,,,,,,,false,,,,,,,,,false,
ELEC,RVA RVA3 / RVA3-6,6200 Technology Blvd,,Sandston,VA,23150,,888-758-4389,E,,Public,24 hours daily,,,,,,2,,,ChargePoint Network,https://www.chargepoint.com,GPS,37.482544,-77.233401,2026-06-09,420849,2026-06-09 02:12:56 UTC,,,,2025-08-26,,,,,J1772,US,,,,Public,,public,,,,,,,,,,,,,,,,,,,,false,,,,,,,,,false,
ELEC,RVA RVA3  RVA3-7,6200 Technology Blvd,,Sandston,VA,23150,,888-758-4389,E,,Public,24 hours daily,,,,,,2,,,ChargePoint Network,https://www.chargepoint.com,GPS,37.482317,-77.233437,2026-06-09,420850,2026-06-09 02:12:56 UTC,,,,2025-08-26,,,,,J1772,US,,,,Public,,public,,,,,,,,,,,,,,,,,,,,false,,,,,,,,,false,
ELEC,UVA FONTAINE 4,1055 Natural Resources Dr,The station is located on level 1 of the garage on the north side along the back wall.,Charlottesville,VA,22903,,888-758-4389,E,,Public,24 hours daily,,,,,,2,,,ChargePoint Network,https://www.chargepoint.com,GPS,38.026256,-78.526111,2026-06-08,420876,2026-06-08 03:15:41 UTC,,,,2025-08-26,,,,,J1772,US,,,,Public,,public,,,,,,,,,,,,,,,,,,,,false,,,,,,,,,false,
ELEC,UVA FONTAINE 5,1055 Natural Resources Dr,The station is located on level 1 of the garage on the north side along the back wall.,Charlottesville,VA,22903,,888-758-4389,E,,Public,24 hours daily,,,,,,2,,,ChargePoint Network,https://www.chargepoint.com,GPS,38.026208,-78.525969,2026-06-08,420877,2026-06-08 03:15:42 UTC,,,,2025-08-26,,,,,J1772,US,,,,Public,,public,,,,,,,,,,,,,,,,,,,,false,,,,,,,,,false,
ELEC,UVA FONTAINE 3,1055 Natural Resources Drive,The station is located on level 1 of the garage on the south side along the front wall.,Charlottesville,VA,22903,,888-758-4389,E,,Public,24 hours daily,,,,,,2,,,ChargePoint Network,https://www.chargepoint.com,GPS,38.025907,-78.526199,2026-06-08,420878,2026-06-08 03:15:43 UTC,,,,2025-08-26,,,,,J1772,US,,,,Public,,public,,,,,,,,,,,,,,,,,,,,false,,,,,,,,,false,
ELEC,UVA FONTAINE 1,1055 Natural Resources Dr,The station is located on the lower level of the garage on the east side opposite of the ramp.,Charlottesville,VA,22903,,888-758-4389,E,,Public,24 hours daily,,,,,,2,,,ChargePoint Network,https://www.chargepoint.com,GPS,38.025963,-78.526204,2026-06-08,420879,2026-06-08 03:15:56 UTC,,,,2025-08-26,,,,,J1772,US,,,,Public,,public,,,,,,,,,,,,,,,,,,,,false,,,,,,,,,false,
ELEC,UVA FONTAINE 2,1055 Natural Resources Dr,The station is located on the lower level of the garage on the east side opposite of the ramp.,Charlottesville,VA,22903,,888-758-4389,E,,Public,24 hours daily,,,,,,2,,,ChargePoint Network,https://www.chargepoint.com,GPS,38.025993,-78.526259,2026-06-08,420880,2026-06-08 03:15:56 UTC,,,,2025-08-26,,,,,J1772,US,,,,Public,,public,,,,,,,,,,,,,,,,,,,,false,,,,,,,,,false,
ELEC,UVA FONTAINE 7,1055 Natural Resources Dr,The station is located on the second level of the garage on the east side opposite of the ramp.,Charlottesville,VA,22903,,888-758-4389,E,,Public,24 hours daily,,,,,,2,,,ChargePoint Network,https://www.chargepoint.com,GPS,38.02607,-78.525968,2026-06-08,420881,2026-06-08 03:15:57 UTC,,,,2025-08-26,,,,,J1772,US,,,,Public,,public,,,,,,,,,,,,,,,,,,,,false,,,,,,,,,false,
ELEC,UVA FONTAINE 6,1055 Natural Resources Dr,The station is located on the second level of the garage on the east side opposite of the ramp.,Charlottesville,VA,22903,,888-758-4389,E,,Public,24 hours daily,,,,,,2,,,ChargePoint Network,https://www.chargepoint.com,GPS,38.026028,-78.525956,2026-06-08,420882,2026-06-08 03:15:57 UTC,,,,2025-08-26,,,,,J1772,US,,,,Public,,public,,,,,,,,,,,,,,,,,,,,false,,,,,,,,,false,
ELEC,FAIRFAX COUNTY MONUMENT PG 9,12113 Government Center Pkwy,Garage level 4,Fairfax,VA,22030,,888-758-4389,E,,Public,24 hours daily,,,,,,2,,,ChargePoint Network,https://www.chargepoint.com,GPS,38.858189,-77.361144,2026-06-08,420973,2026-06-08 03:16:57 UTC,,,,2025-08-27,,,,,J1772,US,,,,Public,,public,,,,,,,,,,,,,,,,,,,,false,,,,,,,,,false,
ELEC,FAIRFAX COUNTY MONUMENT PG 8,12113 Government Center Pkwy,Garage level 3,Fairfax,VA,22030,,888-758-4389,E,,Public,24 hours daily,,,,,,2,,,ChargePoint Network,https://www.chargepoint.com,GPS,38.858185,-77.361139,2026-06-08,420974,2026-06-08 03:16:57 UTC,,,,2025-08-27,,,,,J1772,US,,,,Public,,public,,,,,,,,,,,,,,,,,,,,false,,,,,,,,,false,
ELEC,FAIRFAX COUNTY MONUMENT PG 5,12113 Government Center Pkwy,Garage level 3,Fairfax,VA,22030,,888-758-4389,E,,Public,24 hours daily,,,,,,2,,,ChargePoint Network,https://www.chargepoint.com,GPS,38.858177,-77.361141,2026-06-08,420975,2026-06-08 03:16:57 UTC,,,,2025-08-27,,,,,J1772,US,,,,Public,,public,,,,,,,,,,,,,,,,,,,,false,,,,,,,,,false,
ELEC,FAIRFAX COUNTY MONUMENT PG 4,12113 Government Center Pkwy,Garage level 2,Fairfax,VA,22030,,888-758-4389,E,,Public,24 hours daily,,,,,,2,,,ChargePoint Network,https://www.chargepoint.com,GPS,38.858187,-77.361161,2026-06-08,420976,2026-06-08 03:16:58 UTC,,,,2025-08-27,,,,,J1772,US,,,,Public,,public,,,,,,,,,,,,,,,,,,,,false,,,,,,,,,false,
ELEC,FAIRFAX COUNTY MONUMENT PG 3,12113 Government Center Pkwy,Garage level 2,Fairfax,VA,22030,,888-758-4389,E,,Public,24 hours daily,,,,,,2,,,ChargePoint Network,https://www.chargepoint.com,GPS,38.858267,-77.361187,2026-06-08,420977,2026-06-08 03:16:58 UTC,,,,2025-08-27,,,,,J1772,US,,,,Public,,public,,,,,,,,,,,,,,,,,,,,false,,,,,,,,,false,
ELEC,FAIRFAX COUNTY MONUMENT PG 2,12113 Government Center Pkwy,Garage level 2,Fairfax,VA,22030,,888-758-4389,E,,Public,24 hours daily,,,,,,2,,,ChargePoint Network,https://www.chargepoint.com,GPS,38.858265,-77.361171,2026-06-08,420978,2026-06-08 03:16:58 UTC,,,,2025-08-27,,,,,J1772,US,,,,Public,,public,,,,,,,,,,,,,,,,,,,,false,,,,,,,,,false,
ELEC,FAIRFAX COUNTY MONUMENT PG 1,12113 Government Center Pkwy,Garage level 2,Fairfax,VA,22030,,888-758-4389,E,,Public,24 hours daily,,,,,,2,,,ChargePoint Network,https://www.chargepoint.com,GPS,38.858355,-77.361188,2026-06-08,420979,2026-06-08 03:16:58 UTC,,,,2025-08-27,,,,,J1772,US,,,,Public,,public,,,,,,,,,,,,,,,,,,,,false,,,,,,,,,false,
ELEC,FAIRFAX COUNTY MONUMENT PG 6,12113 Government Center Parkway,Garage level 3,Fairfax,VA,22030,,888-758-4389,E,,Public,24 hours daily,,,,,,2,,,ChargePoint Network,https://www.chargepoint.com,GPS,38.858256,-77.361295,2026-06-08,420980,2026-06-08 03:16:59 UTC,,,,2025-08-27,,,,,J1772,US,,,,Public,,public,,,,,,,,,,,,,,,,,,,,false,,,,,,,,,false,
ELEC,FAIRFAX COUNTY MONUMENT PG 7,12113 Government Center Pkwy,Garage level 3,Fairfax,VA,22030,,888-758-4389,E,,Public,24 hours daily,,,,,,2,,,ChargePoint Network,https://www.chargepoint.com,GPS,38.858204,-77.361167,2026-06-08,420981,2026-06-08 03:16:59 UTC,,,,2025-08-27,,,,,J1772,US,,,,Public,,public,,,,,,,,,,,,,,,,,,,,false,,,,,,,,,false,
ELEC,FAIRFAX COUNTY MONUMENT PG 12,12113 Government Center Parkway,,Fairfax,VA,22030,,888-758-4389,E,,Public,24 hours daily,,,,,,2,,,ChargePoint Network,https://www.chargepoint.com,GPS,38.85838,-77.361167,2026-06-08,421099,2026-06-08 03:16:56 UTC,,,,2025-08-28,,,,,J1772,US,,,,Public,,public,,,,,,,,,,,,,,,,,,,,false,,,,,,,,,false,
ELEC,FAIRFAX COUNTY MONUMENT PG 11,12113 Government Center Parkway,,Fairfax,VA,22030,,888-758-4389,E,,Public,24 hours daily,,,,,,2,,,ChargePoint Network,https://www.chargepoint.com,GPS,38.858295,-77.361179,2026-06-08,421100,2026-06-08 03:16:56 UTC,,,,2025-08-28,,,,,J1772,US,,,,Public,,public,,,,,,,,,,,,,,,,,,,,false,,,,,,,,,false,
ELEC,FAIRFAX COUNTY MONUMENT PG 10,12113 Government Center Pkwy,,Fairfax,VA,22030,,888-758-4389,E,,Public,24 hours daily,,,,,,2,,,ChargePoint Network,https://www.chargepoint.com,GPS,38.858222,-77.361178,2026-06-08,421101,2026-06-08 03:16:56 UTC,,,,2025-08-28,,,,,J1772,US,,,,Public,,public,,,,,,,,,,,,,,,,,,,,false,,,,,,,,,false,
ELEC,BREAKS PARK EV STATION 1,627 Commission Circle,Charging station located on right at parking lot entrance.,Breaks,VA,24607,,888-758-4389,E,,Public,24 hours daily,,,,,,2,,,ChargePoint Network,https://www.chargepoint.com,GPS,37.28687,-82.294777,2026-06-08,421156,2026-06-08 03:11:29 UTC,,,,2025-08-29,,,,,J1772,US,,,,Public,,public,,,,,,,,,,,,,,,,,,,,false,,,,,,,,,false,
ELEC,WEST CREEK ABSOLUTE MOB,1300 Wilkes Ridge Parkway,The station is in the back of the building along Wilkes Ridge Pkwy,Henrico,VA,23233,,888-758-4389,E,,Public,24 hours daily,,,,,,2,,,ChargePoint Network,https://www.chargepoint.com,GPS,37.65894,-77.6535,2026-06-08,421157,2026-06-08 03:11:41 UTC,,,,2025-08-29,,,,,J1772,US,,,,Public,,public,,,,,,,,,,,,,,,,,,,,false,,,,,,,,,false,
ELEC,2321 Mill Road Parking Garage,2321 Mill Road,,Alexandria,VA,22314,,888-998-2546,E,,Public,24 hours daily,,,,,,4,,,Blink Network,https://blinkcharging.com,GPS,38.80176,-77.0663,2026-06-09,421553,2026-06-09 00:30:41 UTC,,,,2025-09-03,,,,,J1772,US,,,,Public,,public,,,,,,,,,,,,,,,,,,,,false,,,,,,,,,false,
ELEC,Town of Richlands,1400 Front Street,,Richlands,VA,24641,,855-885-9571,E,,Public,24 hours daily,,,,,,2,,,OpConnect,https://opconnect-ev.com,GPS,37.0952243,-81.7972632,2026-06-09,421596,2026-06-09 03:26:07 UTC,,,,2025-09-04,,,,,J1772,US,,,,Public,,public,,,,,,,,,,,,,,,,,,,,false,,,,,,,,,false,
ELEC,JMU - Pocahontas Coal Mine Museum,215 Shop Hollow Rd,,Pocahontas,VA,24635,,855-885-9571,E,,Public,24 hours daily,,,,,,1,,,OpConnect,https://opconnect-ev.com,GPS,37.307251,-81.346272,2026-06-09,422167,2026-06-09 03:26:08 UTC,,,,2025-09-12,,,,,J1772,US,,,,Public,,public,,,,,,,,,,,,,,,,,,,,false,,,,,,,,,false,
ELEC,Wawa - Tesla Supercharger,13355 Minnieville Rd,,Woodbridge,VA,22192,,877-798-3752,E,,Public,24 hours daily,A D Debit M V,,,,,,12,,Tesla,https://www.tesla.com/supercharger,GPS,38.659245,-77.299912,2025-10-13,422567,2026-02-02 23:16:24 UTC,P,,,2025-09-19,,,,,TESLA,US,,,,Public,,public,,,GAS_STATION,,,,,,,,,,,,,,,,,false,,,,,,,,LD,false,
ELEC,GARAGE ENTRY GARAGE ENTRY,3110 Mount Vernon Avenue,,Alexandria,VA,22305,,888-758-4389,E,,Public,24 hours daily,,,,,,2,,,ChargePoint Network,https://www.chargepoint.com,GPS,38.834116,-77.06037,2026-06-08,422610,2026-06-08 03:16:59 UTC,,,,2025-09-21,,,,,J1772,US,,,,Public,,public,,,,,,,,,,,,,,,,,,,,false,,,,,,,,,false,
ELEC,Bowditch Quick Lane,975 J Clyde Morris Blvd,,Newport News,VA,23601,,888-357-1009,E,,Public,Mon: 7:00am-8:00pm; Tue: 7:00am-8:00pm; Wed: 7:00am-8:00pm; Thu: 7:00am-8:00pm; Fri: 7:00am-8:00pm; Sat: 7:00am-8:00pm; Sun: 7:00am-8:00pm,A ANDROID_PAY APPLE_PAY CREDIT D Debit M V,,,,,,2,,FORD_CHARGE,https://www.ford.com/support/category/electric-vehicle/charging/public-charging/,GPS,37.095896,-76.45966,2026-06-09,422701,2026-06-09 05:17:04 UTC,,,,2025-09-22,,,,,J1772COMBO,US,,,,Public,,public,,,PUBLIC,,,,,,,,,,,,,,,,,false,,,,,,,,,false,
ELEC,CITY OF COV FARMER'S MARKET,134 West Main Street,,Covington,VA,24426,,888-758-4389,E,,Public,24 hours daily,,,,,,2,,,ChargePoint Network,https://www.chargepoint.com,GPS,37.793709,-79.994517,2026-06-08,422909,2026-06-08 03:18:44 UTC,,,,2025-09-26,,,,,J1772,US,,,,Public,,public,,,,,,,,,,,,,,,,,,,,false,,,,,,,,,false,
ELEC,DARCARS CPF50 1,11050 Fairfax Blvd,,Fairfax,VA,22030,,888-758-4389,E,,Public,24 hours daily,,,,,,1,,,ChargePoint Network,https://www.chargepoint.com,GPS,38.854741,-77.326682,2026-06-09,428426,2026-06-09 02:21:54 UTC,,,,2025-09-30,,,,,J1772,US,,,,Public,,public,,,,,,,,,,,,,,,,,,,,false,,,,,,,,,false,
ELEC,"Simon Williamsburg Premium Outlets (Williamsburg, VA)",5715 Richmond Rd,,Williamsburg,VA,23188,,833-632-2778,E,,Public,24 hours daily,,,,,,,6,,Electrify America,https://www.electrifyamerica.com,GPS,37.32121,-76.73665,2026-06-09,428492,2026-06-09 03:20:10 UTC,,,,2025-10-01,,,,,J1772COMBO,US,,,,Public,,public,,,,,,,,,,,,,,,,,,,,false,,,,,,,,,false,
ELEC,Riverbend Campgrounds,4616 Powhatan State Park Rd,,Powhatan,VA,23139,,855-885-9571,E,,Public,24 hours daily,,,,,,1,,,OpConnect,https://opconnect-ev.com,GPS,37.6674383,-77.9239207,2026-06-09,428594,2026-06-09 03:26:10 UTC,,,,2025-10-02,,,,,J1772,US,,,,Public,,public,,,,,,,,,,,,,,,,,,,,false,,,,,,,,,false,
ELEC,MODERA FALLS 1-19,1033 West Broad Street,Behind loading dock,Falls Church,VA,22046,,888-758-4389,E,,Public,24 hours daily,,,,,,1,,,ChargePoint Network,https://www.chargepoint.com,GPS,38.890932,-77.185489,2026-06-08,429520,2026-06-08 03:19:26 UTC,,,,2025-10-07,,,,,J1772,US,,,,Public,,public,,,,,,,,,,,,,,,,,,,,false,,,,,,,,,false,
ELEC,MODERA FALLS 1A-27,1049 W Broad St,,Falls Church,VA,22046,,888-758-4389,E,,Public,24 hours daily,,,,,,1,,,ChargePoint Network,https://www.chargepoint.com,GPS,38.890926,-77.185872,2026-06-08,429522,2026-06-08 03:19:33 UTC,,,,2025-10-07,,,,,J1772,US,,,,Public,,public,,,,,,,,,,,,,,,,,,,,false,,,,,,,,,false,
ELEC,MODERA FALLS 1-21,110 Founders Ave,This station is next to the air shaft,Falls Church,VA,22046,,888-758-4389,E,,Public,24 hours daily,,,,,,1,,,ChargePoint Network,https://www.chargepoint.com,GPS,38.890754,-77.183291,2026-06-08,429523,2026-06-08 03:19:38 UTC,,,,2025-10-07,,,,,J1772,US,,,,Public,,public,,,,,,,,,,,,,,,,,,,,false,,,,,,,,,false,
ELEC,MODERA FALLS 1A-24,1003 W Broad St,Infront of overlook,Falls Church,VA,22046,,888-758-4389,E,,Public,24 hours daily,,,,,,1,,,ChargePoint Network,https://www.chargepoint.com,GPS,38.890912,-77.185768,2026-06-08,429530,2026-06-08 03:19:44 UTC,,,,2025-10-07,,,,,J1772,US,,,,Public,,public,,,,,,,,,,,,,,,,,,,,false,,,,,,,,,false,
ELEC,MODERA FALLS 1A-13,1033 West Broad Street,Behind air shaft,Falls Church,VA,22046,,888-758-4389,E,,Public,24 hours daily,,,,,,1,,,ChargePoint Network,https://www.chargepoint.com,GPS,38.890846,-77.185337,2026-06-08,429531,2026-06-08 03:19:44 UTC,,,,2025-10-07,,,,,J1772,US,,,,Public,,public,,,,,,,,,,,,,,,,,,,,false,,,,,,,,,false,
ELEC,MODERA FALLS 1A-12,1033 West Broad Street,Behind air shaft,Falls Church,VA,22046,,888-758-4389,E,,Public,24 hours daily,,,,,,1,,,ChargePoint Network,https://www.chargepoint.com,GPS,38.890872,-77.185321,2026-06-08,429532,2026-06-08 03:19:44 UTC,,,,2025-10-07,,,,,J1772,US,,,,Public,,public,,,,,,,,,,,,,,,,,,,,false,,,,,,,,,false,
ELEC,MODERA FALLS G2-107,1033 West Broad Street,G2-107,Falls Church,VA,22046,,888-758-4389,E,,Public,24 hours daily,,,,,,1,,,ChargePoint Network,https://www.chargepoint.com,GPS,38.891171,-77.185457,2026-06-08,429533,2026-06-08 03:19:44 UTC,,,,2025-10-07,,,,,J1772,US,,,,Public,,public,,,,,,,,,,,,,,,,,,,,false,,,,,,,,,false,
ELEC,MODERA FALLS G3-157,1033 West Broad Street,Ramp to G2  G3-157,Falls Church,VA,22046,,888-758-4389,E,,Public,24 hours daily,,,,,,1,,,ChargePoint Network,https://www.chargepoint.com,GPS,38.890697,-77.185482,2026-06-08,429534,2026-06-08 03:19:45 UTC,,,,2025-10-07,,,,,J1772,US,,,,Public,,public,,,,,,,,,,,,,,,,,,,,false,,,,,,,,,false,
ELEC,MODERA FALLS G3-122,1033 West Broad Street,G3-122 by elevator lobby,Falls Church,VA,22046,,888-758-4389,E,,Public,24 hours daily,,,,,,1,,,ChargePoint Network,https://www.chargepoint.com,GPS,38.890688,-77.185357,2026-06-08,429535,2026-06-08 03:19:45 UTC,,,,2025-10-07,,,,,J1772,US,,,,Public,,public,,,,,,,,,,,,,,,,,,,,false,,,,,,,,,false,
ELEC,MODERA FALLS G3-5,1033 West Broad Street,G3-5,Falls Church,VA,22046,,888-758-4389,E,,Public,24 hours daily,,,,,,1,,,ChargePoint Network,https://www.chargepoint.com,GPS,38.890612,-77.185269,2026-06-08,429536,2026-06-08 03:19:45 UTC,,,,2025-10-07,,,,,J1772,US,,,,Public,,public,,,,,,,,,,,,,,,,,,,,false,,,,,,,,,false,
ELEC,MODERA FALLS 1-25,1033 West Broad Street,Retail spot 1-25,Falls Church,VA,22046,,888-758-4389,E,,Public,24 hours daily,,,,,,1,,,ChargePoint Network,https://www.chargepoint.com,GPS,38.890932,-77.185469,2026-06-08,429537,2026-06-08 03:19:48 UTC,,,,2025-10-07,,,,,J1772,US,,,,Public,,public,,,,,,,,,,,,,,,,,,,,false,,,,,,,,,false,
ELEC,MODERA FALLS G2-22,1033 West Broad Street,Next to bike storage,Falls Church,VA,22046,,888-758-4389,E,,Public,24 hours daily,,,,,,1,,,ChargePoint Network,https://www.chargepoint.com,GPS,38.890721,-77.185081,2026-06-08,429538,2026-06-08 03:19:49 UTC,,,,2025-10-07,,,,,J1772,US,,,,Public,,public,,,,,,,,,,,,,,,,,,,,false,,,,,,,,,false,
ELEC,MODERA FALLS G2-48,1033 West Broad Street,G2-48,Falls Church,VA,22046,,888-758-4389,E,,Public,24 hours daily,,,,,,1,,,ChargePoint Network,https://www.chargepoint.com,GPS,38.890836,-77.185142,2026-06-08,429539,2026-06-08 03:19:49 UTC,,,,2025-10-07,,,,,J1772,US,,,,Public,,public,,,,,,,,,,,,,,,,,,,,false,,,,,,,,,false,
ELEC,MODERA FALLS G2-78,1033 West Broad Street,G2-76,Falls Church,VA,22046,,888-758-4389,E,,Public,24 hours daily,,,,,,1,,,ChargePoint Network,https://www.chargepoint.com,GPS,38.890859,-77.185135,2026-06-08,429540,2026-06-08 03:19:49 UTC,,,,2025-10-07,,,,,J1772,US,,,,Public,,public,,,,,,,,,,,,,,,,,,,,false,,,,,,,,,false,
ELEC,BLUE RIDGE CHILDRENSMUSEUM,201 Short St,access from alleyway,Waynesboro,VA,22980,,888-758-4389,E,,Public,24 hours daily,,,,,,2,,,ChargePoint Network,https://www.chargepoint.com,GPS,38.066314,-78.886664,2026-06-08,429825,2026-06-08 03:20:24 UTC,,,,2025-10-14,,,,,J1772,US,,,,Public,,public,,,,,,,,,,,,,,,,,,,,false,,,,,,,,,false,
ELEC,USPA AFPQO000001JHLT,5401 Southpoint Centre Boulevard,,Fredericksburg,VA,22407,,888-758-4389,E,,Public,24 hours daily,,,,,,2,,,ChargePoint Network,https://www.chargepoint.com,GPS,38.23044,-77.49944,2026-06-08,429879,2026-06-08 03:20:08 UTC,,,,2025-10-15,,,,,J1772,US,,,,Public,,public,,,,,,,,,,,,,,,,,,,,false,,,,,,,,,false,
ELEC,York-Poquoson Law Enforcement Building,157 Goodwin Neck Rd,,Yorktown,VA,23692,,757-890-3750,E,,Public,24 hours daily,,,,,,6,,,Blink Network,https://blinkcharging.com,200-8,37.17805,-76.4705,2025-11-13,430010,2026-02-02 23:16:24 UTC,LG,,,2024-05-01,,,,,J1772,US,,,,Public,,public,,,MUNI_GOV,,,,,,,Free,,,,,,,,,,false,,,,,,,,LD,false,
ELEC,Plannning And Development,100 County Dr,,Yorktown,VA,23692,,757-890-3750,E,,Public,24 hours daily,,,,,,4,,,Blink Network,https://blinkcharging.com,200-8,37.18364,-76.46495,2025-11-13,430011,2026-02-02 23:16:24 UTC,LG,,,2024-05-01,,,,,J1772,US,,,,Public,,public,,,MUNI_GOV,,,,,,,Free,,,,,,,,,,false,,,,,,,,LD,false,
ELEC,Operations,201 Operations Dr,,Yorktown,VA,23692,,757-890-3750,E,,Public,24 hours daily; for fleet and employee use only,,,,,,4,,,Blink Network,https://blinkcharging.com,200-8,37.18467,-76.46517,2025-11-13,430012,2026-02-02 23:16:24 UTC,LG,,,2021-10-25,,,,,J1772,US,,,,Public,,public,,,MUNI_GOV,,,,,,,Free,,,,,,,,,,true,,,,,,,,MD,true,
ELEC,ARLINGTON PS ARLINGTON 1,5241 36th St N,Parking Lot,Arlington,VA,22207,,888-758-4389,E,,Public,"Mon: 12:00am-7:00am, 4:00pm-11:59pm; Tue: 12:00am-7:00am, 4:00pm-11:59pm; Wed: 12:00am-7:00am, 4:00pm-11:59pm; Thu: 12:00am-7:00am, 4:00pm-11:59pm; Fri: 12:00am-7:00am, 4:00pm-11:59pm; Sat: 12:00am-11:59pm; Sun: 12:00am-11:59pm",,,,,,2,,,ChargePoint Network,https://www.chargepoint.com,GPS,38.908367,-77.147616,2026-06-09,433979,2026-06-09 01:13:07 UTC,,,,2025-10-18,,,,,J1772,US,,,,Public,,public,,,,,,,,,,,,,,,,,,,,false,,,,,,,,,false,
ELEC,Pilot Travel Center 4642,1014 Mt. Olive Road,,Tom's Brook,VA,22660,,877-455-3833,E,,Public,24 hours daily,,,,,,,4,,eVgo Network,https://www.evgo.com,GPS,38.967018,-78.43865,2026-06-08,434131,2026-06-09 00:00:02 UTC,,,,2025-10-23,,,,,J1772COMBO,US,,,,Public,,public,,,,,,,,,,,,,,,,,,,,false,,,,,,,,,false,
ELEC,Pilot Travel Center 159,6721 Emmaus Church Road,,Tallysville,VA,23140,,877-455-3833,E,,Public,24 hours daily,,,,,,,4,,eVgo Network,https://www.evgo.com,GPS,37.49997,-77.08942,2026-06-08,434132,2026-06-09 00:00:13 UTC,,,,2025-10-23,,,,,J1772COMBO,US,,,,Public,,public,,,,,,,,,,,,,,,,,,,,false,,,,,,,,,false,
ELEC,LOUDOUN COUNTY MOOREFIELD 1,43240 Clarendon Square,Parks and Rec,Ashburn,VA,20148,,888-758-4389,E,,Public,24 hours daily,,,,,,2,,,ChargePoint Network,https://www.chargepoint.com,GPS,38.997202,-77.507767,2026-06-08,434157,2026-06-08 03:20:26 UTC,,,,2025-10-23,,,,,J1772,US,,,,Public,,public,,,,,,,,,,,,,,,,,,,,false,,,,,,,,,false,
ELEC,LOUDOUN COUNTY MOOREFIELD 2,43240 Clarendon Square,Parks and Rec,Ashburn,VA,20148,,888-758-4389,E,,Public,24 hours daily,,,,,,2,,,ChargePoint Network,https://www.chargepoint.com,GPS,38.997197,-77.507837,2026-06-08,434158,2026-06-08 03:20:27 UTC,,,,2025-10-23,,,,,J1772,US,,,,Public,,public,,,,,,,,,,,,,,,,,,,,false,,,,,,,,,false,
ELEC,Wawa - Tesla Supercharger,3199 S Crater Rd,,Petersburg,VA,23805,,877-798-3752,E,,Public,24 hours daily,A D Debit M V,,,,,,12,,Tesla,https://www.tesla.com/supercharger,GPS,37.189708,-77.370226,2025-11-13,434867,2026-02-02 23:16:24 UTC,P,,,2025-10-24,,,,,TESLA,US,,,,Public,,public,,,GAS_STATION,,,,,,,,,,,,,,,,,false,,,,,,,,LD,false,
ELEC,Wawa - Tesla Supercharger,45950 Russell Branch Pkwy,,Sterling,VA,20166,,877-798-3752,E,,Public,24 hours daily,A D Debit M V,,,,,,12,,Tesla,https://www.tesla.com/supercharger,GPS,39.028647,-77.435699,2025-11-13,434873,2026-02-02 23:16:24 UTC,P,,,2025-10-24,,,,,TESLA,US,,,,Public,,public,,,CONVENIENCE_STORE,,,,,,,,,,,,,,,,,false,,,,,,,,LD,false,
ELEC,MODERA FALLS G3-8,1033 West Broad Street,G3-8,Falls Church,VA,22046,,888-758-4389,E,,Public,24 hours daily,,,,,,1,,,ChargePoint Network,https://www.chargepoint.com,GPS,38.890722,-77.185271,2026-06-08,434920,2026-06-08 03:19:46 UTC,,,,2025-10-28,,,,,J1772,US,,,,Public,,public,,,,,,,,,,,,,,,,,,,,false,,,,,,,,,false,
ELEC,818 E Jefferson St,818 E Jefferson St N,,Charlottesville,VA,22902,,844-437-7275,E,,Public,24 hours daily,,,,,,2,,,ENVIROSPARK,https://envirosparkenergy.com,200-8,38.03039,-78.47505,2025-11-13,437917,2026-03-31 19:37:47 UTC,P,,,2024-01-31,,,,,J1772,US,,,,Public,,public,,,OFFICE_BLDG,,,,,,,Free,,,,,,,,,,false,,,,,,,,LD,false,
ELEC,Holiday Inn Richmond,8008 W Broad St,,Henrico,VA,23294,,844-437-7275,E,,Public,24 hours daily; for guest use only,,,,,,6,,,ENVIROSPARK,https://envirosparkenergy.com,200-8,37.62624,-77.52825,2025-11-13,438191,2026-03-31 19:37:47 UTC,P,,,2024-11-30,,,,,J1772,US,,,,Public,,public,,,HOTEL,,,,,,,$0.40 per kWh,,,,,,,,,,true,,,,,,,,LD,false,
ELEC,Candlewood Suites Glen Allen,10609 Telegraph Rd,,Glen Allen,VA,23059,,844-437-7275,E,,Public,24 hours daily; for guest use only,,,,,,4,,,ENVIROSPARK,https://envirosparkenergy.com,200-8,37.67452,-77.44945,2025-11-13,439309,2026-03-31 19:37:47 UTC,P,,,2024-11-30,,,,,J1772,US,,,,Public,,public,,,HOTEL,,,,,,,$0.40 per kWh,,,,,,,,,,true,,,,,,,,LD,false,
ELEC,Comfort Suites Glen Allen,10601 Telegraph Rd,,Glen Allen,VA,23059,,844-437-7275,E,,Public,24 hours daily; for guest use only,,,,,,2,,,ENVIROSPARK,https://envirosparkenergy.com,200-8,37.67449,-77.45015,2025-11-13,439343,2026-03-31 19:37:47 UTC,P,,,2024-11-30,,,,,J1772,US,,,,Public,,public,,,HOTEL,,,,,,,$0.40 per kWh,,,,,,,,,,true,,,,,,,,LD,false,
ELEC,Country Inn Richmond,8010 W Broad St,,Henrico,VA,23294,,844-437-7275,E,,Public,24 hours daily; for guest use only,,,,,,3,,,ENVIROSPARK,https://envirosparkenergy.com,200-8,37.62588,-77.5273,2025-11-13,439349,2026-03-31 19:37:47 UTC,P,,,2024-11-30,,,,,J1772,US,,,,Public,,public,,,HOTEL,,,,,,,$0.40 per kWh,,,,,,,,,,true,,,,,,,,LD,false,
ELEC,Wingate By Wyndham Dublin,5094 State Park Rd,,Dublin,VA,24084,,844-437-7275,E,,Public,24 hours daily; for guest use only,,,,,,2,,,ENVIROSPARK,https://envirosparkenergy.com,200-8,37.08367,-80.64804,2025-11-13,439410,2026-03-31 19:37:47 UTC,P,,,2024-11-30,,,,,J1772,US,,,,Public,,public,,,HOTEL,,,,,,,$0.40 per kWh,,,,,,,,,,true,,,,,,,,LD,false,
ELEC,1655 Fort Myer Drive,1655 North Fort Myer Drive,,Arlington,VA,22209,,888-998-2546,E,,Public,24 hours daily,,,,,,2,,,Blink Network,https://blinkcharging.com,GPS,38.89403913063476,-77.0716477904029,2026-06-09,439660,2026-06-09 00:30:43 UTC,,,,2025-09-26,,,,,J1772,US,,,,Public,,public,,,,,,,,,,,,,,,,,,,,false,,,,,,,,,false,
ELEC,Southern CDJR - Norfolk,2747 N Military Hwy,,Norfolk,VA,23513,,888-717-4544,E,,Public,24 hours daily,,,,,,6,4,,CHARGESMART_EV,https://chargesmartev.com,GPS,36.8846,-76.21717,2026-06-09,440831,2026-06-09 04:36:15 UTC,,,,2025-11-11,,,,,J1772 J1772COMBO,US,,,,Public,,public,,,,,,,,,,,,,,,,,,,,false,,,,,,,,,false,
ELEC,Duncan Ford Lincoln,125 Jennelle Road,,Blacksburg,VA,24060,,313-262-6722,E,,Public,,,,,,,,2,,RED_E,https://www.redecharge.com,GPS,37.18009,-80.41106,2026-06-09,440973,2026-06-09 05:12:57 UTC,,,,2025-11-03,,,,,J1772COMBO,US,,,,Public,,public,,,PUBLIC,,,,,,,,,,,,,,,,,false,,,,,,,,,false,
ELEC,NCRO: WOTR-CIRCLE PARKING AREA,1551 Trap Rd,,Vienna,VA,22182,,,E,,Public,Contact station for availability,,,,,,2,,,Non-Networked,,GPS,38.9381,-77.2652,2025-12-12,442995,2026-02-02 23:16:24 UTC,FG,16,Department of the Interior,2025-08-05,,,,,NEMA1450,US,,,,Public,,public,,DOI,FED_GOV,,,,,,,,,,,,,,,,,false,,,,,,,,LD,true,
ELEC,NERO: SHEN - 2,"Skyline Dr, Milepost 51",,Madison,VA,22727,,,E,,Public,Contact station for availability,,,,,,1,,,Non-Networked,,GPS,38.5179,-78.4372,2025-12-12,443003,2026-02-02 23:16:24 UTC,FG,16,Department of the Interior,2025-08-05,,,,,NEMA1450,US,,,,Public,,public,,DOI,FED_GOV,,,,,,,,,,,,,,,,,false,,,,,,,,LD,true,
ELEC,Festival at Manchester Lakes - Tesla Supercharger,7005 Manchester Blvd,,Franconia,VA,22310,,877-798-3752,E,,Public,24 hours daily,A D Debit M V,,,,,,12,,Tesla,https://www.tesla.com/supercharger,GPS,38.765165,-77.153427,2025-12-12,445755,2026-02-02 23:16:24 UTC,P,,,2025-11-14,,,,,TESLA,US,,,,Public,,public,,,SHOPPING_CENTER,,,,,,,,,,,,,,,,,false,,,,,,,,LD,false,
ELEC,EATON SQ #2-EATON SQUARE,801 Four Mile Road,Side Parking lot of Club House,Alexandria,VA,22305,,888-758-4389,E,,Public,24 hours daily,,,,,,2,,,ChargePoint Network,https://www.chargepoint.com,GPS,38.843355,-77.069674,2026-06-08,445885,2026-06-08 03:21:54 UTC,,,,2025-11-18,,,,,J1772,US,,,,Public,,public,,,,,,,,,,,,,,,,,,,,false,,,,,,,,,false,
ELEC,EATON SQ #1-EATON SQUARE,801 Four Mile Road,Side Parking lot of Club House,Alexandria,VA,22305,,888-758-4389,E,,Public,24 hours daily,,,,,,2,,,ChargePoint Network,https://www.chargepoint.com,GPS,38.843323,-77.069587,2026-06-08,445886,2026-06-08 03:21:55 UTC,,,,2025-11-18,,,,,J1772,US,,,,Public,,public,,,,,,,,,,,,,,,,,,,,false,,,,,,,,,false,
ELEC,4EverCharge Station,3600 Jefferson Ave,,Newport News,VA,23607,,833-346-5982,E,,Public,24 hours daily,A D Debit M V,,,,,,4,,Non-Networked,,GPS,36.988912,-76.424682,2025-12-12,446142,2026-02-02 23:16:24 UTC,P,,,2025-11-21,,,,,J1772COMBO,US,,,,Public,,public,,,PARKING_LOT,,,,,,,$0.49 per kWh,,,,,,,,,,false,,,,,,,,LD,false,
ELEC,LUXE360 LUXE 360 # ADA,14650 Luxe Ctr Dr,,Midlothian,VA,23114,,888-758-4389,E,,Public,24 hours daily,,,,,,2,,,ChargePoint Network,https://www.chargepoint.com,GPS,37.470357,-77.663008,2026-06-08,446272,2026-06-08 03:21:58 UTC,,,,2025-11-22,,,,,J1772,US,,,,Public,,public,,,,,,,,,,,,,,,,,,,,false,,,,,,,,,false,
ELEC,AMA Conference Center - Tesla Supercharger,2345 Crystal Dr,,Arlington,VA,22202,,877-798-3752,E,,Public,24 hours daily. Please check Tesla's online station map to see if an adapter is required at this location.,A D Debit M V,,,,,,12,,Tesla,https://www.tesla.com/supercharger,GPS,38.8532594860772,-77.0485830032217,2025-12-12,446605,2026-02-02 23:16:24 UTC,P,,,2025-11-27,,,,,TESLA,US,,,,Public,,public,,,CONVENTION_CENTER,,,,,,,,,,,,,,,,,false,,,,,,,,LD,false,
ELEC,CMA of Hyundai of Winchester - Series,3951 Valley Pike,,Winchester,VA,22602,,888-998-2546,E,,Public,24 hours daily,,,,,,2,,,Blink Network,https://blinkcharging.com,GPS,39.11790920897082,-78.19711840332897,2026-06-09,446647,2026-06-09 00:25:37 UTC,,,,2025-12-01,,,,,J1772,US,,,,Public,,public,,,,,,,,,,,,,,,,,,,,false,,,,,,,,,false,
ELEC,OBE LANGHORNE LEFT,2125 Langhorne Road,"By using this EV charger, you agree OBE Power owns and operates it, keeping all environmental attributes, including carbon credits.",Lynchburg,VA,24501,,888-758-4389,E,,Public,24 hours daily,,,,,,2,,,ChargePoint Network,https://www.chargepoint.com,GPS,37.412963,-79.177978,2026-06-08,446672,2026-06-08 03:22:34 UTC,,,,2025-12-02,,,,,J1772,US,,,,Public,,public,,,,,,,,,,,,,,,,,,,,false,,,,,,,,,false,
ELEC,OBE LANGHORNE RIGHT,2125 Langhorne Road,"By using this EV charger, you agree OBE Power owns and operates it, keeping all environmental attributes, including carbon credits.",Lynchburg,VA,24501,,888-758-4389,E,,Public,24 hours daily,,,,,,2,,,ChargePoint Network,https://www.chargepoint.com,GPS,37.412942,-79.177983,2026-06-08,446673,2026-06-08 03:22:34 UTC,,,,2025-12-02,,,,,J1772,US,,,,Public,,public,,,,,,,,,,,,,,,,,,,,false,,,,,,,,,false,
ELEC,"Ashland, VA Rechargery @ Wawa - N Washington Hwy",100 N Washington Hwy,,Ashland,VA,23005,,833-466-2474,E,,Public,24 hours daily,,,,,,,8,,IONNA,https://www.ionna.com,GPS,37.75886,-77.473064,2026-06-09,446874,2026-06-09 05:03:46 UTC,,,,2025-12-04,,,,,J1772COMBO TESLA,US,,,,Public,,public,,,,,,,,,,,,,,,,,,,,false,,,,,,,,,false,
ELEC,Wawa - Tesla Supercharger,772 J. Clyde Morris Blvd,,Newport News,VA,23601,,877-798-3752,E,,Public,24 hours daily,A D Debit M V,,,,,,12,,Tesla,https://www.tesla.com/supercharger,GPS,37.081127,-76.459406,2025-12-12,446898,2026-02-02 23:16:24 UTC,P,,,2025-12-05,,,,,TESLA,US,,,,Public,,public,,,GAS_STATION,,,,,,,,,,,,,,,,,false,,,,,,,,LD,false,
ELEC,HARK VINEYARDS STATION 1,1465 Davis Shop Rd,Open during tasting room business hours - Check Google Maps,Earlysville,VA,22936,,888-758-4389,E,,Public,24 hours daily,,,,,,2,,,ChargePoint Network,https://www.chargepoint.com,GPS,38.214374,-78.550123,2026-06-08,446950,2026-06-08 03:16:45 UTC,,,,2025-12-07,,,,,J1772,US,,,,Public,,public,,,,,,,,,,,,,,,,,,,,false,,,,,,,,,false,
ELEC,WEST CREEK WATKINS CENTER,15300 E W Rd,,Midlothian,VA,23114,,888-758-4389,E,,Public,24 hours daily,,,,,,2,,,ChargePoint Network,https://www.chargepoint.com,GPS,37.508785,-77.692349,2026-06-08,447246,2026-06-08 03:21:51 UTC,,,,2025-12-11,,,,,J1772,US,,,,Public,,public,,,,,,,,,,,,,,,,,,,,false,,,,,,,,,false,
ELEC,Duncan Ford Chrysler Dodge Jeep Ram,19999 Virgil H Goode Highway,,Rocky Mount,VA,24151,,313-262-6722,E,,Public,,,,,,,,2,,RED_E,https://www.redecharge.com,GPS,37.06895,-79.89386,2026-06-09,447281,2026-06-09 05:13:07 UTC,,,,2025-12-10,,,,,J1772COMBO,US,,,,Public,,public,,,PUBLIC,,,,,,,,,,,,,,,,,false,,,,,,,,,false,
ELEC,"Target T1019 (Glen Allen, VA)",10100 Brook Rd,,Glen Allen,VA,23059,,833-632-2778,E,,Public,24 hours daily,,,,,,,10,,Electrify America,https://www.electrifyamerica.com,GPS,37.67391,-77.46163,2026-06-09,447432,2026-06-09 03:20:30 UTC,,,,2025-12-13,,,,,J1772COMBO,US,,,,Public,,public,,,,,,,,,,,,,,,,,,,,false,,,,,,,,,false,
ELEC,OBE HILTON RICHMO L,12042 West Broad Street,"By using this EV charger, you agree OBE Power owns and operates it, keeping all environmental attributes, including carbon credits.",Richmond,VA,23233,,888-758-4389,E,,Public,24 hours daily,,,,,,2,,,ChargePoint Network,https://www.chargepoint.com,GPS,37.659089,-77.627913,2026-06-08,447925,2026-06-08 03:23:55 UTC,,,,2025-12-19,,,,,J1772,US,,,,Public,,public,,,,,,,,,,,,,,,,,,,,false,,,,,,,,,false,
ELEC,OBE HILTON RICHMO R,12042 West Broad Street,"By using this EV charger, you agree OBE Power owns and operates it, keeping all environmental attributes, including carbon credits.",Richmond,VA,23233,,888-758-4389,E,,Public,24 hours daily,,,,,,2,,,ChargePoint Network,https://www.chargepoint.com,GPS,37.659125,-77.627826,2026-06-08,447926,2026-06-08 03:23:55 UTC,,,,2025-12-19,,,,,J1772,US,,,,Public,,public,,,,,,,,,,,,,,,,,,,,false,,,,,,,,,false,
ELEC,CAPITAL ONE GRG 2NDFLR,1820 Capital One Drive South,,Tysons,VA,22102,,888-758-4389,E,,Public,24 hours daily,,,,,,2,,,ChargePoint Network,https://www.chargepoint.com,GPS,38.925357,-77.211129,2026-06-08,448099,2026-06-08 03:20:25 UTC,,,,2025-12-20,,,,,J1772,US,,,,Public,,public,,,,,,,,,,,,,,,,,,,,false,,,,,,,,,false,
ELEC,Barcroft Plaza,6345 Columbia Pike,,Falls Church,VA,22041,,877-455-3833,E,,Public,24 hours daily,,,,,,,2,,eVgo Network,https://www.evgo.com,GPS,38.836189,-77.1561605,2026-06-08,448316,2026-06-09 00:00:10 UTC,,,,2025-12-25,,,,,J1772COMBO,US,,,,Public,,public,,,,,,,,,,,,,,,,,,,,false,,,,,,,,,false,
ELEC,Old Keene Mill Shopping Center,8424 Old Keene Mill Rd,,Springfield,VA,22152,,877-455-3833,E,,Public,24 hours daily,,,,,,,2,,eVgo Network,https://www.evgo.com,GPS,38.7788992,-77.2368192,2026-06-08,448318,2026-06-09 00:00:11 UTC,,,,2025-12-25,,,,,J1772COMBO,US,,,,Public,,public,,,,,,,,,,,,,,,,,,,,false,,,,,,,,,false,
ELEC,Mount Vernon Plaza,7694 Richmond Hwy,,Alexandria,VA,22306,,877-455-3833,E,,Public,24 hours daily,,,,,,,4,,eVgo Network,https://www.evgo.com,GPS,38.7511265,-77.0845374,2026-06-08,448319,2026-06-09 00:00:11 UTC,,,,2025-12-25,,,,,J1772COMBO,US,,,,Public,,public,,,,,,,,,,,,,,,,,,,,false,,,,,,,,,false,
ELEC,Center Shops,742 W 21st St,,Norfolk,VA,23517,,877-455-3833,E,,Public,24 hours daily,,,,,,,2,,eVgo Network,https://www.evgo.com,GPS,36.8711902,-76.2949152,2026-06-08,448320,2026-06-09 00:00:12 UTC,,,,2025-12-25,,,,,J1772COMBO,US,,,,Public,,public,,,,,,,,,,,,,,,,,,,,false,,,,,,,,,false,
ELEC,Willow Lawn,1601 Willow Lawn Dr,,Richmond,VA,23230,,877-455-3833,E,,Public,24 hours daily,,,,,,,2,,eVgo Network,https://www.evgo.com,GPS,37.5834735,-77.4962956,2026-06-08,448321,2026-06-09 00:00:12 UTC,,,,2025-12-25,,,,,J1772COMBO,US,,,,Public,,public,,,,,,,,,,,,,,,,,,,,false,,,,,,,,,false,
ELEC,Cave Spring Corners,3971 Brambleton Ave,,Roanoke,VA,24018,,877-455-3833,E,,Public,24 hours daily,,,,,,,4,,eVgo Network,https://www.evgo.com,GPS,37.233702,-80.007721,2026-06-08,448322,2026-06-09 00:00:12 UTC,,,,2025-12-25,,,,,CHADEMO J1772COMBO,US,,,,Public,,public,,,,,,,,,,,,,,,,,,,,false,,,,,,,,,false,
ELEC,WINCHESTER MED SYSTEM SUPPORT,220 Campus Boulevard,System Support Building,Winchester,VA,22601,,888-758-4389,E,,Public,24 hours daily,,,,,,2,,,ChargePoint Network,https://www.chargepoint.com,GPS,39.197517,-78.192213,2026-06-08,448514,2026-06-08 03:24:29 UTC,,,,2026-01-01,,,,,J1772,US,,,,Public,,public,,,,,,,,,,,,,,,,,,,,false,,,,,,,,,false,
ELEC,Pilot Travel Center 384,2126 Ruffin Mill Road,,Richmond,VA,23834,,877-455-3833,E,,Public,24 hours daily,,,,,,,6,,eVgo Network,https://www.evgo.com,GPS,37.31097,-77.3916,2026-06-08,448770,2026-06-08 23:59:57 UTC,,,,2026-01-06,,,,,J1772COMBO,US,,,,Public,,public,,,,,,,,,,,,,,,,,,,,false,,,,,,,,,false,
ELEC,Kalispel - DCFC,100 S Industry Drive Suite C,,Airway Heights,VA,99001,,855-885-9571,E,,Public,24 hours daily,,,,,,,2,,OpConnect,https://opconnect-ev.com,GPS,37.4315734,-78.6568942,2026-06-09,449036,2026-06-09 03:26:26 UTC,,,,2026-01-08,,,,,J1772COMBO,US,,,,Public,,public,,,,,,,,,,,,,,,,,,,,false,,,,,,,,,false,
ELEC,HARK VINEYARDS STATION 2,1465 Davis Shop Rd,Open during tasting room business hours - Check Google Maps,Earlysville,VA,22936,,888-758-4389,E,,Public,24 hours daily,,,,,,2,,,ChargePoint Network,https://www.chargepoint.com,GPS,38.214315,-78.550206,2026-06-08,449136,2026-06-08 03:24:48 UTC,,,,2026-01-09,,,,,J1772,US,,,,Public,,public,,,,,,,,,,,,,,,,,,,,false,,,,,,,,,false,
ELEC,Wawa - Tesla Supercharger,1270 Temple Ave,,Colonial Heights,VA,23834,,877-798-3752,E,,Public,24 hours daily,A D Debit M V,,,,,,12,,Tesla,https://www.tesla.com/supercharger,GPS,37.254665,-77.38406,2026-05-12,449184,2026-05-12 14:51:56 UTC,P,,,2026-01-09,,,,,TESLA,US,,,,Public,,public,,,GAS_STATION,,,,,,,$0.51 per kWh,,,,,,,,,,false,,,,,,,,LD,false,
ELEC,Wawa - Tesla Supercharger,12093 Jefferson Ave,,Newport News,VA,23606,,877-798-3752,E,,Public,24 hours daily,A D Debit M V,,,,,,12,,Tesla,https://www.tesla.com/supercharger,GPS,37.100478,-76.492675,2026-05-12,449192,2026-05-12 14:51:56 UTC,P,,,2026-01-09,,,,,TESLA,US,,,,Public,,public,,,GAS_STATION,,,,,,,$0.62 per kWh,,,,,,,,,,false,,,,,,,,LD,false,
ELEC,Lynchburg Nissan,18588 Forest Rd,,Forest,VA,24551,,434-385-7733,E,,Public,Dealership business hours,,,,,,3,,,Non-Networked,,GPS,37.386059,-79.243614,2026-01-13,449393,2026-02-02 23:16:24 UTC,P,,,2012-06-05,,,,,J1772,US,,,,Public,,public,,,CAR_DEALER,,,,,,,Free,,,,,,,,,,true,,,,,,,,LD,false,
ELEC,Hart Nissan,6564 Mechanicsville Pike,,Mechanicsville,VA,23111,,,E,,Public,24 hours daily,,,,,,2,,,Non-Networked,,GPS,37.61328,-77.335851,2026-01-13,449404,2026-02-02 23:16:24 UTC,P,,,2017-02-21,,,,,J1772,US,,,,Public,,public,,,CAR_DEALER,,,,,,,Free,,,,,,,,,,true,,,,,,,,LD,false,
ELEC,Hart Nissan,6564 Mechanicsville Pike,,Mechanicsville,VA,23111,,,E,,Public,24 hours daily,,,,,,,1,,IN_CHARGE,https://inchargeus.com,GPS,37.61328,-77.335851,2026-01-13,449405,2026-02-02 23:16:24 UTC,P,,,2017-02-21,,,,,CHADEMO J1772COMBO,US,,,,Public,,public,,,CAR_DEALER,,,,,,,Free,,,,,,,,,,true,,,,,,,,LD,false,
ELEC,TRU BRISTOL TRU BRISTOL 1,51 Centre Point Drive,,Bristol,VA,37620,,888-758-4389,E,,Public,24 hours daily,,,,,,1,,,ChargePoint Network,https://www.chargepoint.com,GPS,36.59482,-82.241428,2026-06-08,449520,2026-06-08 03:16:20 UTC,,,,2026-01-15,,,,,J1772,US,,,,Public,,public,,,,,,,,,,,,,,,,,,,,false,,,,,,,,,false,
ELEC,PW LOT STATION 1,6000 Avery Point Way,,Richmond,VA,23233,,888-758-4389,E,,Public,24 hours daily,,,,,,2,,,ChargePoint Network,https://www.chargepoint.com,GPS,37.65056,-77.65257,2026-06-08,449552,2026-06-08 03:25:01 UTC,,,,2026-01-15,,,,,J1772,US,,,,Public,,public,,,,,,,,,,,,,,,,,,,,false,,,,,,,,,false,
ELEC,LASSITER WAY POLICE-PUBLIC,65 Plaza Street Northeast,The station is in the back corner of the public lot,Leesburg,VA,20176,,888-758-4389,E,,Public,24 hours daily,,,,,,2,,,ChargePoint Network,https://www.chargepoint.com,GPS,39.110683,-77.548237,2026-06-08,449575,2026-06-08 03:25:24 UTC,,,,2026-01-15,,,,,J1772,US,,,,Public,,public,,,,,,,,,,,,,,,,,,,,false,,,,,,,,,false,
ELEC,TRU BRISTOL TRU BRISTOL 2,51 Centre Point Drive,Front of Hotel,Bristol,VA,37620,,888-758-4389,E,,Public,24 hours daily,,,,,,1,,,ChargePoint Network,https://www.chargepoint.com,GPS,36.594829,-82.241388,2026-06-08,449595,2026-06-08 03:25:31 UTC,,,,2026-01-15,,,,,J1772,US,,,,Public,,public,,,,,,,,,,,,,,,,,,,,false,,,,,,,,,false,
ELEC,Norfolk,6163 Kempsville Circle,,Norfolk,VA,23502,,888-998-2546,E,,Public,24 hours daily,,,,,,6,,,Blink Network,https://blinkcharging.com,GPS,36.85012154150322,-76.19382856127346,2026-06-09,449855,2026-06-09 00:20:02 UTC,,,,2025-04-30,,,,,J1772,US,,,,Public,,public,,,,,,,,,,,,,,,,,,,,false,,,,,,,,,false,
ELEC,VCU ATHLETICS VCU-VILLAGE,1600 Rhoadmiller St,,Richmond,VA,23220,,888-758-4389,E,,Public,24 hours daily,,,,,,2,,,ChargePoint Network,https://www.chargepoint.com,GPS,37.567345,-77.458115,2026-06-08,449998,2026-06-08 03:25:29 UTC,,,,2026-01-23,,,,,J1772,US,,,,Public,,public,,,,,,,,,,,,,,,,,,,,false,,,,,,,,,false,
ELEC,TUGGLES GAP CHARGER#1,3351 Parkway Ln S,,Floyd,VA,24091,,888-758-4389,E,,Public,24 hours daily,,,,,,2,,,ChargePoint Network,https://www.chargepoint.com,GPS,36.839655,-80.320667,2026-06-08,450115,2026-06-08 03:19:37 UTC,,,,2026-01-27,,,,,J1772,US,,,,Public,,public,,,,,,,,,,,,,,,,,,,,false,,,,,,,,,false,
ELEC,Wawa - Tesla Supercharger,1215 Seminole Trail,,Charlottesville,VA,22901,,877-798-3752,E,,Public,24 hours daily,A D Debit M V,,,,,,8,,Tesla,https://www.tesla.com/supercharger,GPS,38.06900125,-78.48345437,2026-02-13,450424,2026-02-13 16:34:38 UTC,P,,,2026-01-30,,,,,TESLA,US,,,,Public,,public,,,GAS_STATION,,,,,,,$0.62 per kWh,,,,,,,,,,false,,,,,,,,LD,false,
ELEC,"Gainesville, VA Rechargery Relay @ Sheetz - New Stable Way",7201 New Stable Way,,Gainesville,VA,20155,,833-466-2474,E,,Public,24 hours daily,,,,,,,6,,IONNA,https://www.ionna.com,GPS,38.801804,-77.588114,2026-06-09,450490,2026-06-09 05:03:50 UTC,,,,2026-02-01,,,,,J1772COMBO TESLA,US,,,,Public,,public,,,,,,,,,,,,,,,,,,,,false,,,,,,,,,false,
ELEC,LOUDOUN COUNTY BRAMBLETON 2,22377 Belmont Ridge Rd,,Ashburn,VA,20148,,888-758-4389,E,,Public,24 hours daily,,,,,,2,,,ChargePoint Network,https://www.chargepoint.com,GPS,38.997722,-77.532875,2026-06-08,450728,2026-06-08 03:26:10 UTC,,,,2026-02-04,,,,,J1772,US,,,,Public,,public,,,,,,,,,,,,,,,,,,,,false,,,,,,,,,false,
ELEC,LOUDOUN COUNTY BRAMBLETON 1,22377 Belmont Ridge Rd,,Ashburn,VA,20148,,888-758-4389,E,,Public,24 hours daily,,,,,,2,,,ChargePoint Network,https://www.chargepoint.com,GPS,38.997731,-77.532886,2026-06-08,450729,2026-06-08 03:26:10 UTC,,,,2026-02-04,,,,,J1772,US,,,,Public,,public,,,,,,,,,,,,,,,,,,,,false,,,,,,,,,false,
ELEC,Wawa - Tesla Supercharger,1031 Richmond Rd,,Staunton,VA,24401,,877-798-3752,E,,Public,24 hours daily,A D Debit M V,,,,,,12,,Tesla,https://www.tesla.com/supercharger,GPS,38.136224,-79.043975,2026-02-13,450793,2026-02-13 16:34:38 UTC,P,,,2026-02-06,,,,,TESLA,US,,,,Public,,public,,,GAS_STATION,,,,,,,$0.51 per kWh,,,,,,,,,,false,,,,,,,,LD,false,
ELEC,DUAL HOTEL CHESTNUT HILL 4,12600 Chestnut Hill Road,Hotel rear entrance,Chester,VA,23836,,888-758-4389,E,,Public,24 hours daily,,,,,,1,,,ChargePoint Network,https://www.chargepoint.com,GPS,37.357398,-77.401888,2026-06-08,450941,2026-06-08 03:15:45 UTC,,,,2026-02-10,,,,,J1772,US,,,,Public,,public,,,,,,,,,,,,,,,,,,,,false,,,,,,,,,false,
ELEC,DUAL HOTEL CHESTNUT HILL 2,12600 Chestnut Hill Road,Hotel rear entrance,Chester,VA,23836,,888-758-4389,E,,Public,24 hours daily,,,,,,1,,,ChargePoint Network,https://www.chargepoint.com,GPS,37.357314,-77.401714,2026-06-08,450942,2026-06-08 03:15:45 UTC,,,,2026-02-10,,,,,J1772,US,,,,Public,,public,,,,,,,,,,,,,,,,,,,,false,,,,,,,,,false,
ELEC,DUAL HOTEL CHESTNUT HILL 1,12600 Chestnut Hill Road,Hotel rear entrance,Chester,VA,23836,,888-758-4389,E,,Public,24 hours daily,,,,,,1,,,ChargePoint Network,https://www.chargepoint.com,GPS,37.357367,-77.401824,2026-06-08,450943,2026-06-08 03:15:46 UTC,,,,2026-02-10,,,,,J1772,US,,,,Public,,public,,,,,,,,,,,,,,,,,,,,false,,,,,,,,,false,
ELEC,LOUDOUN COUNTY GOV CTR 3,1 Harrison Street Southeast,Garage level 1,Leesburg,VA,20175,,888-758-4389,E,,Public,24 hours daily,,,,,,2,,,ChargePoint Network,https://www.chargepoint.com,GPS,39.114145,-77.563327,2026-06-08,450959,2026-06-08 03:26:21 UTC,,,,2026-02-10,,,,,J1772,US,,,,Public,,public,,,,,,,,,,,,,,,,,,,,false,,,,,,,,,false,
ELEC,LOUDOUN COUNTY GOV CTR 2,1 Harrison Street Southeast,Garage level 1,Leesburg,VA,20175,,888-758-4389,E,,Public,24 hours daily,,,,,,2,,,ChargePoint Network,https://www.chargepoint.com,GPS,39.114148,-77.563338,2026-06-08,450960,2026-06-08 03:26:21 UTC,,,,2026-02-10,,,,,J1772,US,,,,Public,,public,,,,,,,,,,,,,,,,,,,,false,,,,,,,,,false,
ELEC,LOUDOUN COUNTY GOV CTR 1,1 Harrison Street Southeast,Garage level 1,Leesburg,VA,20175,,888-758-4389,E,,Public,24 hours daily,,,,,,2,,,ChargePoint Network,https://www.chargepoint.com,GPS,39.114077,-77.563373,2026-06-08,450961,2026-06-08 03:26:21 UTC,,,,2026-02-10,,,,,J1772,US,,,,Public,,public,,,,,,,,,,,,,,,,,,,,false,,,,,,,,,false,
ELEC,YourSpace Hotel Chesapeake,2137 Starmount Parkway,,Chesapeake,VA,23321,,888-998-2546,E,,Public,24 hours daily,,,,,,8,,,Blink Network,https://blinkcharging.com,GPS,36.81755,-76.4407282,2026-06-09,450989,2026-06-09 00:45:11 UTC,,,,2026-02-10,,,,,J1772,US,,,,Public,,public,,,,,,,,,,,,,,,,,,,,false,,,,,,,,,false,
ELEC,BOLLING WILSON GRAZE ON MAIN,170 East Main Street,,Wytheville,VA,24382,,888-758-4389,E,,Public,24 hours daily,,,,,,2,,,ChargePoint Network,https://www.chargepoint.com,GPS,36.95047,-81.083663,2026-06-08,451007,2026-06-08 03:26:22 UTC,,,,2026-02-11,,,,,J1772,US,,,,Public,,public,,,,,,,,,,,,,,,,,,,,false,,,,,,,,,false,
ELEC,DUAL HOTEL CHESTNUT HILL 3,12600 Chestnut Hill Road,Hotel rear entrance,Chester,VA,23836,,888-758-4389,E,,Public,24 hours daily,,,,,,1,,,ChargePoint Network,https://www.chargepoint.com,GPS,37.357445,-77.401809,2026-06-08,451053,2026-06-08 03:15:45 UTC,,,,2026-02-12,,,,,J1772,US,,,,Public,,public,,,,,,,,,,,,,,,,,,,,false,,,,,,,,,false,
ELEC,Preston Ford of Keller,31066 Lankford Highway,,Keller,VA,23401,,888-998-2546,E,,Public,24 hours daily,,,,,,2,,,Blink Network,https://blinkcharging.com,GPS,37.619189229792916,-75.76393168990786,2026-06-09,451584,2026-06-09 00:31:14 UTC,,,,2026-02-18,,,,,J1772,US,,,,Public,,public,,,,,,,,,,,,,,,,,,,,false,,,,,,,,,false,
ELEC,ANTHEM INC NORFOLK 01,5800 Northampton Blvd,,Norfolk,VA,23502,,888-758-4389,E,,Public,24 hours daily,,,,,,2,,,ChargePoint Network,https://www.chargepoint.com,GPS,36.876395,-76.206041,2026-06-09,451589,2026-06-09 01:23:17 UTC,,,,2026-02-19,,,,,J1772,US,,,,Public,,public,,,,,,,,,,,,,,,,,,,,false,,,,,,,,,false,
ELEC,ANTHEM INC NORFOLK 02,5800 Northampton Blvd,,Norfolk,VA,23502,,888-758-4389,E,,Public,24 hours daily,,,,,,2,,,ChargePoint Network,https://www.chargepoint.com,GPS,36.876421,-76.205987,2026-06-09,451590,2026-06-09 01:30:47 UTC,,,,2026-02-19,,,,,J1772,US,,,,Public,,public,,,,,,,,,,,,,,,,,,,,false,,,,,,,,,false,
ELEC,GALLERY PARK GALLERY PARK 1,4825 A Bauhaus Square,Street Parking,Chantilly,VA,20151,,888-758-4389,E,,Public,24 hours daily,,,,,,2,,,ChargePoint Network,https://www.chargepoint.com,GPS,38.882681,-77.462565,2026-06-08,452308,2026-06-08 03:27:26 UTC,,,,2026-03-03,,,,,J1772,US,,,,Public,,public,,,,,,,,,,,,,,,,,,,,false,,,,,,,,,false,
ELEC,GALLERY PARK GALLERY PARK 2,4825 A Bauhaus Square,Street Parking,Chantilly,VA,20151,,888-758-4389,E,,Public,24 hours daily,,,,,,2,,,ChargePoint Network,https://www.chargepoint.com,GPS,38.88282,-77.46216,2026-06-08,452309,2026-06-08 03:27:27 UTC,,,,2026-03-03,,,,,J1772,US,,,,Public,,public,,,,,,,,,,,,,,,,,,,,false,,,,,,,,,false,
ELEC,Wynne Ford,1020 W Mercury Blvd,,Hampton,VA,23666,,888-357-1009,E,,Public,24 hours daily,,,,,,,4,,FORD_CHARGE,https://www.ford.com/support/category/electric-vehicle/charging/public-charging/,GPS,37.043976,-76.379706,2026-06-09,452394,2026-06-09 05:17:13 UTC,,,,2026-02-19,,,,,J1772COMBO,US,,,,Public,,public,,,PUBLIC,,,,,,,,,,,,,,,,,false,,,,,,,,,false,
ELEC,440 N Commerce Ave,440 N Commerce Ave,,Waynesboro,VA,22980,,888-807-4522,E,,Public,24 hours daily,,,,,,4,,,SYNERGEV,https://synergev.com,GPS,38.071768,-78.874423,2026-06-09,452463,2026-06-09 05:30:15 UTC,,,,2026-03-04,,,,,J1772,US,,,,Public,,public,,,,,,,,,,,,,,,,,,,,false,,,,,,,,,false,
ELEC,Windy Hill Key Parking,5400 Bernard Drive,,Roanoke,VA,24018,,888-807-4522,E,,Public,24 hours daily,,,,,,2,,,SYNERGEV,https://synergev.com,GPS,37.225597,-79.987612,2026-06-09,452489,2026-06-09 05:30:22 UTC,,,,2026-03-04,,,,,J1772,US,,,,Public,,public,,,,,,,,,,,,,,,,,,,,false,,,,,,,,,false,
ELEC,9999 Brook road. Glen Allen VA 23059,9999 Brook Road,,Glen Allen,VA,23059,,888-807-4522,E,,Public,24 hours daily,,,,,,,4,,SYNERGEV,https://synergev.com,GPS,37.6712,-77.460402,2026-06-09,452578,2026-06-09 05:30:44 UTC,,,,2026-03-04,,,,,J1772COMBO,US,,,,Public,,public,,,,,,,,,,,,,,,,,,,,false,,,,,,,,,false,
ELEC,OBE DOBTREE WBURG L,50 Kingsmill Road,"By using this EV charger, you agree OBE Power owns and operates it, keeping all environmental attributes, including carbon credits.",Williamsburg,VA,23185,,888-758-4389,E,,Public,24 hours daily,,,,,,2,,,ChargePoint Network,https://www.chargepoint.com,GPS,37.243005,-76.658362,2026-06-08,452703,2026-06-08 03:27:30 UTC,,,,2026-03-06,,,,,J1772,US,,,,Public,,public,,,,,,,,,,,,,,,,,,,,false,,,,,,,,,false,
ELEC,OBE DOBTREE WBURG R,50 Kingsmill Road,"By using this EV charger, you agree OBE Power owns and operates it, keeping all environmental attributes, including carbon credits.",Williamsburg,VA,23185,,888-758-4389,E,,Public,24 hours daily,,,,,,2,,,ChargePoint Network,https://www.chargepoint.com,GPS,37.243083,-76.658406,2026-06-08,452704,2026-06-08 03:27:30 UTC,,,,2026-03-06,,,,,J1772,US,,,,Public,,public,,,,,,,,,,,,,,,,,,,,false,,,,,,,,,false,
ELEC,OBE HOMEWOOD RICHMN,12810 Old Stage Road,"By using this EV charger, you agree OBE Power owns and operates it, keeping all environmental attributes, including carbon credits.",Chester,VA,23836,,888-758-4389,E,,Public,24 hours daily,,,,,,2,,,ChargePoint Network,https://www.chargepoint.com,GPS,37.352088,-77.397978,2026-06-08,452707,2026-06-08 03:27:32 UTC,,,,2026-03-06,,,,,J1772,US,,,,Public,,public,,,,,,,,,,,,,,,,,,,,false,,,,,,,,,false,
ELEC,Camden Fairfax Corner,4245 Summit Corner Dr,,Fairfax,VA,22030,,888-385-6671,E,,Public,24 hours daily,A ACCOUNT_BALANCE ANDROID_PAY APPLE_PAY D M V,,,,,2,,,LOOP,https://loopglobal.com,GPS,38.8592022696183,-77.3543344203921,2026-03-12,453192,2026-03-12 20:29:51 UTC,P,,,2025-06-19,,,,,J1772,US,,,,Public,,public,,,OTHER,,,,,,,$1 activation fee; $0.28 per kWh,,,,,,,,,,false,,,,,,,,LD,false,
ELEC,Echo Suites Sterling,46404 Benedict Dr,,Sterling,VA,20164,,888-385-6671,E,,Public,24 hours daily,A ACCOUNT_BALANCE ANDROID_PAY APPLE_PAY D M V,,,,,2,,,LOOP,https://loopglobal.com,GPS,39.02498,-77.39368,2026-03-12,453220,2026-03-12 20:29:51 UTC,P,,,2025-07-31,,,,,J1772,US,,,,Public,,public,,,OTHER,,,,,,,$1 activation fee; $0.50 per kWh,,,,,,,,,,false,,,,,,,,LD,false,
ELEC,Hilton Arlington Rosslyn The Key,1900 Ft Myer Dr,,Arlington,VA,22209,,888-385-6671,E,,Public,24 hours daily,A ACCOUNT_BALANCE ANDROID_PAY APPLE_PAY D M V,,,,,4,,,LOOP,https://loopglobal.com,GPS,38.89771,-77.07318,2026-03-12,453235,2026-03-12 20:29:51 UTC,P,,,2025-08-25,,,,,J1772,US,,,,Public,,public,,,OTHER,,,,,,,$15 monthly service fee; $0.03 per minute,,,,,,,,,,false,,,,,,,,LD,false,
ELEC,700 Harris Public,700 Harris Street,,Charlottesville,VA,22903,,888-356-8911,E,,Public,24 hours daily,,,,,,4,,,FLO,https://www.flo.com,GPS,38.0358556,-78.484681,2026-06-09,453305,2026-06-09 03:54:14 UTC,,,,2026-03-07,,,,,J1772,US,,,,Public,,public,,,,,,,,,,,,,,,,,,,,false,,,,,,,,,false,
ELEC,AMZ DCA64-1,7961 Loisdale Road,,Springfield,VA,22150,,888-758-4389,E,,Public,24 hours daily,,,,,,2,,,ChargePoint Network,https://www.chargepoint.com,GPS,38.740931,-77.186343,2026-06-08,453458,2026-06-08 03:27:26 UTC,,,,2026-03-11,,,,,J1772,US,,,,Public,,public,,,,,,,,,,,,,,,,,,,,false,,,,,,,,,false,
ELEC,AMZ DCA64-2,7961 Loisdale Road,,Springfield,VA,22150,,888-758-4389,E,,Public,24 hours daily,,,,,,2,,,ChargePoint Network,https://www.chargepoint.com,GPS,38.742741,-77.187249,2026-06-08,453459,2026-06-08 03:27:26 UTC,,,,2026-03-11,,,,,J1772,US,,,,Public,,public,,,,,,,,,,,,,,,,,,,,false,,,,,,,,,false,
ELEC,Market Garage - City of Roanoke,25 Church Ave SE,,Roanoke,VA,24011,,855-885-9571,E,,Public,24 hours daily,,,,,,1,,,OpConnect,https://opconnect-ev.com,GPS,37.2702023,-79.9394691,2026-06-09,453550,2026-06-09 03:26:11 UTC,,,,2026-03-12,,,,,J1772,US,,,,Public,,public,,,,,,,,,,,,,,,,,,,,false,,,,,,,,,false,
ELEC,Tower Garage - City of Roanoke,19 Norfolk Ave,,Roanoke,VA,24011,,855-885-9571,E,,Public,24 hours daily,,,,,,2,,,OpConnect,https://opconnect-ev.com,GPS,37.2732332,-79.9408191,2026-06-09,453551,2026-06-09 03:26:11 UTC,,,,2026-03-12,,,,,J1772,US,,,,Public,,public,,,,,,,,,,,,,,,,,,,,false,,,,,,,,,false,
ELEC,Center in the Square Garage - City of Roanoke,11 Campbell Ave SE,,Roanoke,VA,24011,,855-885-9571,E,,Public,24 hours daily,,,,,,4,,,OpConnect,https://opconnect-ev.com,GPS,37.2715563,-79.9398189,2026-06-09,453552,2026-06-09 03:26:12 UTC,,,,2026-03-12,,,,,J1772,US,,,,Public,,public,,,,,,,,,,,,,,,,,,,,false,,,,,,,,,false,
ELEC,Southern Ford,12896 Jefferson Ave,,Newport News,VA,23608,,888-357-1009,E,,Public,Mon: 9:00am-8:00pm; Tue: 9:00am-8:00pm; Wed: 9:00am-8:00pm; Thu: 9:00am-8:00pm; Fri: 9:00am-8:00pm; Sat: 9:00am-7:00pm,,,,,,,2,,FORD_CHARGE,https://www.ford.com/support/category/electric-vehicle/charging/public-charging/,GPS,37.149293,-76.52704,2026-06-09,453572,2026-06-09 05:17:13 UTC,,,,2026-03-10,,,,,J1772COMBO,US,,,,Public,,public,,,PUBLIC,,,,,,,,,,,,,,,,,false,,,,,,,,,false,
ELEC,MODERA FALLS G3-83,1033 West Broad Street,G3-83,Falls Church,VA,22046,,888-758-4389,E,,Public,24 hours daily,,,,,,1,,,ChargePoint Network,https://www.chargepoint.com,GPS,38.890853,-77.18523,2026-06-08,454103,2026-06-08 03:19:47 UTC,,,,2026-03-14,,,,,J1772,US,,,,Public,,public,,,,,,,,,,,,,,,,,,,,false,,,,,,,,,false,
ELEC,FasCharge Site 57 Mobil Quinton,2245 Pocahontas Trail,,Quinton,VA,23141,,313-262-6722,E,,Public,,,,,,,,2,,RED_E,https://www.redecharge.com,GPS,37.509922581907,-77.192764715862,2026-06-09,454182,2026-06-09 05:13:29 UTC,,,,2026-03-13,,,,,J1772COMBO,US,,,,Public,,public,,,PUBLIC,,,,,,,,,,,,,,,,,false,,,,,,,,,false,
ELEC,The Laurel Hotel,1076 West Main Street,,Danville,VA,24541,,800-636-0986,E,,Public,,,,,,,1,,,CHARGELAB,https://chargelab.co,GPS,36.572023,-79.42842,2026-06-09,455609,2026-06-09 05:27:01 UTC,,,,2026-03-18,,,,,J1772,US,,,,Public,,public,,,,,,,,,,,,,,,,,,,,false,,,,,,,,,false,
ELEC,Carter Myers Automotive,320 Lee Jackson Highway,,Jolivue,VA,24401,,800-636-0986,E,,Public,,,,,,,,2,,CHARGELAB,https://chargelab.co,GPS,38.116791,-79.068468,2026-06-09,455737,2026-06-09 05:27:34 UTC,,,,2026-03-18,,,,,J1772COMBO,US,,,,Public,,public,,,,,,,,,,,,,,,,,,,,false,,,,,,,,,false,
ELEC,MODERA FALLS G3-84,1033 West Broad Street,G3-84,Falls Church,VA,22046,,888-758-4389,E,,Public,24 hours daily,,,,,,1,,,ChargePoint Network,https://www.chargepoint.com,GPS,38.890794,-77.18531,2026-06-08,455901,2026-06-08 03:19:28 UTC,,,,2026-03-20,,,,,J1772,US,,,,Public,,public,,,,,,,,,,,,,,,,,,,,false,,,,,,,,,false,
ELEC,MODERA FALLS G3-45,1033 West Broad Street,G3-45,Falls Church,VA,22046,,888-758-4389,E,,Public,24 hours daily,,,,,,1,,,ChargePoint Network,https://www.chargepoint.com,GPS,38.890887,-77.185169,2026-06-08,455902,2026-06-08 03:19:29 UTC,,,,2026-03-20,,,,,J1772,US,,,,Public,,public,,,,,,,,,,,,,,,,,,,,false,,,,,,,,,false,
ELEC,MODERA FALLS G3-7,1033 West Broad Street,G3-7,Falls Church,VA,22046,,888-758-4389,E,,Public,24 hours daily,,,,,,1,,,ChargePoint Network,https://www.chargepoint.com,GPS,38.890693,-77.185252,2026-06-08,455903,2026-06-08 03:19:46 UTC,,,,2026-03-20,,,,,J1772,US,,,,Public,,public,,,,,,,,,,,,,,,,,,,,false,,,,,,,,,false,
ELEC,TownePlace Suites by Marriott,511 Commonwealth Dr,,Yorktown,VA,23693,,800-636-0986,E,,Public,,,,,,,2,,,CHARGELAB,https://chargelab.co,GPS,37.109208,-76.465557,2026-06-09,455988,2026-06-09 05:28:03 UTC,,,,2026-03-20,,,,,J1772,US,,,,Public,,public,,,,,,,,,,,,,,,,,,,,false,,,,,,,,,false,
ELEC,Hilltop Village Center,7905 Hilltop Village Center Dr,,Alexandria,VA,22315,,877-455-3833,E,,Public,24 hours daily,,,,,,,2,,eVgo Network,https://www.evgo.com,GPS,38.742896,-77.162922,2026-06-08,456236,2026-06-09 00:00:13 UTC,,,,2026-03-21,,,,,J1772COMBO,US,,,,Public,,public,,,,,,,,,,,,,,,,,,,,false,,,,,,,,,false,
ELEC,Kings Park Shopping Center,8970 Burke Lake Rd,,Springfield,VA,22151,,877-455-3833,E,,Public,24 hours daily,,,,,,,2,,eVgo Network,https://www.evgo.com,GPS,38.81011,-77.25288,2026-06-09,456237,2026-06-09 00:02:05 UTC,,,,2026-03-21,,,,,J1772COMBO,US,,,,Public,,public,,,,,,,,,,,,,,,,,,,,false,,,,,,,,,false,
ELEC,Southern CDJR - Greenbrier,1414 S Military Hwy,,Chesapeake,VA,23320,,888-717-4544,E,,Public,24 hours daily,,,,,,8,4,,CHARGESMART_EV,https://chargesmartev.com,GPS,36.799069,-76.23062,2026-06-09,456452,2026-06-09 04:37:08 UTC,,,,2026-03-25,,,,,J1772 J1772COMBO,US,,,,Public,,public,,,,,,,,,,,,,,,,,,,,false,,,,,,,,,false,
ELEC,CHECKERED FLAG INTERIOR SHOP,3700 Sentara Way,In service,Virginia Beach,VA,23452,,888-758-4389,E,,Public,24 hours daily,,,,,,1,,,ChargePoint Network,https://www.chargepoint.com,GPS,36.835594,-76.099884,2026-06-09,456649,2026-06-09 02:29:57 UTC,,,,2026-03-31,,,,,J1772,US,,,,Public,,public,,,,,,,,,,,,,,,,,,,,false,,,,,,,,,false,
ELEC,CHECKERED FLAG OUTSIDE SALES,3700 Sentara Way,Rear parking lot,Virginia Beach,VA,23452,,888-758-4389,E,,Public,24 hours daily,,,,,,1,,,ChargePoint Network,https://www.chargepoint.com,GPS,36.83598,-76.09975,2026-06-09,456650,2026-06-09 02:29:58 UTC,,,,2026-03-31,,,,,J1772,US,,,,Public,,public,,,,,,,,,,,,,,,,,,,,false,,,,,,,,,false,
ELEC,CHECKERED FLAG REAR SALES LOT,3700 Sentara Way,Back parking lot,Virginia Beach,VA,23452,,888-758-4389,E,,Public,24 hours daily,,,,,,,1,,ChargePoint Network,https://www.chargepoint.com,GPS,36.835747,-76.09929,2026-06-09,456651,2026-06-09 02:38:38 UTC,,,,2026-03-31,,,,,CHADEMO J1772COMBO,US,,,,Public,,public,,,,,,,,,,,,,,,,,,,,false,,,,,,,,,false,
ELEC,OBE EMBASSY RICHM L,2925 Emerywood Parkway,"By using this EV charger, you agree OBE Power owns and operates it, keeping all environmental attributes, including carbon credits.",Richmond,VA,23294,,888-758-4389,E,,Public,24 hours daily,,,,,,2,,,ChargePoint Network,https://www.chargepoint.com,GPS,37.60888,-77.520644,2026-06-08,456668,2026-06-08 03:28:36 UTC,,,,2026-03-31,,,,,J1772,US,,,,Public,,public,,,,,,,,,,,,,,,,,,,,false,,,,,,,,,false,
ELEC,OBE EMBASSY RICHM R,2925 Emerywood Parkway,"By using this EV charger, you agree OBE Power owns and operates it, keeping all environmental attributes, including carbon credits.",Richmond,VA,23294,,888-758-4389,E,,Public,24 hours daily,,,,,,2,,,ChargePoint Network,https://www.chargepoint.com,GPS,37.609034,-77.520595,2026-06-08,456669,2026-06-08 03:28:36 UTC,,,,2026-03-31,,,,,J1772,US,,,,Public,,public,,,,,,,,,,,,,,,,,,,,false,,,,,,,,,false,
ELEC,RBC Charging Station,11301 Johnson Road,,Petersburg,VA,23805,,888-222-6618,E,,Public,,,,,,,4,,,NOODOE,https://www.noodoe.com,GPS,37.1569874,-77.4001826,2026-06-09,457113,2026-06-09 04:25:09 UTC,,,,2026-04-04,,,,,J1772,US,,,,Public,,public,,,,,,,,,,,,,,,,,,,,false,,,,,,,,,false,
ELEC,FAIRFAX COUNTY MT VERNON REC 1,2017 Belle View Boulevard,,Alexandria,VA,22307,,888-758-4389,E,,Public,24 hours daily,,,,,,2,,,ChargePoint Network,https://www.chargepoint.com,GPS,38.774023,-77.064323,2026-06-08,457217,2026-06-08 03:29:02 UTC,,,,2026-04-07,,,,,J1772 TESLA,US,,,,Public,,public,,,,,,,,,,,,,,,,,,,,false,,,,,,,,,false,
ELEC,FAIRFAX COUNTY MT VERNON REC 2,2017 Belle View Boulevard,,Alexandria,VA,22307,,888-758-4389,E,,Public,24 hours daily,,,,,,2,,,ChargePoint Network,https://www.chargepoint.com,GPS,38.774061,-77.064296,2026-06-08,457218,2026-06-08 03:29:02 UTC,,,,2026-04-07,,,,,J1772 TESLA,US,,,,Public,,public,,,,,,,,,,,,,,,,,,,,false,,,,,,,,,false,
ELEC,STERLING SUBARU DC-CPE250-1,21736 Auto World Circle,,Sterling,VA,20166,,888-758-4389,E,,Public,24 hours daily,,,,,,,1,,ChargePoint Network,https://www.chargepoint.com,GPS,39.01434,-77.441416,2026-06-08,457321,2026-06-08 03:29:10 UTC,,,,2026-04-09,,,,,CHADEMO J1772COMBO,US,,,,Public,,public,,,,,,,,,,,,,,,,,,,,false,,,,,,,,,false,
ELEC,RVCC CHARGER RVCC CHARGER,190 Rockfish School Lane,,Afton,VA,22920,,888-758-4389,E,,Public,24 hours daily,,,,,,2,,,ChargePoint Network,https://www.chargepoint.com,GPS,37.922803,-78.842192,2026-06-08,457419,2026-06-08 03:29:07 UTC,,,,2026-04-10,,,,,J1772,US,,,,Public,,public,,,,,,,,,,,,,,,,,,,,false,,,,,,,,,false,
ELEC,Carlin Springs VA Partners,4200 North Carlin Springs Road,,Arlington,VA,22203,,888-998-2546,E,,Public,24 hours daily,,,,,,2,,,Blink Network,https://blinkcharging.com,GPS,38.8774643,-77.1118524,2026-06-09,457563,2026-06-09 00:46:08 UTC,,,,2022-09-24,,,,,J1772,US,,,,Public,,public,,,,,,,,,,,,,,,,,,,,false,,,,,,,,,false,
ELEC,FAIRFAX COUNTY KINGSTOWNE GC 1,7130 Silver Lake Boulevard,,Kingstowne,VA,22315,,888-758-4389,E,,Public,24 hours daily,,,,,,1,,,ChargePoint Network,https://www.chargepoint.com,GPS,38.763395,-77.155617,2026-06-08,457594,2026-06-08 03:27:21 UTC,,,,2026-04-14,,,,,J1772,US,,,,Public,,public,,,,,,,,,,,,,,,,,,,,false,,,,,,,,,false,
ELEC,FAIRFAX COUNTY KINGSTOWNE GC 2,7130 Silver Lake Boulevard,,Kingstowne,VA,22315,,888-758-4389,E,,Public,24 hours daily,,,,,,1,,,ChargePoint Network,https://www.chargepoint.com,GPS,38.763382,-77.155636,2026-06-08,457595,2026-06-08 03:27:21 UTC,,,,2026-04-14,,,,,J1772,US,,,,Public,,public,,,,,,,,,,,,,,,,,,,,false,,,,,,,,,false,
ELEC,FAIRFAX COUNTY KINGSTOWNE GC 4,7130 Silver Lake Boulevard,,Kingstowne,VA,22315,,888-758-4389,E,,Public,24 hours daily,,,,,,2,,,ChargePoint Network,https://www.chargepoint.com,GPS,38.76337,-77.155506,2026-06-08,457596,2026-06-08 03:27:47 UTC,,,,2026-04-14,,,,,J1772,US,,,,Public,,public,,,,,,,,,,,,,,,,,,,,false,,,,,,,,,false,
ELEC,FAIRFAX COUNTY KINGSTOWNE GC 3,7130 Silver Lake Boulevard,,Kingstowne,VA,22315,,888-758-4389,E,,Public,24 hours daily,,,,,,2,,,ChargePoint Network,https://www.chargepoint.com,GPS,38.763266,-77.15555,2026-06-08,457597,2026-06-08 03:27:47 UTC,,,,2026-04-14,,,,,J1772,US,,,,Public,,public,,,,,,,,,,,,,,,,,,,,false,,,,,,,,,false,
ELEC,ODU ODU 49TH ST,4904 Bluestone Ave,ODU Parking Permit Required and 4 Hour Max Charge Time,Norfolk,VA,23508,,888-758-4389,E,,Public,24 hours daily,,,,,,2,,,ChargePoint Network,https://www.chargepoint.com,GPS,36.887864,-76.305469,2026-06-08,458287,2026-06-08 03:25:39 UTC,,,,2026-04-28,,,,,J1772,US,,,,Public,,public,,,,,,,,,,,,,,,,,,,,false,,,,,,,,,false,
ELEC,ODU ODU 45TH ST GAR,1060 West 45th Street,ODU Parking Permit Required and 4 Hour Max Charge Time,Norfolk,VA,23508,,888-758-4389,E,,Public,24 hours daily,,,,,,2,,,ChargePoint Network,https://www.chargepoint.com,GPS,36.885461,-76.301321,2026-06-08,458288,2026-06-08 03:25:41 UTC,,,,2026-04-28,,,,,J1772,US,,,,Public,,public,,,,,,,,,,,,,,,,,,,,false,,,,,,,,,false,
ELEC,ODU ODU 43RD BLUEST,1330 West 43rd Street,ODU Parking Permit Required and 4 Hour Max Charge Time,Norfolk,VA,23508,,888-758-4389,E,,Public,24 hours daily,,,,,,2,,,ChargePoint Network,https://www.chargepoint.com,GPS,36.883486,-76.306043,2026-06-08,458289,2026-06-08 03:25:42 UTC,,,,2026-04-28,,,,,J1772,US,,,,Public,,public,,,,,,,,,,,,,,,,,,,,false,,,,,,,,,false,
ELEC,SIDEBURN LORTON 2,8101 Lorton Rd,,Lorton,VA,22079,,888-758-4389,E,,Public,24 hours daily,,,,,,2,,,ChargePoint Network,https://www.chargepoint.com,GPS,38.703795,-77.225399,2026-06-09,458339,2026-06-09 02:59:53 UTC,,,,2026-04-29,,,,,J1772,US,,,,Public,,public,,,,,,,,,,,,,,,,,,,,false,,,,,,,,,false,
ELEC,SIDEBURN LORTON 1,8101 Lorton Rd,,Lorton,VA,22079,,888-758-4389,E,,Public,24 hours daily,,,,,,2,,,ChargePoint Network,https://www.chargepoint.com,GPS,38.703889,-77.22537,2026-06-09,458340,2026-06-09 02:59:54 UTC,,,,2026-04-29,,,,,J1772,US,,,,Public,,public,,,,,,,,,,,,,,,,,,,,false,,,,,,,,,false,
ELEC,SIDEBURN LORTON 4,8101 Lorton Rd,,Lorton,VA,22079,,888-758-4389,E,,Public,24 hours daily,,,,,,2,,,ChargePoint Network,https://www.chargepoint.com,GPS,38.703687,-77.225445,2026-06-08,458341,2026-06-08 02:51:25 UTC,,,,2026-04-29,,,,,J1772,US,,,,Public,,public,,,,,,,,,,,,,,,,,,,,false,,,,,,,,,false,
ELEC,SIDEBURN LORTON 3,8101 Lorton Rd,,Lorton,VA,22079,,888-758-4389,E,,Public,24 hours daily,,,,,,2,,,ChargePoint Network,https://www.chargepoint.com,GPS,38.703784,-77.225393,2026-06-08,458342,2026-06-08 02:51:26 UTC,,,,2026-04-29,,,,,J1772,US,,,,Public,,public,,,,,,,,,,,,,,,,,,,,false,,,,,,,,,false,
ELEC,SIDEBURN STONECROFT-4,4641 Stonecroft Boulevard,Front side if island,Chantilly,VA,20151,,888-758-4389,E,,Public,24 hours daily,,,,,,2,,,ChargePoint Network,https://www.chargepoint.com,GPS,38.888789,-77.463789,2026-06-08,458343,2026-06-08 02:55:04 UTC,,,,2026-04-29,,,,,J1772,US,,,,Public,,public,,,,,,,,,,,,,,,,,,,,false,,,,,,,,,false,
ELEC,SIDEBURN STONECROFT-3,4641 Stonecroft Boulevard,Stonecroft-3,Chantilly,VA,20151,,888-758-4389,E,,Public,24 hours daily,,,,,,2,,,ChargePoint Network,https://www.chargepoint.com,GPS,38.88875,-77.463733,2026-06-08,458344,2026-06-08 02:55:04 UTC,,,,2026-04-29,,,,,J1772,US,,,,Public,,public,,,,,,,,,,,,,,,,,,,,false,,,,,,,,,false,
ELEC,SIDEBURN STONECROFT-2,4641 Stonecroft Boulevard,Front side of island,Chantilly,VA,20151,,888-758-4389,E,,Public,24 hours daily,,,,,,2,,,ChargePoint Network,https://www.chargepoint.com,GPS,38.888731,-77.463709,2026-06-08,458345,2026-06-08 02:55:04 UTC,,,,2026-04-29,,,,,J1772,US,,,,Public,,public,,,,,,,,,,,,,,,,,,,,false,,,,,,,,,false,
ELEC,SIDEBURN STONECROFT-1,4641 Stonecroft Boulevard,Front side of island,Chantilly,VA,20151,,888-758-4389,E,,Public,24 hours daily,,,,,,2,,,ChargePoint Network,https://www.chargepoint.com,GPS,38.888691,-77.463664,2026-06-08,458346,2026-06-08 02:55:05 UTC,,,,2026-04-29,,,,,J1772,US,,,,Public,,public,,,,,,,,,,,,,,,,,,,,false,,,,,,,,,false,
ELEC,SIDEBURN SIDEBURN 2,5025 Sideburn Rd,Sideburn Support Center,Fairfax,VA,22032,,888-758-4389,E,,Public,24 hours daily,,,,,,2,,,ChargePoint Network,https://www.chargepoint.com,GPS,38.819226,-77.303054,2026-06-08,458347,2026-06-08 03:14:29 UTC,,,,2026-04-29,,,,,J1772,US,,,,Public,,public,,,,,,,,,,,,,,,,,,,,false,,,,,,,,,false,
ELEC,SIDEBURN SIDEBURN 4,5025 Sideburn Rd,Sideburn Support Center,Fairfax,VA,22032,,888-758-4389,E,,Public,24 hours daily,,,,,,2,,,ChargePoint Network,https://www.chargepoint.com,GPS,38.819226,-77.303196,2026-06-08,458348,2026-06-08 03:14:30 UTC,,,,2026-04-29,,,,,J1772,US,,,,Public,,public,,,,,,,,,,,,,,,,,,,,false,,,,,,,,,false,
ELEC,SIDEBURN SIDEBURN 1,5025 Sideburn Rd,Sideburn Support Center,Fairfax,VA,22032,,888-758-4389,E,,Public,24 hours daily,,,,,,2,,,ChargePoint Network,https://www.chargepoint.com,GPS,38.819353,-77.303094,2026-06-08,458349,2026-06-08 03:14:30 UTC,,,,2026-04-29,,,,,J1772,US,,,,Public,,public,,,,,,,,,,,,,,,,,,,,false,,,,,,,,,false,
ELEC,SIDEBURN SIDEBURN 3,5025 Sideburn Rd,Sideburn Support Center,Fairfax,VA,22032,,888-758-4389,E,,Public,24 hours daily,,,,,,2,,,ChargePoint Network,https://www.chargepoint.com,GPS,38.819293,-77.30326,2026-06-08,458350,2026-06-08 03:14:30 UTC,,,,2026-04-29,,,,,J1772,US,,,,Public,,public,,,,,,,,,,,,,,,,,,,,false,,,,,,,,,false,
ELEC,SIDEBURN SIDEBURN 5,5025 Sideburn Road,,Fairfax,VA,22032,,888-758-4389,E,,Public,24 hours daily,,,,,,2,,,ChargePoint Network,https://www.chargepoint.com,GPS,38.818449,-77.302683,2026-06-08,458351,2026-06-08 03:16:49 UTC,,,,2026-04-29,,,,,J1772,US,,,,Public,,public,,,,,,,,,,,,,,,,,,,,false,,,,,,,,,false,
ELEC,SIDEBURN SIDEBURN 6,5025 Sideburn Road,,Fairfax,VA,22032,,888-758-4389,E,,Public,24 hours daily,,,,,,2,,,ChargePoint Network,https://www.chargepoint.com,GPS,38.818444,-77.302673,2026-06-08,458352,2026-06-08 03:16:49 UTC,,,,2026-04-29,,,,,J1772,US,,,,Public,,public,,,,,,,,,,,,,,,,,,,,false,,,,,,,,,false,
ELEC,SIDEBURN SIDEBURN 7,5025 Sideburn Road,,Fairfax,VA,22032,,888-758-4389,E,,Public,24 hours daily,,,,,,2,,,ChargePoint Network,https://www.chargepoint.com,GPS,38.818429,-77.302643,2026-06-08,458353,2026-06-08 03:16:49 UTC,,,,2026-04-29,,,,,J1772,US,,,,Public,,public,,,,,,,,,,,,,,,,,,,,false,,,,,,,,,false,
ELEC,SIDEBURN SIDEBURN 8,5025 Sideburn Rd,,Fairfax,VA,22032,,888-758-4389,E,,Public,24 hours daily,,,,,,2,,,ChargePoint Network,https://www.chargepoint.com,GPS,38.819259,-77.303129,2026-06-08,458354,2026-06-08 03:17:54 UTC,,,,2026-04-29,,,,,J1772,US,,,,Public,,public,,,,,,,,,,,,,,,,,,,,false,,,,,,,,,false,
ELEC,Aventon Moorefield,43601 Charitable Street,,Ashburn,VA,20148,,888-998-2546,E,,Public,24 hours daily,,,,,,12,,,Blink Network,https://blinkcharging.com,GPS,38.99977255498041,-77.49423469937078,2026-06-09,458404,2026-06-09 00:50:39 UTC,,,,2026-04-29,,,,,J1772,US,,,,Public,,public,,,,,,,,,,,,,,,,,,,,false,,,,,,,,,false,
ELEC,Piggly Wiggly - Tesla Supercharger,1304 S Boston Rd,,Danville,VA,24540,,877-798-3752,E,,Public,24 hours daily,A D Debit M V,,,,,,8,,Tesla,https://www.tesla.com/supercharger,GPS,36.58027066,-79.34324994,2026-05-12,458526,2026-05-12 14:51:56 UTC,P,,,2026-05-01,,,,,TESLA,US,,,,Public,,public,,,GROCERY,,,,,,,$0.54 per kWh,,,,,,,,,,false,,,,,,,,LD,false,
ELEC,MVFD COBBS CREEK,2852 Buckley Hall Rd,,Cobbs Creek,VA,23035,,888-758-4389,E,,Public,24 hours daily,,,,,,1,,,ChargePoint Network,https://www.chargepoint.com,GPS,37.502334,-76.398667,2026-06-08,458673,2026-06-08 03:30:19 UTC,,,,2026-05-02,,,,,J1772,US,,,,Public,,public,,,,,,,,,,,,,,,,,,,,false,,,,,,,,,false,
ELEC,MVFD GWYNN ISLAND,2137 Old Ferry Rd,,Hudgins,VA,23076,,888-758-4389,E,,Public,24 hours daily,,,,,,1,,,ChargePoint Network,https://www.chargepoint.com,GPS,37.504343,-76.28816,2026-06-08,458674,2026-06-08 03:30:19 UTC,,,,2026-05-02,,,,,J1772,US,,,,Public,,public,,,,,,,,,,,,,,,,,,,,false,,,,,,,,,false,
ELEC,Spotsylvania Town Center MB.HPC,137 Spotsylvania Mall Dr,,Fredericksburg,VA,22407,,833-622-4743,E,,Public,Open to all EV drivers,,,,,,,10,,MERCEDES_BENZ,https://www.mbusa.com/en/ev-charging-stations,GPS,38.2928514,-77.5115835,2026-06-09,458949,2026-06-09 05:35:12 UTC,,,,2026-05-06,,,,,J1772COMBO TESLA,US,,,,Public,,public,,,,,,,,,,,,,,,,,,,,false,,,,,,,,,false,
ELEC,TTU TOPG2,335 Fairground Road,,Pennington Gap,VA,24277,,888-758-4389,E,,Public,24 hours daily,,,,,,2,,,ChargePoint Network,https://www.chargepoint.com,GPS,36.769939,-83.029578,2026-06-08,459388,2026-06-08 03:30:39 UTC,,,,2026-05-09,,,,,J1772,US,,,,Public,,public,,,,,,,,,,,,,,,,,,,,false,,,,,,,,,false,
ELEC,AMZ 17LNP1EV8 1012,525 14th St S,,Arlington,VA,22202,,888-758-4389,E,,Public,24 hours daily,,,,,,2,,,ChargePoint Network,https://www.chargepoint.com,GPS,38.86143,-77.05459,2026-06-08,459697,2026-06-08 03:16:17 UTC,,,,2026-05-16,,,,,J1772,US,,,,Public,,public,,,,,,,,,,,,,,,,,,,,false,,,,,,,,,false,
ELEC,LAKE ANNA IAD550CAB-2,500 Haley Drive BLDG 9,BLDG 9,Mineral,VA,23117,,888-758-4389,E,,Public,24 hours daily,,,,,,2,,,ChargePoint Network,https://www.chargepoint.com,GPS,38.054687,-77.800532,2026-06-08,459713,2026-06-08 03:28:46 UTC,,,,2026-05-16,,,,,J1772,US,,,,Public,,public,,,,,,,,,,,,,,,,,,,,false,,,,,,,,,false,
ELEC,LAKE ANNA IAD550ACB-1,500 Haley Drive BLDG 10,BLDG 10,Mineral,VA,23117,,888-758-4389,E,,Public,24 hours daily,,,,,,2,,,ChargePoint Network,https://www.chargepoint.com,GPS,38.054668,-77.80051,2026-06-08,459738,2026-06-08 03:30:16 UTC,,,,2026-05-16,,,,,J1772,US,,,,Public,,public,,,,,,,,,,,,,,,,,,,,false,,,,,,,,,false,
ELEC,LOUDOUN COUNTY ASHBURN RECCEN1,21105 Coopers Hawk Drive,Main lot,Ashburn,VA,20148,,888-758-4389,E,,Public,24 hours daily,,,,,,1,,,ChargePoint Network,https://www.chargepoint.com,GPS,39.031071,-77.5128,2026-06-08,459748,2026-06-08 03:30:36 UTC,,,,2026-05-16,,,,,J1772,US,,,,Public,,public,,,,,,,,,,,,,,,,,,,,false,,,,,,,,,false,
ELEC,FasCharge GPM 16 Fastmarket Valero Richmond,1700 Ashland Rd,,Richmond,VA,23233,,313-262-6722,E,,Public,,,,,,,,2,,RED_E,https://www.redecharge.com,GPS,37.673777730124,-77.674252562202,2026-06-09,459860,2026-06-09 05:13:42 UTC,,,,2026-05-18,,,,,J1772COMBO,US,,,,Public,,public,,,PUBLIC,,,,,,,,,,,,,,,,,false,,,,,,,,,false,
ELEC,UVA EMMET IVY 1,123 Emmet St N,The station is located on the first level of the garage on the east side. Make a right if using the main entrance. Make a left down the ramp if using the hotel entrance.,Charlottesville,VA,22903,,888-758-4389,E,,Public,24 hours daily,,,,,,2,,,ChargePoint Network,https://www.chargepoint.com,GPS,38.041388,-78.506953,2026-06-08,459890,2026-06-08 03:30:17 UTC,,,,2026-05-20,,,,,J1772,US,,,,Public,,public,,,,,,,,,,,,,,,,,,,,false,,,,,,,,,false,
ELEC,UVA EMMET IVY 2,123 Emmet St N,The station is located on the first level of the garage on the east side. Make a right if using the main entrance. Make a left down the ramp if using the hotel entrance.,Charlottesville,VA,22903,,888-758-4389,E,,Public,24 hours daily,,,,,,2,,,ChargePoint Network,https://www.chargepoint.com,GPS,38.041469,-78.506892,2026-06-08,459891,2026-06-08 03:30:18 UTC,,,,2026-05-20,,,,,J1772,US,,,,Public,,public,,,,,,,,,,,,,,,,,,,,false,,,,,,,,,false,
ELEC,VHC HEALTH ZONE E PUBLIC 2,1851 North George Mason Drive Zone E Purple G,Daily parking fee of $7.00 still applies to all vehicles.,Arlington,VA,22207,,888-758-4389,E,,Public,24 hours daily,,,,,,2,,,ChargePoint Network,https://www.chargepoint.com,GPS,38.891076,-77.12805,2026-06-08,459893,2026-06-08 03:30:42 UTC,,,,2026-05-20,,,,,J1772 TESLA,US,,,,Public,,public,,,,,,,,,,,,,,,,,,,,false,,,,,,,,,false,
ELEC,VHC HEALTH ZONE E EMP 1,1851 North George Mason Drive Zone E Purple G,This charger not publicly accessible; only for employees,Arlington,VA,22207,,888-758-4389,E,,Public,24 hours daily,,,,,,1,,,ChargePoint Network,https://www.chargepoint.com,GPS,38.89114,-77.12806,2026-06-08,459894,2026-06-08 03:30:42 UTC,,,,2026-05-20,,,,,J1772 TESLA,US,,,,Public,,public,,,,,,,,,,,,,,,,,,,,false,,,,,,,,,false,
ELEC,LAKE ANNA IAD550CAB-1,500 Haley Drive BLDG 9,,Mineral,VA,23117,,888-758-4389,E,,Public,24 hours daily,,,,,,2,,,ChargePoint Network,https://www.chargepoint.com,GPS,38.05235,-77.809203,2026-06-08,459965,2026-06-08 03:28:46 UTC,,,,2026-05-22,,,,,J1772,US,,,,Public,,public,,,,,,,,,,,,,,,,,,,,false,,,,,,,,,false,
ELEC,LAKE ANNA IAD550CAB-3,500 Haley Drive BLDG 9,,Mineral,VA,23117,,888-758-4389,E,,Public,24 hours daily,,,,,,2,,,ChargePoint Network,https://www.chargepoint.com,GPS,38.05236,-77.809166,2026-06-08,459966,2026-06-08 03:28:46 UTC,,,,2026-05-22,,,,,J1772,US,,,,Public,,public,,,,,,,,,,,,,,,,,,,,false,,,,,,,,,false,
ELEC,"TA, Lewistown Rd, Ashland, VA",10134 LEWISTOWN ROAD,,Ashland,VA,23005,,833-277-8573,E,,Public,24 hours daily,,,,,,,12,,BP_PULSE,https://www.bp.com/en_us/united-states/home/what-we-do/customers-and-products/bp-pulse/bp-pulse-products.html,GPS,37.723108,-77.447761,2026-06-09,460083,2026-06-09 04:16:38 UTC,,,,2026-05-22,,,,,J1772COMBO TESLA,US,,,,Public,,public,,,,,,,,,,,,,,,,,,,,false,,,,,,,,,false,
ELEC,VHC HEALTH ZONE E PUBLIC 1,1851 N George Mason Dr Zone E Purple Garage,Daily parking fee of $7.00 still applies to all vehicles.,Arlington,VA,22207,,888-758-4389,E,,Public,24 hours daily,,,,,,2,,,ChargePoint Network,https://www.chargepoint.com,GPS,38.890923,-77.12879,2026-06-08,460202,2026-06-08 03:30:42 UTC,,,,2026-05-28,,,,,J1772 TESLA,US,,,,Public,,public,,,,,,,,,,,,,,,,,,,,false,,,,,,,,,false,
ELEC,VHC HEALTH ZONE E EMP 5,1851 North George Mason Drive Zone E Purple G,This charger not publicly accessible; only for employees,Arlington,VA,22207,,888-758-4389,E,,Public,24 hours daily,,,,,,1,,,ChargePoint Network,https://www.chargepoint.com,GPS,38.891144,-77.128216,2026-06-08,460203,2026-06-08 03:30:43 UTC,,,,2026-05-28,,,,,J1772 TESLA,US,,,,Public,,public,,,,,,,,,,,,,,,,,,,,false,,,,,,,,,false,
ELEC,VHC HEALTH ZONE E EMP 4,1851 North George Mason Drive Zone E Purple G,This charger not publicly accessible; only for employees,Arlington,VA,22207,,888-758-4389,E,,Public,24 hours daily,,,,,,2,,,ChargePoint Network,https://www.chargepoint.com,GPS,38.891216,-77.128083,2026-06-08,460204,2026-06-08 03:30:43 UTC,,,,2026-05-28,,,,,J1772 TESLA,US,,,,Public,,public,,,,,,,,,,,,,,,,,,,,false,,,,,,,,,false,
ELEC,VHC HEALTH ZONE E EMP 3,1851 North George Mason Drive Zone E Purple G,This charger not publicly accessible; only for employees,Arlington,VA,22207,,888-758-4389,E,,Public,24 hours daily,,,,,,2,,,ChargePoint Network,https://www.chargepoint.com,GPS,38.891125,-77.128037,2026-06-08,460205,2026-06-08 03:30:43 UTC,,,,2026-05-28,,,,,J1772 TESLA,US,,,,Public,,public,,,,,,,,,,,,,,,,,,,,false,,,,,,,,,false,
ELEC,VHC HEALTH ZONE E EMP 2,1851 North George Mason Drive Zone E Purple G,,Arlington,VA,22207,,888-758-4389,E,,Public,24 hours daily,,,,,,2,,,ChargePoint Network,https://www.chargepoint.com,GPS,38.891145,-77.128163,2026-06-08,460206,2026-06-08 03:30:43 UTC,,,,2026-05-28,,,,,J1772 TESLA,US,,,,Public,,public,,,,,,,,,,,,,,,,,,,,false,,,,,,,,,false,
ELEC,TOWN OF GRUNDY GRUNDY PLAZA,1095 Plaza Drive,,Grundy,VA,24614,,888-758-4389,E,,Public,24 hours daily,,,,,,2,,,ChargePoint Network,https://www.chargepoint.com,GPS,37.25626,-82.1075,2026-06-08,460526,2026-06-08 03:31:14 UTC,,,,2026-06-02,,,,,J1772,US,,,,Public,,public,,,,,,,,,,,,,,,,,,,,false,,,,,,,,,false,
ELEC,Wawa - Tesla Supercharger,3100 N Arthur Ashe Blvd,,Richmond,VA,23230,,877-798-3752,E,,Public,24 hours daily,A D Debit M V,,,,,,8,,Tesla,https://www.tesla.com/supercharger,GPS,37.574657,-77.464991,,460725,2026-06-05 13:18:05 UTC,P,,,2026-06-05,,,,,TESLA,US,,,,Public,,public,,,GAS_STATION,,,,,,,$0.60 per kWh,,,,,,,,,,false,,,,,,,,LD,false,
